$MeshFormat
4.1 0 8
$EndMeshFormat
$Entities
2 4 2 1
2 1.1 -2.694222958124177e-16 -7.347880794884119e-17 0 
3 1.2 -2.939152317953648e-16 -9.797174393178826e-17 0 
3 -1.1000001 -1.1000001 -1.000000000734788e-07 1.1000001 1.1000001 9.999999992652118e-08 0 2 2 -2 
4 0.4999999 -1.000000002694223e-07 -0.3000001 1.1000001 9.999999987753531e-08 0.3000001 0 2 2 -2 
5 -1.2000001 -1.2000001 -1.000000000979717e-07 1.2000001 1.2000001 9.999999990202825e-08 0 2 3 -3 
6 0.3999999 -1.000000002939152e-07 -0.4000001 1.2000001 9.999999990202825e-08 0.4000001 0 2 3 -3 
2 -1.190631520321634 -1.190631520321634 -0.3000001 1.190631520321634 1.190631520321634 0.3000001 0 4 -3 4 3 -4 
3 -1.298870740350873 -1.298870740350873 -0.4000001 1.298870740350873 1.298870740350873 0.4000001 0 4 -5 6 5 -6 
1 -1.298870740350873 -1.298870740350873 -0.4000001 1.298870740350873 1.298870740350873 0.4000001 0 2 3 -2 
$EndEntities
$Nodes
9 2159 1 2159
0 2 0 1
1
1.1 -2.694222958124177e-16 -7.347880794884119e-17
0 3 0 1
2
1.2 -2.939152317953648e-16 -9.797174393178826e-17
1 3 0 61
3
4
5
6
7
8
9
10
11
12
13
14
15
16
17
18
19
20
21
22
23
24
25
26
27
28
29
30
31
32
33
34
35
36
37
38
39
40
41
42
43
44
45
46
47
48
49
50
51
52
53
54
55
56
57
58
59
60
61
62
63
1.094356255731085 0.1112851541861752 -7.347880794884119e-17
1.077482935377744 0.2214283720975258 -7.347880794884119e-17
1.049553182040054 0.3292994352706933 -7.347880794884119e-17
1.010853592782254 0.4337914406246499 -7.347880794884119e-17
0.9617812777590409 0.5338321587841884 -7.347880794884119e-17
0.9028397853280046 0.6283950366042707 -7.347880794884119e-17
0.8346339349620707 0.7165097309944437 -7.347880794884119e-17
0.7578636109832564 0.797272065952031 -7.347880794884119e-17
0.6733165808024304 0.8698533106314676 -7.347880794884119e-17
0.5818604113596602 0.9335086832442252 -7.347880794884119e-17
0.4844335667133993 0.9875849935278153 -7.347880794884119e-17
0.3820357781293042 1.031527345361788 -7.347880794884119e-17
0.2757177854845945 1.064884830752824 -7.347880794884119e-17
0.1665705552550363 1.087315156760922 -7.347880794884119e-17
0.05571408572258599 1.098588157888158 -7.347880794884119e-17
-0.05571408572258196 1.098588157888158 -7.347880794884119e-17
-0.1665705552550321 1.087315156760923 -7.347880794884119e-17
-0.2757177854845904 1.064884830752825 -7.347880794884119e-17
-0.3820357781293 1.031527345361789 -7.347880794884119e-17
-0.4844335667133953 0.9875849935278171 -7.347880794884119e-17
-0.5818604113596558 0.9335086832442279 -7.347880794884119e-17
-0.6733165808024261 0.8698533106314709 -7.347880794884119e-17
-0.7578636109832521 0.797272065952035 -7.347880794884119e-17
-0.8346339349620668 0.7165097309944483 -7.347880794884119e-17
-0.9028397853280011 0.6283950366042756 -7.347880794884119e-17
-0.9617812777590375 0.5338321587841943 -7.347880794884119e-17
-1.010853592782252 0.433791440624656 -7.347880794884119e-17
-1.049553182040052 0.3292994352706999 -7.347880794884119e-17
-1.077482935377743 0.2214283720975329 -7.347880794884119e-17
-1.094356255731084 0.1112851541861828 -7.347880794884119e-17
-1.1 7.950681241267312e-15 -7.347880794884119e-17
-1.094356255731086 -0.111285154186167 -7.347880794884119e-17
-1.077482935377746 -0.2214283720975188 -7.347880794884119e-17
-1.049553182040056 -0.3292994352706861 -7.347880794884119e-17
-1.010853592782257 -0.4337914406246431 -7.347880794884119e-17
-0.961781277759044 -0.5338321587841826 -7.347880794884119e-17
-0.9028397853280081 -0.6283950366042658 -7.347880794884119e-17
-0.8346339349620751 -0.7165097309944387 -7.347880794884119e-17
-0.7578636109832608 -0.7972720659520268 -7.347880794884119e-17
-0.6733165808024353 -0.8698533106314639 -7.347880794884119e-17
-0.5818604113596656 -0.9335086832442218 -7.347880794884119e-17
-0.4844335667134047 -0.9875849935278125 -7.347880794884119e-17
-0.3820357781293091 -1.031527345361786 -7.347880794884119e-17
-0.2757177854845991 -1.064884830752823 -7.347880794884119e-17
-0.1665705552550406 -1.087315156760922 -7.347880794884119e-17
-0.05571408572258979 -1.098588157888158 -7.347880794884119e-17
0.05571408572257865 -1.098588157888158 -7.347880794884119e-17
0.1665705552550286 -1.087315156760923 -7.347880794884119e-17
0.2757177854845874 -1.064884830752826 -7.347880794884119e-17
0.3820357781292977 -1.03152734536179 -7.347880794884119e-17
0.4844335667133938 -0.9875849935278179 -7.347880794884119e-17
0.5818604113596545 -0.9335086832442288 -7.347880794884119e-17
0.6733165808024256 -0.8698533106314713 -7.347880794884119e-17
0.7578636109832531 -0.7972720659520341 -7.347880794884119e-17
0.8346339349620684 -0.7165097309944465 -7.347880794884119e-17
0.9028397853280022 -0.628395036604274 -7.347880794884119e-17
0.9617812777590391 -0.5338321587841914 -7.347880794884119e-17
1.010853592782253 -0.4337914406246525 -7.347880794884119e-17
1.049553182040053 -0.3292994352706963 -7.347880794884119e-17
1.077482935377744 -0.2214283720975273 -7.347880794884119e-17
1.094356255731085 -0.1112851541861761 -7.347880794884119e-17
1 4 0 16
64
65
66
67
68
69
70
71
72
73
74
75
76
77
78
79
1.079741668821307 -2.64460435725607e-16 0.1083724998561458
1.021702675166198 -2.502449821645145e-16 0.202108693093967
0.9337215067329617 -2.286958109031131e-16 0.2685489874065186
0.8276805078389909 -2.027232569283352e-16 0.2987202528885103
0.7179011029783755 -1.758350575733644e-16 0.2885476929518458
0.6192096090862237 -1.516626131537455e-16 0.2394051681840723
0.5449348592811163 -1.334705462324865e-16 0.1579296488632075
0.5051080700948298 -1.237157962530261e-16 0.05512485534497229
0.5051080700948293 -1.237157962530259e-16 -0.05512485534496986
0.5449348592811154 -1.334705462324862e-16 -0.157929648863206
0.6192096090862225 -1.516626131537452e-16 -0.2394051681840713
0.7179011029783746 -1.758350575733642e-16 -0.2885476929518455
0.8276805078389903 -2.02723256928335e-16 -0.2987202528885104
0.9337215067329612 -2.286958109031129e-16 -0.2685489874065189
1.021702675166198 -2.502449821645144e-16 -0.2021086930939673
1.079741668821307 -2.64460435725607e-16 -0.1083724998561459
1 5 0 66
80
81
82
83
84
85
86
87
88
89
90
91
92
93
94
95
96
97
98
99
100
101
102
103
104
105
106
107
108
109
110
111
112
113
114
115
116
117
118
119
120
121
122
123
124
125
126
127
128
129
130
131
132
133
134
135
136
137
138
139
140
141
142
143
144
145
1.194727178426278 0.1123697874412208 -9.797174393178826e-17
1.178955051450692 0.2237520651500172 -9.797174393178826e-17
1.152822225092208 0.3331680016650004 -9.797174393178826e-17
1.116558355568504 0.439656045801895 -9.797174393178826e-17
1.070482131068864 0.5422803767999204 -9.797174393178826e-17
1.014998471110917 0.640139128348284 -9.797174393178826e-17
0.9505949680933558 0.7323723142197502 -9.797174393178826e-17
0.8778376023164034 0.8181693858605247 -9.797174393178826e-17
0.7973657681265869 0.896776355520092 -9.797174393178826e-17
0.7098866548962278 0.9675024223226752 -9.797174393178826e-17
0.6161690322178116 1.029726043050173 -9.797174393178826e-17
0.5170364939291658 1.082900394286306 -9.797174393178826e-17
0.4133602203412011 1.126558177920463 -9.797174393178826e-17
0.3060513222740137 1.1603157277803 -9.797174393178826e-17
0.1960528341822384 1.183876381303856 -9.797174393178826e-17
0.084331426734354 1.197033086620812 -9.797174393178826e-17
-0.02813108832391041 1.199670222131779 -9.797174393178826e-17
-0.1403463863664966 1.191764612595066 -9.797174393178826e-17
-0.2513283153193711 1.173385732791535 -9.797174393178826e-17
-0.3601015620004064 1.144695096977736 -9.797174393178826e-17
-0.4657102232066974 1.105944839492806 -9.797174393178826e-17
-0.5672262062262762 1.057475498992836 -9.797174393178826e-17
-0.6637573849502367 0.9997130257849118 -9.797174393178826e-17
-0.7544554399090592 0.9331650385605048 -9.797174393178826e-17
-0.8385233133346075 0.8584163634241557 -9.797174393178826e-17
-0.9152222137324559 0.7761238944206416 -9.797174393178826e-17
-0.9838781084081073 0.6870108207264899 -9.797174393178826e-17
-1.043887646890546 0.5918602712374932 -9.797174393178826e-17
-1.094723463197874 0.4915084324038125 -9.797174393178826e-17
-1.135938810348519 0.3868371997933897 -9.797174393178826e-17
-1.167171486389774 0.2787664279619854 -9.797174393178826e-17
-1.18814701744158 0.1682458467382688 -9.797174393178826e-17
-1.198681069782854 0.05624671496393371 -9.797174393178826e-17
-1.198681069782854 -0.05624671496392276 -9.797174393178826e-17
-1.188147017441582 -0.1682458467382574 -9.797174393178826e-17
-1.167171486389777 -0.2787664279619748 -9.797174393178826e-17
-1.135938810348523 -0.3868371997933804 -9.797174393178826e-17
-1.094723463197878 -0.4915084324038034 -9.797174393178826e-17
-1.043887646890551 -0.5918602712374851 -9.797174393178826e-17
-0.9838781084081121 -0.6870108207264831 -9.797174393178826e-17
-0.9152222137324613 -0.7761238944206352 -9.797174393178826e-17
-0.8385233133346129 -0.8584163634241503 -9.797174393178826e-17
-0.7544554399090653 -0.9331650385604998 -9.797174393178826e-17
-0.6637573849502427 -0.9997130257849078 -9.797174393178826e-17
-0.5672262062262816 -1.057475498992833 -9.797174393178826e-17
-0.4657102232067028 -1.105944839492804 -9.797174393178826e-17
-0.3601015620004118 -1.144695096977734 -9.797174393178826e-17
-0.251328315319376 -1.173385732791534 -9.797174393178826e-17
-0.1403463863665025 -1.191764612595065 -9.797174393178826e-17
-0.02813108832391576 -1.199670222131779 -9.797174393178826e-17
0.08433142673434865 -1.197033086620813 -9.797174393178826e-17
0.1960528341822337 -1.183876381303856 -9.797174393178826e-17
0.3060513222740084 -1.160315727780302 -9.797174393178826e-17
0.4133602203411966 -1.126558177920465 -9.797174393178826e-17
0.517036493929163 -1.082900394286307 -9.797174393178826e-17
0.6161690322178092 -1.029726043050174 -9.797174393178826e-17
0.709886654896226 -0.9675024223226766 -9.797174393178826e-17
0.7973657681265856 -0.8967763555200932 -9.797174393178826e-17
0.8778376023164018 -0.8181693858605266 -9.797174393178826e-17
0.9505949680933545 -0.7323723142197517 -9.797174393178826e-17
1.014998471110916 -0.6401391283482853 -9.797174393178826e-17
1.070482131068864 -0.5422803767999214 -9.797174393178826e-17
1.116558355568504 -0.4396560458018959 -9.797174393178826e-17
1.152822225092208 -0.3331680016650008 -9.797174393178826e-17
1.178955051450691 -0.2237520651500183 -9.797174393178826e-17
1.194727178426278 -0.1123697874412205 -9.797174393178826e-17
1 6 0 22
146
147
148
149
150
151
152
153
154
155
156
157
158
159
160
161
162
163
164
165
166
167
1.18516691493912 -2.902821737671073e-16 0.1079187084628095
1.141767761818596 -2.796524469761561e-16 0.207833580014173
1.073021257287462 -2.628144096308318e-16 0.2923343857112493
0.9840260150924616 -2.410168619321416e-16 0.3551540873609498
0.8813824052210547 -2.15876428275752e-16 0.3916336350729289
0.7727030346541331 -1.892576596161261e-16 0.3990675076762158
0.6660481551316074 -1.631347482519846e-16 0.3769043688475289
0.5693278711540551 -1.394451110148381e-16 0.3267879572041782
0.4897154837182336 -1.199456999256865e-16 0.252435177730423
0.4331154793978196 -1.060826971011422e-16 0.1593604359384985
0.403725621585468 -9.888425804168379e-17 0.05446665963850042
0.4037256215854674 -9.888425804168366e-17 -0.05446665963849681
0.4331154793978181 -1.060826971011419e-16 -0.159360435938495
0.4897154837182312 -1.199456999256859e-16 -0.2524351777304201
0.5693278711540523 -1.394451110148374e-16 -0.3267879572041762
0.6660481551316044 -1.631347482519838e-16 -0.3769043688475278
0.7727030346541305 -1.892576596161254e-16 -0.3990675076762156
0.8813824052210524 -2.158764282757514e-16 -0.3916336350729294
0.9840260150924603 -2.410168619321413e-16 -0.3551540873609504
1.073021257287461 -2.628144096308316e-16 -0.2923343857112501
1.141767761818595 -2.79652446976156e-16 -0.2078335800141741
1.18516691493912 -2.902821737671073e-16 -0.1079187084628098
2 2 0 847
168
169
170
171
172
173
174
175
176
177
178
179
180
181
182
183
184
185
186
187
188
189
190
191
192
193
194
195
196
197
198
199
200
201
202
203
204
205
206
207
208
209
210
211
212
213
214
215
216
217
218
219
220
221
222
223
224
225
226
227
228
229
230
231
232
233
234
235
236
237
238
239
240
241
242
243
244
245
246
247
248
249
250
251
252
253
254
255
256
257
258
259
260
261
262
263
264
265
266
267
268
269
270
271
272
273
274
275
276
277
278
279
280
281
282
283
284
285
286
287
288
289
290
291
292
293
294
295
296
297
298
299
300
301
302
303
304
305
306
307
308
309
310
311
312
313
314
315
316
317
318
319
320
321
322
323
324
325
326
327
328
329
330
331
332
333
334
335
336
337
338
339
340
341
342
343
344
345
346
347
348
349
350
351
352
353
354
355
356
357
358
359
360
361
362
363
364
365
366
367
368
369
370
371
372
373
374
375
376
377
378
379
380
381
382
383
384
385
386
387
388
389
390
391
392
393
394
395
396
397
398
399
400
401
402
403
404
405
406
407
408
409
410
411
412
413
414
415
416
417
418
419
420
421
422
423
424
425
426
427
428
429
430
431
432
433
434
435
436
437
438
439
440
441
442
443
444
445
446
447
448
449
450
451
452
453
454
455
456
457
458
459
460
461
462
463
464
465
466
467
468
469
470
471
472
473
474
475
476
477
478
479
480
481
482
483
484
485
486
487
488
489
490
491
492
493
494
495
496
497
498
499
500
501
502
503
504
505
506
507
508
509
510
511
512
513
514
515
516
517
518
519
520
521
522
523
524
525
526
527
528
529
530
531
532
533
534
535
536
537
538
539
540
541
542
543
544
545
546
547
548
549
550
551
552
553
554
555
556
557
558
559
560
561
562
563
564
565
566
567
568
569
570
571
572
573
574
575
576
577
578
579
580
581
582
583
584
585
586
587
588
589
590
591
592
593
594
595
596
597
598
599
600
601
602
603
604
605
606
607
608
609
610
611
612
613
614
615
616
617
618
619
620
621
622
623
624
625
626
627
628
629
630
631
632
633
634
635
636
637
638
639
640
641
642
643
644
645
646
647
648
649
650
651
652
653
654
655
656
657
658
659
660
661
662
663
664
665
666
667
668
669
670
671
672
673
674
675
676
677
678
679
680
681
682
683
684
685
686
687
688
689
690
691
692
693
694
695
696
697
698
699
700
701
702
703
704
705
706
707
708
709
710
711
712
713
714
715
716
717
718
719
720
721
722
723
724
725
726
727
728
729
730
731
732
733
734
735
736
737
738
739
740
741
742
743
744
745
746
747
748
749
750
751
752
753
754
755
756
757
758
759
760
761
762
763
764
765
766
767
768
769
770
771
772
773
774
775
776
777
778
779
780
781
782
783
784
785
786
787
788
789
790
791
792
793
794
795
796
797
798
799
800
801
802
803
804
805
806
807
808
809
810
811
812
813
814
815
816
817
818
819
820
821
822
823
824
825
826
827
828
829
830
831
832
833
834
835
836
837
838
839
840
841
842
843
844
845
846
847
848
849
850
851
852
853
854
855
856
857
858
859
860
861
862
863
864
865
866
867
868
869
870
871
872
873
874
875
876
877
878
879
880
881
882
883
884
885
886
887
888
889
890
891
892
893
894
895
896
897
898
899
900
901
902
903
904
905
906
907
908
909
910
911
912
913
914
915
916
917
918
919
920
921
922
923
924
925
926
927
928
929
930
931
932
933
934
935
936
937
938
939
940
941
942
943
944
945
946
947
948
949
950
951
952
953
954
955
956
957
958
959
960
961
962
963
964
965
966
967
968
969
970
971
972
973
974
975
976
977
978
979
980
981
982
983
984
985
986
987
988
989
990
991
992
993
994
995
996
997
998
999
1000
1001
1002
1003
1004
1005
1006
1007
1008
1009
1010
1011
1012
1013
1014
0.6649604421686376 -0.09513781358725046 0.2711959908427969
0.6681941958468171 0.1098047475002379 0.2736958335094931
0.6741948764955568 -0.07505107993179809 -0.2742326570272513
0.6786540086161486 0.09797929561304343 -0.2773685193581026
0.5127505007784561 -0.08462498412465058 0.1068857359532001
0.5127541957780128 0.09456837826681624 0.1112796173980467
0.7102260358187219 0.816892715352499 0.1010564875438517
0.7067710636770651 -0.8204153705652595 0.09992372705968683
0.6989481759707235 -0.8303035232001409 -0.09267730242597257
0.7122697421755536 0.8186646889472323 -0.09323211434407828
-1.081530932957877 -0.05740486066120846 0.09940232631819652
-0.1097079051506409 1.078845899821498 0.09545233418628012
-0.5262661337938733 -0.9481499124263036 0.09545233418881041
-0.7859722963989745 0.7471223790720032 0.09545233418258856
0.001285817797619586 -1.085771616891753 -0.09129155398042046
-5.014949090706236e-15 -1.08440965507242 0.09545233418616504
-0.9270572076580843 -0.5639866557098315 -0.0932659919365187
-0.9202780265490763 -0.5736136799843791 0.095452334186165
-1.082596500572805 -0.04657578166064555 -0.09783767579417864
-0.5262661337942007 -0.9481499124268914 -0.09545233418680572
0.9735879110783218 -0.4775676699865082 0.09545233418629057
0.9732702904697002 -0.4771102345400766 -0.09689007708835579
0.9735879110782854 0.4775676699864875 -0.09545233418641492
0.9660935844016567 0.4851542012135534 0.1048803959027603
0.3319269209588144 1.033495696435943 -0.09217039780808498
-1.016907466164998 0.3766211694422815 0.09545233418629624
0.4276432968191854 -0.9965267235251254 0.09545233418641318
0.4228526283293728 0.995112203326471 0.104456507592021
0.4276432968183645 -0.9965267235232101 -0.09545233419262121
-0.4276432968191875 0.9965267235251244 0.09545233418641283
0.01381549738850281 1.084181440190983 -0.09586904485581892
-0.3204599269361227 1.038212143146513 -0.08883823199032231
-0.623557226924223 0.8885666266681269 -0.09204842500032671
-0.8596745650270787 0.6636433105365244 -0.09047876570997979
-1.021971229662294 0.3598607392293848 -0.09818414772284335
0.8575248441322108 -0.6637736374022501 0.09545233418629963
0.8575631758694436 0.6603886509449078 0.1013233065708038
1.049792174553159 0.2718100260496959 0.09545233418629981
1.049792174553158 -0.2718100260496982 0.09545233418629999
1.049814507816058 -0.2731348928872004 -0.09438963214366457
1.050570106768834 0.2750800293875426 -0.09061870574907689
0.8544002923859753 -0.6678351832646084 -0.09537070212528616
0.5238245609429292 0.9528698989889495 -0.08616175721924092
0.8575248441322116 0.6637736374022463 -0.09545233418630455
0.2167250353622857 -1.06165976182663 0.09796237370613582
-0.21829005873593 -1.062211725726679 0.09545233418630031
0.1096526092120424 1.076971021289672 0.1008554449641822
-0.7063546093124466 -0.822804634112647 0.09545233418629977
-0.6194887680847517 0.8900438001755997 0.0954523341862995
0.2209188546141393 -1.060600736015255 -0.09851116606774582
-1.016907466165002 -0.3766211694422676 0.09545233418629982
-0.9202780265490313 0.5736136799843661 0.09545233418629925
-1.071904594634614 0.1642097439721212 0.09545233418629952
-0.3236983915842577 -1.035950737163138 -0.09261759091433805
-0.7055539902057737 -0.8251434582329782 -0.0916274808922502
-1.016455373570109 -0.3691911146745463 -0.1039184249036801
-1.070901431065244 0.1699256899505491 -0.0957810084295973
0.5127725339820387 -0.09481727704650912 -0.1114377975391408
0.5127541957780101 0.09456837826682755 -0.1112796173980448
0.8877499434600394 0.09882125903317983 0.2851448137448904
0.8767754043063025 -0.09499245792569012 0.2886024293546529
0.8817022462636507 0.09540892652339726 -0.2871536101410763
0.8880308578808401 -0.08968679728881213 -0.2853678435274997
1.049089068243067 -0.1089122070483639 0.1584739317255262
1.051932658091326 0.0954684345827498 0.1559900977350278
1.05315418774825 -0.07995093435313762 -0.1561071880712702
1.048473660493932 0.1047526713380791 -0.1601236168553617
0.4915835139329785 -0.09154765477539183 -0.00460353809548088
0.4730305727298013 -0.1833773346647274 -0.06591738932458961
0.5143080873200301 -0.1924289839962126 -0.1645093119219242
0.4502438465165838 -0.273535774095013 -0.1239908848819112
0.4214451623138368 -0.2704540542188568 -0.02135242284309365
0.3770470756736946 -0.3475091647565134 -0.08657707982970983
0.3537310038959235 -0.3543310438149552 0.02012303707122236
0.2933217571880079 -0.4101091177486892 -0.05007927955078997
0.2764325394000143 -0.4238773760083169 0.05994677674016421
0.2013934826458269 -0.457945726898222 -0.01280837443289705
0.1887291714293079 -0.4803866041979226 0.09704493860143229
0.1029693901680861 -0.4907608689992728 0.0294279831541709
0.09484761373980666 -0.5228927427063343 0.1336699334283768
0.002197450933415462 -0.5094948655192807 0.07489672955290061
0.01455940255048123 -0.5020675874893985 -0.03690522455026674
-0.08497625729022236 -0.4929066412301839 0.01032967238464195
-0.09937945796175858 -0.5152210378752095 0.1192469217659851
-0.1823540357613792 -0.4725381673052106 0.06212507887377335
-0.2000295378609705 -0.5112331803539246 0.1642722304549746
-0.2759805418026015 -0.4446325115992682 0.1159651550011584
0.3632078451452588 -0.3820030776488082 0.1246264040943688
0.3340069152312309 -0.4259499638605872 -0.151883898635625
-0.2661025291383767 -0.4234170020329323 0.007449461936148826
-0.3457932147128743 -0.3720962877856405 0.06867056883473711
-0.3479598196302406 -0.3632023049217222 -0.04220109560028809
-0.4059251037502161 -0.2931793241654301 0.02089817702956124
-0.2875280665358549 -0.4307611603549392 -0.1020954845715209
-0.4211625607279908 -0.2942507797829801 -0.0898520788212708
-0.4573516517407166 -0.2062404546662746 -0.03191795846934711
-0.4867172850920296 -0.2177650951132287 -0.1372017522483174
-0.4993318789451499 -0.1193207589437805 -0.08862829148940458
-0.3845158975806823 -0.4093227273098893 0.182117319295153
-0.4625642604165913 -0.2169578567002349 0.080194431354042
-0.4702260707691927 -0.3328273873337137 -0.1996672455784433
-0.5477187427253989 -0.136707843251653 -0.1858763415502835
-0.5361786213112878 -0.03330125847440454 -0.1447147094210194
-0.5023796883681481 -0.01847933717663384 -0.04030222984263505
-0.515091605620857 0.06931680683408259 -0.1070110942463419
-0.4929478769603425 0.08368151869152954 0.0003515424156433202
-0.4797774341966675 0.1686296089324193 -0.07110875871678171
-0.4665414366351667 0.1864479806412614 0.0380118777080543
-0.4288982317866725 0.2610856370848234 -0.03555960046859464
-0.4234067807554184 0.2827724521024551 0.07352676804681509
-0.3627956667592332 0.3440753524714673 0.002264129366185007
-0.3655349934135635 0.3708339652789295 0.1095184174782131
-0.2867440768774338 0.4136853589328005 0.04468474166146445
-0.2966325777688029 0.4496527910884791 0.1473533521069041
-0.2038437847695327 0.4720896891660647 0.09126390072633166
-0.2071110922997048 0.455749179567404 -0.01899504605497796
-0.113704804338994 0.4886172851714684 0.03163705000443057
-0.114975253226493 0.5204726251040467 0.1368285468098172
-0.01811233252758672 0.5111715912178144 0.08223959976231109
-0.02331641293550944 0.5606957230081068 0.1815631001048809
-0.0316272548344033 0.5000109588448419 -0.02459903354763412
0.0744307943702186 0.5309666112393181 0.1427845950636645
-0.3927770449130598 0.3396316608775828 -0.1057402981408633
0.07068133749358586 0.599148255934691 0.226517729539627
0.1667150841684948 0.5507208723223128 0.1988861829407978
0.1724837713548142 0.4907219811461615 0.1080991473201151
0.2589588620722053 0.4933885750170273 0.1762297782917519
0.2619690162938733 0.5766421464895801 0.2494611354168423
0.3502937398106418 0.5099945280675904 0.2390258711388115
-0.1289872956975295 -0.5718106002623058 0.2104288759785441
-0.1139875304994403 0.5911038428453596 0.2253745062594944
-0.5082034876198546 0.1110766446931258 0.1082237123445742
0.1889852641000318 -0.5363238338772073 0.1909855861295603
0.5127010379938193 -0.2905814004888999 -0.2135757387960526
-0.4600675023722214 0.3284835684237729 0.1868574070328758
-0.529485048595929 0.1597595134192343 -0.1703572678015033
0.2744572947084704 0.4335844917906054 0.08784497517346045
-0.2262184158704499 -0.5827427386522759 0.2437496012735785
-0.6055332065269435 -0.05241203120410128 -0.2303434373577925
0.3617029772579204 0.6089507721107276 0.2856327808131924
0.273246253973868 0.6734229456483639 0.2909193639339646
0.4469678967996703 0.5381000010892124 0.2826734837470964
-0.6272413563355415 -0.1588632573798546 -0.258079921463023
-0.1612456845718661 -0.6597213650147195 0.2745780283319106
-0.2625144447900176 -0.68147479074406 0.291788190133384
-0.6991421548799509 -0.07789805089930162 -0.2840451719466773
0.4340639144326684 0.4377687015580674 0.2373225558450573
0.5304035903841583 0.4651950982176387 0.2847284887659491
-0.7287033609673368 -0.184583920917558 -0.296089242499494
0.458343938946746 0.6421448359442833 0.2997961242468112
-0.1877910265031333 -0.7632345194555625 0.299673048331186
-0.0741729117557758 -0.7323320974536653 0.2931110257498626
-0.2962247309143158 -0.7835910731387344 0.2976200346559185
-0.3700070065891267 -0.7002005467177691 0.2998919965182318
-0.8080488165823735 -0.1038358818440519 -0.2996399739988324
-0.7756942445449554 0.003377118889446711 -0.2990143601240531
-0.8829664617881721 -0.02268290416372023 -0.2882154469737217
-0.8520998287017064 0.08254358323041919 -0.2947101583879636
-0.1130166859148947 -0.8476607042099312 0.2948850501681484
-0.004171204838932029 -0.8233198961223609 0.2990914400724781
-0.9113452398918909 -0.1311292975310585 -0.2746344767968658
0.5146294084158527 0.3623380127356418 0.2467637759053585
0.6121542401835178 0.3907747108395319 0.2907933939433766
0.6347996840822372 0.4987525406311537 0.2999112990941832
0.7190872999367522 0.4284168334477036 0.2977052427611518
0.1940124055569065 0.4608307088413601 0.00185832712944547
0.2890116797732289 0.4091508299580471 -0.02361999052503688
0.2326304905215453 0.4628787180436143 -0.1024842791848471
0.3286261742722065 0.4151250304476144 -0.1296383277548434
0.2885313281846601 0.4924515462093106 -0.193509067095077
0.3877925466787961 0.4484382854761381 -0.2170068286298706
0.3598878348650138 0.5438226603172821 -0.2610209264035546
0.2568747501984031 0.582783879416029 -0.2517802371705209
0.4615258463825596 0.5020869440092196 -0.2758104390425911
0.3354891262433128 0.6476589905784587 -0.2915728824554168
0.2301376231483663 0.6825324187083026 -0.289215990534779
0.4836264660930524 0.4005154392050696 -0.2457538487923163
0.5624504112043153 0.4588161316453366 -0.290692682539866
0.5471694184805957 0.5681968542006771 -0.2997917261970662
0.6527417750155206 0.5302266732701842 -0.2971907719813746
0.664591146566627 0.4167509141590467 -0.2995967550201986
0.3127181591186009 0.7560490553189811 -0.2994492213577211
0.2071950926995062 0.7907244034740498 -0.2994938324880215
0.1245284363720925 0.7169697466722488 -0.2911585002008043
0.1016458221151845 0.8254842501341693 -0.2983184863941416
0.0189132969353873 0.7512814374149316 -0.2960568155461578
-0.002777926520769374 0.8605154018131728 -0.2938321688285593
-0.08666796050931076 0.7860017006677968 -0.2998578383592356
-0.1094232659747998 0.8935339045350822 -0.282768723866979
-0.192334681885279 0.8207045171640791 -0.2969109651268254
-0.1693473771746249 0.7119451063509454 -0.2921471948030908
-0.2749254491859356 0.746201227002473 -0.2999621712362554
-0.2531005726797489 0.6406747621107995 -0.2786525563203012
-0.3573647003007135 0.6714808889155696 -0.2974087680767916
-0.3806257129683726 0.7802055076045854 -0.292168567411472
-0.4632767496030493 0.7057653362966652 -0.2967210897816102
-0.4409602696476435 0.5977640097231527 -0.294498534184092
-0.5458800700541988 0.6311192797420033 -0.2980161385399308
-0.5237854098021103 0.5243848841270068 -0.2941748595750563
-0.6285487953321854 0.556509635538207 -0.2973869236776371
-0.6052074100682369 0.4476248202932864 -0.2962569065437838
-0.7111517905115043 0.4818859023859564 -0.2941329596558589
-0.6884455402218562 0.3740244812650951 -0.2995451792440346
-0.7931142462969639 0.4069491141957334 -0.285729846906686
0.3748555333816711 0.3393607169374909 -0.05795115456423031
-0.6487956278629375 0.6646789424008347 -0.2709273429704659
0.7542692510259967 0.4856411753628041 -0.2838549658298509
0.7682775019334557 0.374601007307701 -0.2949640715143436
-0.07829506594721002 -0.5110587095701067 -0.09961480118411986
0.02353211879166393 -0.5358528413600522 -0.1431742124532167
-0.07193461392449353 -0.5675779659012578 -0.1951151597702185
0.02671263313394519 -0.6058319265207677 -0.2291876915842045
-0.0668049769725557 -0.6558370394872369 -0.2649226427296539
0.03158575466422235 -0.7034596425409498 -0.2842820843667878
-0.06243376414352889 -0.7604489261213652 -0.29771053012579
-0.1604775049302912 -0.708392646932298 -0.2908170331751636
0.1259460507377358 -0.6463237874740858 -0.2645227602066159
0.1304817665085823 -0.7510831123711579 -0.2976259124802085
0.2229845953646004 -0.6898643888586402 -0.2904755324037619
0.2300315653547078 -0.8005254995116652 -0.2981883276336591
0.3236902815235877 -0.7401976934490304 -0.2998965251473128
-0.1568070884503614 -0.8193360105977817 -0.2980435149759935
-0.2548037787434954 -0.7666897269708749 -0.2998953825820037
0.1375648251641059 -0.8618402670561155 -0.2910453981499252
-0.2552844787509965 -0.6571216438959668 -0.2845501764230035
-0.3528021927723344 -0.7139814292994664 -0.2999782929204699
-0.3488847512563986 -0.8241301354717997 -0.2845823108425673
-0.4469837337405676 -0.7715482878220368 -0.2856501562203893
-0.4484574303168879 -0.6728946038038374 -0.2998755124899749
-0.6518963713453104 -0.2643142755320952 -0.2840362466370623
-0.7607013305329542 -0.2921147828752842 -0.2996317187579376
-0.6803536011471744 -0.3709444619337129 -0.2989487246735967
-0.7876841439002739 -0.3986936385890604 -0.2883363770695174
-0.7107938117486026 -0.4812215426380376 -0.2942664470867188
-0.5465124597912246 -0.7236356863555066 -0.2803377541105188
-0.1496642840047032 0.6130330957613888 -0.2478948307195326
0.1811409077263595 0.8980531826078156 -0.2766073410647462
0.6301843432962957 0.6443607395196254 -0.282381442206188
0.0947723396499386 -0.5916624514429843 0.2228928910914681
0.1958664125903382 -0.6221702845922602 0.2611065079084163
0.2842884846936566 -0.5571843181249547 0.2440419243546978
0.297164170632285 -0.6576316118832031 0.2895894588955015
0.3843144627913768 -0.5898161779928202 0.2842168006286111
0.4006875234536856 -0.6963868730462442 0.2999803527235233
0.4864502517827115 -0.6258806131019156 0.2999109720072964
0.3045777832111776 -0.7658752680985872 0.2990210185710145
0.503844960693801 -0.7367693614938219 0.2853594287944958
0.5904256703523942 -0.6653786421652396 0.2863172629863274
0.572229090550962 -0.5553919145829799 0.2999890544212196
0.6751815405721069 -0.5933364776979558 0.2832492027400034
0.6579469328360494 -0.4849346196937392 0.2994980623836626
0.7593335017572693 -0.5228506683390214 0.2741028620511295
0.7432607763130742 -0.4142112895315059 0.2956528027611168
0.6393106770672906 -0.3758150714941755 0.2942587691106445
-0.4053932923679069 -0.803229304835657 0.2829366626722229
-0.4773135681180747 -0.7197567033140069 0.2931717289697938
-0.3295914657768489 -0.8832577968992935 0.2638614128261136
-0.7439780190875762 0.1092684094821982 -0.296128514079931
0.4211845440969512 0.7191538404853235 -0.2981333825358299
0.3943630350719271 0.8277133448560975 -0.2763038661012245
0.4984230949332314 0.7929909752771049 -0.267085196906753
-0.4409829338706178 -0.6146531949329335 0.296826807850496
-0.5515904685156522 -0.6361063687165519 0.2970522182707418
-0.5139195894363545 -0.5306691004793928 0.2936768158563067
-0.6231053627768188 -0.5517009238665335 0.2982619059897694
-0.5868411867950556 -0.4465912004912759 0.2934058104351884
-0.6980354603135953 -0.470428537875087 0.2970795689747633
-0.6604681185227695 -0.3635403708621667 0.2964383210691147
-0.7689480309092188 -0.3835676882538199 0.2940797608594774
-0.7326639446115368 -0.2784580797516236 0.2995620363176513
-0.841112326025314 -0.2992380388817555 0.2853003975479476
-0.8078607612072209 -0.1943947519436883 0.2984023174857935
-0.6978960549107834 -0.1737081917573283 0.2889111491909561
-0.7690022409533902 -0.08938534868735962 0.2988867869548044
-0.9112884872657745 -0.2136924691383414 0.2673981947148812
-0.6636566903952985 -0.06912532610455456 0.2690290540441395
-0.732196107204201 0.01550362402906161 0.2922753172578405
-0.8415568322397358 -0.004927198899948602 0.2971057566963099
-0.8043436519137506 0.09999692025049228 0.2998149418733176
-0.7296245771471305 -0.5706915520835163 0.2721158909960798
-0.6965017803040972 0.13218099900641 0.2858441391770773
-0.7741513806802381 0.2108727148833382 0.2999907363358633
-0.8753999138799579 0.1843960364783789 0.2846909959821552
-0.8407324514531826 0.2904115984009658 0.2863456029256958
-0.7392454279651265 0.3136366336497307 0.299984732303914
-0.8072581244296161 0.3935740457140243 0.283510653498354
-0.6957347539075323 0.4147039131202929 0.2998348032932693
-0.7643833040489624 0.4977153321645402 0.2782521349713444
-0.6570440580043688 0.5193580080149981 0.2976445107599908
0.3299603127450482 -0.8478006504836961 -0.2792052618865465
0.4215897103141407 -0.7866910913248303 -0.2853717982363912
0.414648221690705 -0.6767212633992215 -0.2999328482263227
0.5139129476276764 -0.724862325901439 -0.2866318553495494
0.5051416633310334 -0.6173932987603336 -0.2999912661224443
0.6058045814082903 -0.6625619122478912 -0.2836219449494711
0.5990571155970998 -0.552895831141477 -0.299614306557535
0.5172384737308896 -0.8275587437583769 -0.2430178870085879
0.6963998559648021 -0.6031549946310762 -0.2743895026327925
0.6909124965837199 -0.4907228548624421 -0.2962239654659097
0.8011877517754331 -0.5328838512824904 -0.25235832629114
0.7814505752293569 -0.4274898058029487 -0.2859489173636517
0.738902706536251 0.5326771376291369 0.2787529715264182
-0.05827696115066136 -0.8731369199909265 -0.2904531898134192
-0.1526215143450324 -0.9258716377600967 -0.266185503559464
0.656563274978086 0.6063686057749095 0.2849810036621031
0.04216597545276875 0.6468654752988765 -0.2587825165441382
0.7244218044938132 -0.3051324858767929 0.2996760251401759
0.8282779205568458 -0.3448068676223753 0.2838231834451853
-0.602198763227864 -0.4502270056987844 -0.2961182405174908
-0.8638275642275618 -0.3185746588723882 -0.2746481217041878
0.6948198664780165 0.3174833702827317 0.2978222148129897
0.7991084257570522 0.3507573274684152 0.2910579597210842
-0.5551610898242544 -0.3240470907642453 0.2555243376149919
-0.03870262981212335 -0.9260326537511587 0.2718664063767802
0.0693249737258632 -0.9046233651914348 0.2801640623628844
-0.1483624366360413 -0.943302807315461 0.2569170705082058
0.4330743315074388 0.3473782718491492 0.1733875984794576
0.4998837401252871 -0.5048795340704003 -0.2863334301888862
-0.7243404013861854 0.6009383495623111 0.2647107644979883
-0.6173643574661659 0.623880542775577 0.2897619145163468
-0.3987348824066631 0.4256034764293354 0.2073640189859842
-0.3345543862454343 0.5120014349073424 0.2334755766580345
-0.8203481368887715 0.1855057338483788 -0.2971767188454004
-0.439945296781824 0.5015665048855543 0.2689929169336013
-0.382590490265752 0.5927908768695896 0.2847383795444413
-0.9615502661125909 0.04470264470565507 -0.2521207545641992
-0.8763494418707695 -0.39729110678159 0.2523711669072741
-0.4851598212476429 0.8102222640224537 -0.2629761709879477
-0.4034359910963483 0.8808639459348957 -0.2479670572331583
0.2132564602518015 -0.5919899613383102 -0.246652828396889
-0.8106324589611333 0.512385337508493 -0.2544049239147007
-0.2142768884833304 0.9236628679988714 -0.260843232844708
0.6794625008566884 0.3071167691089136 -0.2950352378603456
-0.5846249951154172 0.3405771453477931 -0.2734427015193576
-0.2347084958091649 0.5467975529876727 -0.2190717819228136
-0.4195639410401217 0.4843970139141669 -0.2542984711820268
-0.5836449061466807 -0.7370216655915287 0.265261940049964
-0.5990050337402103 -0.1546628097312862 0.2389814150110779
-0.8850424372063487 -0.4221400241829776 -0.2395772856502269
-0.1297564624514429 0.9876715475058052 -0.2269842052928954
0.6826169038080716 -0.381048879428173 -0.2994455899486549
0.7734276245023582 -0.317638938490922 -0.2978184988864607
0.8688176132928678 -0.3629309455108675 -0.2644931080672495
0.5846301616688494 -0.2325993996548804 -0.2466332809901177
0.1089850292693975 -0.8008197762714381 0.2998878648427047
0.1787338286540534 -0.8896754683298037 0.2800967255585886
-0.6245825662392124 0.3276575518795798 0.2846645256052244
0.6253514407157734 -0.2769920348159816 0.2766453263946808
0.5432612481122869 -0.3432700214511389 0.2554078278475944
-0.5772391211146715 -0.0534734591507454 0.2036482093651779
0.8485873187203056 0.4391586085312842 -0.2565597944168639
0.8659759287092942 0.3308358011315101 -0.2717827136059571
-0.938250003513782 0.2665366447078495 0.2434006697022592
0.5070931838856713 0.2721271035730254 0.1989933381388873
0.4491464812676592 0.2624774131205618 0.1082687987554314
-0.8894361098495155 0.4401229330508135 -0.2302010185896519
-0.4734668048719763 0.2622898537262676 -0.1518410793211162
-0.6815441660426226 0.7009728614924347 0.241719890321053
-0.5775378209566323 0.7256975475731059 0.2715755638251672
0.6863867608511325 -0.695762890275701 0.2419649160614963
-0.5373019013791438 -0.8194089077835183 -0.2401054439269751
-0.0539157344462436 -0.9724537860448222 -0.2444224814968813
-0.1622740925150352 -1.02053044181045 -0.1885393612046265
-0.1376663746786908 0.5375921475074268 -0.1730466126537126
0.7761061928307063 0.2468547584122719 0.2996532933486244
0.8799906128009656 0.2823225746242472 0.2730968723296128
0.8949673031318706 0.3814181978552871 0.2451963379745653
-0.635692613948164 -0.5575569216110421 -0.2965200145103327
-0.7358718341902923 -0.5826618329415694 -0.2660550388743161
-0.8647092011925116 0.4702893184200392 0.2366951736356565
0.5360608989555925 -0.2430016706547553 0.2128287608022963
0.6959399082230315 -0.7001207208101323 -0.2344525610611118
0.8243392601573922 0.5524356813149495 -0.2302365457860463
0.1414769382110967 -0.9762034605448909 0.235062314281074
0.2506001555005382 -0.9581927261584456 0.2318185634962187
0.7520556128389873 0.6361312841287452 0.2361571115295443
0.8270231249221986 0.5569608098429104 0.2261828239109598
0.6746722344838002 0.7037672584059964 0.2437265678115534
-0.6545342554631831 0.2750149151047844 -0.2861703065735401
-0.9725429564939361 0.160868708659688 0.2355716881460868
-0.2573927796517353 -0.9659276062787715 -0.2239340435016364
-0.164921292723883 -0.5283496691174884 -0.1709776761052003
-0.8920866404949946 0.5328019517045335 -0.1812143091670413
-0.2750654770839571 0.6004360347822401 0.2655630555434002
-0.3288354867554125 0.6922492271348629 0.2981104621069873
-0.220292343137729 0.697383159947054 0.2920395507258037
-0.2732785604469912 0.7886233149891811 0.2979945224300527
-0.1619147746108776 0.789661645360372 0.2999381697991407
-0.2163761552129171 0.8833672449822576 0.2793095657404385
-0.1051100423674693 0.8850198310040344 0.2857889346278568
-0.0511018029108779 0.7955546827726208 0.2999868791798017
0.005269784876290586 0.8857465900494182 0.2874801448405579
-0.3845839853201384 0.7855335206975068 0.2905704843273492
0.05847325586508655 0.7897853553440514 0.2998918954739103
0.1152384292609296 0.8842002340297995 0.2856485850021523
-0.04942763872801913 0.9703095884724098 0.2460986093122574
-0.6315430910609906 -0.7650288175960425 -0.2304907371495689
-0.4344116755860506 -0.8946911539305991 0.2283403822601543
-0.3627558979644224 -0.970369570656764 0.1852669146423745
0.1327558531334555 0.4951479566677277 -0.08615046033081722
0.8629610335069406 -0.2610662175801783 -0.2822769643689569
0.9490910145019015 -0.2936238598250485 -0.2292775049817054
-0.4964157749482826 0.8983621731284553 -0.1968402185346279
-0.5258716959170854 -0.5274056059061507 -0.2948741868985526
0.8137703250210199 -0.240664753937553 0.2960353210569609
0.9086586841242894 -0.2799876894014068 0.2593339828551428
0.9179044198702904 -0.3765353034007332 0.2304018514154506
-0.440887241943031 0.3766722467184884 -0.2038338068361309
-0.8776997718657384 0.3321155271702326 -0.2661505958525913
-0.07358958374665692 -1.011234340829398 0.2103406297396411
0.7638186178474934 -0.2074462008575138 -0.2998792107657933
0.1571341235247221 0.7946313453668641 0.2998326665949561
0.2223134751496309 0.8851679561026722 0.2780432622757715
0.1703758234260871 0.9670389301831885 0.2385380914743143
0.2776445019131049 0.9609367549231965 0.22338927796011
0.3353113693793747 0.8779222762262932 0.2654474084303568
0.9368773820474217 0.3836291139884542 -0.2118851340910902
0.958091971051923 0.2730775677315166 -0.2269062051460251
-0.02746215713927732 0.6429145325951228 0.2559453011169716
0.3763824772379264 -0.4927282988180489 0.240027179785001
0.4671884805291286 0.8884064315311534 -0.2201873891577487
0.3648478456532523 0.9240257395674647 -0.2292992499341056
0.5711555586521245 0.8460336789657654 -0.2031162822193774
-0.5813681016146146 0.8280623015425504 -0.2124946772790508
0.9649821114359034 0.3019934157812446 0.2131261139510801
-0.633841334987442 0.808027699565581 0.1961770996972914
-0.5293946485743335 0.8223474684251084 0.2414757339379681
0.2265764889011944 1.028642470789799 0.1607444736874626
0.4508181536241453 -0.3359896560561431 0.1829627226089701
0.4740712998411138 -0.2367536257237952 0.1305639362531481
-0.4021623688543407 -0.5132334663818929 0.2609691330652124
0.7637098986976915 0.7159515243028785 0.1705232260044517
0.9497035315232993 0.1935462414327867 0.2477154143041803
-0.5013429173280386 -0.4295893872460121 -0.265446472557265
-0.4201446872536917 -0.5049041776622721 -0.2636429632391088
-0.3767523817509583 -0.3852779084077392 -0.1476867907124219
-0.9537417147555467 -0.3388719846398568 -0.2121091964639889
-0.4949292416700614 0.4273959061771152 0.2620363657406584
-0.4156203405273809 0.9573092036940631 -0.1750437486496293
-0.2488679087977217 1.009712542067079 -0.1800931362157987
-0.1532404676158624 1.055239893800718 -0.1381295353619379
0.3671085279230621 0.3511910917488029 0.06898482365911077
-0.5128355949451836 0.6490212708835412 0.2987660876700248
-0.816531567780263 0.6114734300418857 -0.2038425187306039
0.8794068326302685 0.2213080817794555 -0.2803358276535331
0.9688640215450139 0.1729634276103758 -0.2368059544049846
0.784143690009756 0.1645395433845279 -0.2999975165319142
0.1285830039552755 -0.499759059832233 -0.09676880179555371
-0.4218851887990817 -0.3226111709061533 0.1330101936699775
-0.4961442751953161 -0.2598004375464912 0.1800659414937514
-0.4899959058597109 -0.1114441461992206 0.03872202527198917
-0.3038416296398698 0.4095015761778426 -0.07648227035892489
-0.3590198527603438 0.4223679730153054 -0.1721914334055738
0.2420807190297504 -0.467317857378446 -0.1228289026763106
-0.5086193879301467 0.008488778631645376 0.07168411800072494
0.9466245745145453 -0.4032157155014008 -0.1938932775111288
-0.4904407539382337 0.2205039076081333 0.145652727603187
-0.5511763237000543 0.1691871570282425 0.2001845871820925
-0.5226084341899544 -0.1511107623689849 0.1564368500762588
0.1783653625990822 0.5264854177071399 -0.1743696563663457
0.06788744580331944 0.5463588767383113 -0.1666729549704013
0.5856283306331531 -0.108621663482843 -0.2196074928830976
-0.7864665610915275 0.6708778215134834 0.18806449523051
0.08119466904996125 0.494170784742307 0.02184920330946695
0.2971800691919658 -0.4669925609565219 0.1710371010676836
-0.5740889468692773 0.06250136925409704 -0.2012098036403902
-0.6292457319751874 0.1533585028969336 -0.2584450210199278
0.4242509393586739 -0.3703791777996885 -0.1841613346315219
0.6016285580733367 0.7512575449851792 -0.252198573190796
-0.1864136616657668 -0.4721463297454987 -0.06716072876539227
-0.6207893900067555 -0.8439837428284304 -0.1692385864755886
-0.01537200276710698 -0.5656128668355522 0.1875114156894382
0.007516230920612789 -0.6507997977913957 0.2602926216967956
0.1038879945215464 -0.6849388362070423 0.2801826053514116
0.9466356999180715 -0.1852220227151144 -0.2508214811156916
-0.2189779796809985 0.5347072497557567 0.2015716829959139
-0.0475569691749689 0.5872835066441072 -0.2134615745076383
0.1208226281872594 -0.5630332773073063 -0.1993923405082328
-0.9613523755711122 0.3601890516867534 -0.1965870899918054
-0.9492437327493097 0.2576172217660304 -0.2372725364389732
-1.018362593086506 0.2705723853110706 -0.1601223780203418
-1.008022566302969 0.1671778814340741 -0.202011176933254
-1.052056335311995 0.06357577281391225 -0.1596760209751436
-1.01880295953596 -0.05698380558506228 -0.2035335343379749
-1.041085144732278 -0.1386407626781075 -0.165414498625633
-0.1621988157271431 -0.6058693346273247 -0.2452384277458003
-0.2528567128900522 -0.5505693133691222 -0.2287107733387725
0.4042712911484541 -0.4625505737236393 -0.2356325746036109
0.1658208573282441 0.6384604176445932 0.265141055646656
-0.3012682662736252 -0.5024358615659195 0.2100808894295293
-0.4867557887939347 -0.4205641964802205 0.2558083970520328
0.3508246363611031 0.4271260884227102 0.1698805806335719
0.1928065160419507 -0.724470719273041 0.2957510911481731
-1.020009290189577 0.2238196996329094 0.1741516696622822
-0.2296499334013715 0.4769136815021356 -0.1293655725438391
-0.5525866517107889 -0.2402790410308131 -0.2258758388147832
0.4191903867622179 0.3583402857509002 -0.1680386148010724
0.5030843873397322 0.2954620785934103 -0.2076002686574725
0.4511304799064875 0.2652503265635385 -0.1159950486156036
0.4592656412720604 -0.4197256653283311 0.2416117150533765
0.4701034910627475 -0.5211417663973936 0.2834881727428414
0.5042957273573102 -0.3943022042500102 -0.2538642849049073
0.5550866974238445 -0.448471463799452 0.2872939551301938
0.3881818640234117 0.9483626847991353 0.198734118184931
0.4463456956474303 0.8653708928223217 0.2445984184777186
0.3965136108175855 0.7880502178518224 0.2885238562569874
0.5051296713238677 0.7772039041106339 0.271824225709328
0.5513192157257958 0.8491066145907384 0.2118730573142019
0.5269573584059598 0.1876418627540381 -0.1791553975838503
0.5930411076947235 0.2480230662004536 -0.25552569844579
0.5740794375508426 0.09486449627146687 -0.2059538054081179
0.5767522730221811 0.3507525934311375 -0.2727332705070987
-0.329271108820583 -0.4742633259458995 -0.2010762546058146
0.673036156546677 0.2177205192312618 0.2853430831351385
-0.5433840176987166 0.2663235705011826 0.2280999459120522
-0.6138380305238039 0.2167364426032189 0.2603695818698066
0.2978609529203592 -0.5214019181560487 -0.2240388138033018
0.4104066697759368 -0.567392098294073 -0.2829353477326566
0.1497674255365069 0.6064513676739057 -0.2434330571399421
0.03980756103724799 -0.9204288286867348 -0.2743882638852031
0.04228729703884041 -1.009068721542508 -0.2142875353322582
0.9889150681725125 -0.3030639601498764 0.1873446246499562
0.9798702967271814 -0.1953434930969256 0.2243623165428065
-0.6294968715605108 0.03464524700288971 0.2474927002189933
0.43951109628812 0.6025445507003819 -0.295064829765932
0.5190245153434802 0.6776811055722276 -0.2951723487289074
0.7034635755615545 0.7060427644530266 -0.2265384475790584
-0.6615409481869354 0.03559231975987586 -0.2666329408432132
-0.5154981253690637 0.4144524335614994 -0.2660872759695001
0.5743114287700097 0.09219951525143021 0.2057423174679525
0.5758327980177709 -0.08501808164233893 0.2061765304566701
0.4910017705234727 0.09443125193925481 0
-0.5726704078344305 -0.343136066286979 -0.2692044436568788
-0.5414463155629796 0.5358395811773592 0.2975536891308142
-0.338883983878038 0.5704794801465738 -0.267169351267753
-0.3602434698366016 -0.5918332986180196 -0.2802124460004487
0.5928475639114927 0.2926039362861727 0.2659201591177541
-0.6255023531232091 -0.2557950997579864 0.2730758918751255
-0.06383354949683821 0.6806308689714524 -0.2765052447729878
-0.3306604910167971 -0.5956713993396563 0.2755154386882847
-0.6528119497573804 -0.6606163696087154 -0.2709673731362377
-0.7374593775479218 -0.6983953308280343 -0.2085254873113155
-0.8323435453156094 -0.6114974993264337 -0.1891906063548649
-0.815215532235559 -0.6963065793202017 -0.1263182854733905
0.5596879531768099 0.6902535054207622 0.2866025287553683
-0.8755339622739049 -0.1074671098239205 0.2885460100209274
-0.9540311746734466 -0.0236435321696141 0.257262648623753
0.6798538769769308 -0.2735506565767128 -0.2923822961388924
0.5886286068974665 -0.4452314971605076 -0.2935335398272062
0.4088569158722745 -0.7994423801993074 0.283567258270626
0.5065951809598344 -0.8365127514695098 0.2415216245402233
0.404959362235059 -0.8926366530066032 0.2398497779806928
0.4760560960442428 -0.9290442535162842 0.1746621032512566
0.592780175895093 -0.8607802922603879 0.1729255059094688
0.6000004921381943 -0.7705637185312975 0.2425047557608739
0.7354398897417779 0.6034254406621578 -0.2590458388965797
0.07561256772054466 0.9214916982518567 -0.2729059601493183
0.1495148886571803 0.9885350543625331 -0.223805070279264
0.04565984598849069 1.010872931919258 -0.2123602178937337
0.1241133607040719 1.056899803033035 -0.1421910662183541
0.2333933347191481 1.029758059510839 -0.1566125054991336
-0.6633071599224094 -0.6565299600211039 0.2687693306111656
-0.758136050103145 -0.6637545854051634 0.2165299237033874
-0.8248473928623616 -0.5802454330127255 0.2157097571794175
-0.8326086014319106 -0.6630601416122229 0.1418024064108585
0.2371112533345812 -0.9038421399092619 -0.268196926563687
0.3296770962400316 -0.9424890817844169 -0.2249525124233435
0.234291406395159 -0.9921764282904195 -0.2045375795482351
0.3221677262617344 -1.013952516170566 -0.1426698003032979
-0.3246791606673736 0.8779076640211467 0.2673907915428632
-0.2684697286667627 0.9621081774293189 0.2246182060721734
-0.3764600233473957 0.9466835947642854 0.2052587859102155
-0.3132645037107419 1.017932417866287 0.1405385963279602
-0.4858273843618903 0.9279761395275574 0.1696013232105545
-0.2032877414485119 1.032772295881294 0.1618597441520329
0.7824697996049023 0.09445941694365956 0.2997658998843388
0.7655774320326455 -0.09224562901502223 0.2986061723823186
0.7730156857042206 -0.1011345657147642 -0.2993058275945253
-0.9346595539203806 -0.2374903912913471 -0.2509697143936664
-1.016854033508977 -0.2456276492700995 -0.1715657993662213
0.4325042276536027 0.96454464598322 -0.1546374933470731
-0.1604284443596821 0.9680857858987494 0.2390281003794082
-0.9042800191723949 0.07685492808709406 0.280062719581478
0.8369019210891177 -0.4500921619507633 0.2596592510473497
0.8471938075229227 -0.5495986819874057 0.2143902464446983
-0.509901279864391 -0.8137114804352462 0.2535987436501977
-0.61370148829686 -0.8262697177454229 0.1935081842567503
0.4250735786749482 -0.8835739629705515 -0.2396202493906544
0.5092073297085532 -0.91357534698122 -0.1718486696438864
0.6014476520546279 -0.8514105351893424 -0.1767274976845805
-0.8028322493688694 -0.4850440954703214 0.2663857823401841
0.05781412870867639 0.9674034680638702 0.2477805883349156
0.0150303656400539 1.037025549303559 0.1837586589868085
-0.9032608304744359 0.3672908634953901 0.2436117574726118
-0.9471375110557386 0.435535208489443 0.1766477257271197
-0.4346453688070706 -0.8724107364932687 -0.2438934856097121
-0.9324497171658457 -0.3126806219855096 0.2373506381128176
-0.996308687705553 -0.2303241166967693 0.2011365012978439
-0.9709757849296101 -0.1265665904123337 0.2406053617961634
-1.04397531637 -0.1637555089231585 0.1551913453434821
1.017587755305063 -0.3760199622447228 0.09416311730501217
1.017032031250801 0.3775204619129272 0.09416311730534462
1.017587755304957 -0.3760199622444487 -0.09416311730559761
0.9041588650308555 -0.5097328137011161 -0.1827072911792341
0.9188526157004853 -0.5761776307180574 -0.09500264204942725
1.017658251525959 0.3781546135886121 -0.09168336126716407
0.9140073371273526 -0.5746225400341746 0.1086608600993206
0.9210654122494663 0.5731617207305224 0.09416311730538339
0.9210654122494826 0.573161720730395 -0.09416311730554523
0.7650709827773253 -0.623955887311045 0.2343906049455424
0.767470715217961 -0.7128303790367114 0.1696218779278979
0.781445135888676 0.2690257252220201 -0.2988310923590685
0.7746513696676256 -0.7590138022782922 -0.09511869005525417
0.790287409605157 0.7436013687387997 -0.09329251151391614
0.7790611143740021 -0.6307848480232993 -0.2214276512935565
0.03838848386771398 -0.994912665252107 0.2274201077433503
0.1005273405031979 -1.048517473827222 0.1607052699708074
0.6190273166671211 0.8870646175663314 -0.1031706436638669
0.3255240900420943 -1.034847775547468 0.09416311730507262
0.7186206984326555 -0.1930616848243102 0.2947464484638047
-0.1028143354698347 -1.075023430880048 0.1078882732982796
-0.6154001169715608 -0.892159555603588 0.09719135433464635
-0.6930676890758639 -0.759191030483112 0.1950168180906178
-0.0116703542045066 1.083293627908797 0.0985347672496478
0.6195088791699065 0.890072694560088 0.09534737536530449
-0.7070913316732741 0.8223205965226159 0.09511507932245372
0.5298013951971575 0.9466893335968571 0.09411519828035513
-0.8573744815680195 0.6646689778445911 0.09416311730545142
-0.3259751460544146 -1.034613851379344 0.09442793867176223
-0.9739418424381374 -0.4768367706917625 0.09546371110760138
-0.9045923138318656 -0.5042095011525171 0.1856930823291408
-0.7871153984361314 -0.7464147418533105 0.09442793867173892
0.03972229957448919 -0.813886943225792 -0.2996319543626031
0.1082828793181432 -1.080396842957977 -0.09117490839460392
-1.082895608724354 0.05510531394610631 0.0957880162330695
-1.03798513243144 0.01641214447415789 0.1824864551625604
-1.050006351104263 -0.2655561704969708 0.09936427390224002
0.3246427997875824 1.034711411707576 0.09534737536531041
-0.8068876605102276 -0.4976407830402097 -0.2609490978551807
-0.8201185127179194 0.5707295822692017 0.2243526538782129
-0.427077317346058 -0.9972365901637338 -0.09416311730560116
-0.3639037897722519 -0.9734394465816997 -0.1810149125912667
-0.9743255329980761 -0.4770383710992755 -0.09416311730540812
-0.217084866636211 -1.062807498086395 -0.0944279386718641
-0.709534278635683 0.821740217161584 -0.09158767405247004
-0.5238250529212185 0.947700694800291 -0.1000248723284099
-0.9212552828965552 0.5726904233932516 -0.09442793867182288
-0.9649720817853095 0.4732723755685893 -0.1203929639370165
0.5478224346669075 0.5697813874875486 0.2998469290285604
0.4270704424045195 0.2600211020248363 -0.0002859444904974273
0.9791720114625148 0.09316133469537687 0.2372620874442571
0.9140547679947529 0.4950296368199936 -0.1806709869895377
-0.3025655730188905 0.8521252156524332 -0.2813049688596023
0.1379199402642669 -0.9595792844832095 -0.2475682058933851
0.8184669395869375 0.4546731397670414 0.2672609367655211
0.2883272265922003 0.8614801358072799 -0.2797118010240339
-0.2214799842402838 -0.8674978901537634 0.2844525239202842
-0.2550628604893918 -0.9558185309458057 0.2327629483769957
-0.1802201779529103 -1.016791546382826 0.1894171522011999
-0.4277303178499476 -0.9970822987648941 0.09381319206248014
-0.7828413990449327 0.2851311401909825 -0.2981627370910422
-0.1099014403611067 -1.079373896629293 -0.09381319206269555
-0.7883488705116151 0.7470166047311498 -0.0903841847877101
-0.7277337567606432 0.755859101549561 -0.1669607765152465
-0.9560239452526013 -0.4046845027166965 0.1824431861276234
-0.8359803697307557 -0.2114174665941195 -0.2934599893680294
0.9717797195364435 -0.1018073077878918 0.242149312208205
0.363915193997038 -0.9736118614842266 0.1807959826820328
-0.5646174109754424 0.73444266082947 -0.2720762978722631
-0.5620236681715252 0.250457252215446 -0.2364054051060346
0.6053338703891722 -0.7627469979701659 -0.2445543512593171
-0.2492294319200935 -0.8731711641749198 -0.2798688604502163
-0.728690455199442 0.5855395215466744 -0.2680105258299457
0.7951014844411272 0.6647133269978202 -0.1847610835118376
0.2768503093083899 0.7817750037102934 0.2985610318876946
-0.3220558362436726 0.9432273303332346 -0.2265208633075235
-0.898474940058387 -0.5148494563814544 -0.1858077700176004
0.684855367756521 0.203882041713498 -0.2875758319090318
0.6082743319931351 -0.1771819393108621 0.249591350991251
0.1338225597959662 -1.034248624845822 -0.176107816812456
0.9793251899538565 -0.08867267879320427 -0.2374649285466034
0.2587218199506441 0.9604401820705737 -0.2282561451514009
0.5871127483903011 -0.3339563035861489 -0.2729220873720866
-0.9900496658034076 0.328963531899838 0.1755533968841307
0.8948887527037863 0.48045092615661 0.2084966646869099
-0.5967321648374613 0.4290052463720653 0.2928600639900698
-0.4394081559039143 0.8636091326773865 0.2478902829506328
0.4143020736332483 -0.3029212194085995 0.08811543976562307
-0.5581650747825583 0.04392649567782805 0.1798544030589578
0.2962891725397367 -0.8642482407540564 0.2776493356253158
0.4744238375411315 0.1766413454424755 -0.06087496695803588
0.9132932508112069 -0.4794282150223808 0.1908294812099511
-1.037360723537182 0.1116908637733247 0.1754359407847914
0.5836183732650077 0.1924477794226956 0.2357980233779421
1.012689969506589 -0.2365099227421522 -0.1800782333971575
0.4737358703121226 0.1766412966081861 0.0576765131002922
-0.4565243675958457 -0.939424144799245 -0.1738706189615159
-0.5365452201158855 -0.8875884315243708 0.1837299784582901
-0.1119571168471519 0.6959980634611239 0.2845427565848971
-0.03825198753481701 0.5264632005998529 -0.1262336775888302
-0.9213554425426347 0.1625779049827671 -0.2676107787660329
-0.05770507726266847 1.041069561096666 -0.1763871874355165
-0.4712303327395079 0.7595279524918217 0.284947400640349
0.1098412663778114 1.027128668495642 0.1889918004435629
1.072564687430129 0.171104931717224 0.0901738747460808
1.073479097377742 0.1738439774341524 -0.08581459542429198
1.072564687430132 -0.1711049317177017 0.09017387474583159
1.069554441153101 -0.1703734619274191 -0.09944262005662372
-0.1257473843732842 0.4938896136691957 -0.07546344287971501
0.07959459380525355 0.6889435902844772 0.2804698322871742
1.023710439668237 0.2087584829490856 0.1734452043113486
0.9662928994443811 0.397259510338743 0.1734628189910513
0.6860119367772909 -0.7828104672976904 -0.1788378431093703
0.6642362495974831 0.7956077924358205 -0.1846552677642152
0.6111209311858445 -0.8984223178263484 -0.08876036780442566
-0.02681548139821528 0.9530109754459908 -0.2578217823403075
-0.9703918335368219 0.48486908655274 0.09432679547563476
-0.04078379950159206 -1.045929813299317 -0.1706661862977794
0.8511651518385085 -0.6052326850545866 -0.1739671745582521
0.6827762475713196 -0.7790795168751107 0.1853041891290363
-0.09447902925576566 1.033985505930263 0.1822538214259655
0.6214647488926424 -0.8928827692706617 0.08444923715561703
0.6302860167329248 0.8342265597666421 0.1723385945605478
-1.057394196990582 -0.2626143429063615 -0.07860986833998185
-0.7568613163764329 -0.7487140613883677 -0.1413408522698813
0.5269760825064305 -0.9532092876666177 -0.07984536295292508
-1.049536602763409 0.2757336521504606 0.0932094665311347
0.3113699448194653 -0.6373298989091374 -0.2859683138459027
-0.7202169570514148 0.7586533522837799 0.1716053483228006
-0.4211158202656247 1.002028048168074 -0.08761248907586884
-0.5297464478652895 0.9490657326497295 0.08767525517683418
-0.238606959354656 1.060411104943058 -0.08760307419830908
0.7888316239378637 0.7498403725727696 0.08277425317669797
-0.5494687940514064 -0.6240459546907212 -0.2983443917681177
0.6048488424275766 0.7671531450381711 0.2422818849935846
0.7891016911433923 -0.7500970905945538 0.08146501549241741
1.028175175527232 0.2199893376863806 -0.1636298124836283
0.537560428349988 -0.9436632185334108 0.09046612752741455
0.4678281116191678 -0.1881164277577801 0.05021842287431701
0.4854293834515247 0.9236431094236393 0.1753254364589341
0.9796624067055867 0.07786001354106682 -0.2379114756945982
-0.742465366012823 0.669983607095327 -0.223547368065964
-1.075019821455997 -0.168436273368501 -0.08353477438537511
0.849739339519981 0.1790299117119665 0.2920996750919242
0.5132019036534802 0.1817298575680197 0.1571082240396225
-0.6223333835040944 -0.8941307706717476 -0.07908180433528034
-0.3309859538023786 -0.9102588599852147 -0.2481632865375737
-0.9503450792292597 -0.4318354939543932 -0.1747389782503845
0.2074737590506053 -1.018225671940689 0.1811302345852018
0.02053061321166771 -0.735402049917709 0.2930256657095394
-0.9937191794481774 -0.3242627720280307 0.1727265637985387
-0.3089741169696522 0.4923223302221177 -0.2052960060706644
-0.5657499335023585 0.8777682191233028 0.1741276082162108
0.4113156421581997 -0.9550258970318114 -0.1802209456837412
-0.9837504279444693 0.07029778210601656 0.2351757001246841
0.8630297091675888 0.599050957612507 -0.1649795495776145
-1.077669283170228 -0.1650928617731213 0.07589345262570431
0.8605258026046245 -0.4529957030128181 -0.2454628182376095
0.2194768987149544 1.067986955939116 0.07564835132025892
0.1103049888273946 -1.084717502926447 0.07562546145093166
-0.2368128076996065 1.063310369516706 0.079181549315243
-1.089025939678286 0.05522914489993884 -0.07518665458636813
-1.055650713820323 0.2733269069613931 -0.07504788489515166
0.826983418700039 0.6306711240759422 0.1799694568338375
-0.9000900661387856 0.5297433044640584 0.1739662483869454
0.9684057606464369 -0.4053211134339399 0.1661216985507893
-0.7276443333577498 0.2022627045340494 -0.2966410146944894
0.3276673388141698 0.9892633371161795 -0.1771422023253328
-0.269222909391733 -1.015341089526965 0.1651845370760611
1.003316944891484 -0.3153749858320996 -0.1632149509674037
-0.4176255407289271 -0.4233460497061776 -0.2187230780302296
0.8839543046941406 -0.1867274104695338 0.2815950236418169
0.7797576540505204 -0.6956798706960766 -0.1731549126052994
-0.6473820974926048 0.7567363221166723 -0.2272347997318302
-0.6477018415479455 0.8290569880150471 -0.1626661140403543
1.003323009318844 0.3247487542948417 -0.1587258350445428
0.430349131688377 1.002832064393658 -0.07184128413576134
0.7722940556469092 0.0700179054298342 -0.2989947565923133
-0.4627411420955941 -0.9461250516740143 0.1608642943651304
0.830194534326634 -0.6333499410270634 0.1742584735581169
0.5232110579880136 -0.165574788917063 0.1639846125162544
0.678500000720489 -0.1736498778869838 -0.2829728514600821
-0.9819059180925145 -0.1574967046985743 -0.2284437131398799
0.2131089275570082 1.069751480234783 -0.07383508940979402
-0.5335767379003226 -0.8928332520499704 -0.1798362066141801
0.3642669077639978 0.6971942568381058 0.2997014544156277
-0.8076865709077329 0.6789000296580913 -0.1578527834962819
-0.07524178548637191 1.085176373602033 -0.08474477529790024
-0.4661551180087227 -0.3436513800442804 0.203023317643219
1.036382974753671 -0.1982008508410363 0.1577682025901018
-0.2465089622063113 -0.4875692972735194 -0.1601812729384336
0.2055868043554047 -0.5258927390610744 -0.186038067842868
0.3309853933116912 -0.9231150856841366 0.2395040573740263
-0.4236317767273893 0.6744508397233718 0.2999791079819873
0.8450112209157549 -0.1706717537562692 -0.2935076319124681
-0.2633119798402265 -1.022156643974897 -0.1571811520165536
0.2185664197898233 -0.8076213454007288 0.2977499148627956
-0.0001597836329546175 -1.046348370803906 0.1712088613109207
-0.01506628566266946 0.7193575492789809 0.2890021006061691
0.04359449183842022 0.5090593503478759 -0.08021381474688685
-0.5277764624376741 -0.05995565966570117 0.1331577677903621
1.086336633053904 0.08029649299486152 0.0794067111956679
1.086317289916783 0.07994010679059625 -0.07957230737361171
1.086132214309958 -0.08042394793886033 -0.08011180626586055
1.086046436689238 -0.08333747667449601 0.07962848139326648
0.1121427190763513 1.087114408164689 -0.06495707222210224
-0.7856488327953768 -0.758995003901453 -0.0671391219626143
-0.688304133539511 -0.7873911937434879 -0.1719611794218172
-0.9517222348127252 -0.05994099444000508 -0.2576908916576405
-0.1928001701255913 0.6215058365363476 0.2602241415684609
0.7374357204019159 0.74874574017166 -0.1644367513305257
-0.4570036534798569 -0.5766733933459676 -0.2930505300987176
0.611493487241009 0.162038561497488 -0.2489512324485834
-0.8641118098914246 -0.6667683108699769 0.07110041616142755
-0.8590125305022887 0.6085965415080709 0.1616016861246193
0.3256926634053727 -1.043526187695375 -0.06364608170395486
-0.6876094875293867 0.2391353332492571 0.291233312140277
-0.6122506004787349 0.1188203472953187 0.2427119470951859
0.7425412381483052 0.1673333368091836 0.2974754231796245
-0.3288669663502321 1.042679490467885 0.06298650763824819
0.1948626697536709 0.7098890357934687 0.2931261235209359
0.2838044120232715 -1.011727013563297 0.16465083103999
-0.5599648366613161 -0.2284504235203069 0.2277857864067163
0.5239526723417759 0.9109735239486714 -0.1644603157120238
0.8885444652966552 0.5591675975825362 0.1660609874599895
-0.8797802865938315 -0.6427206240705846 -0.07851791241403483
0.3899595583510503 -0.4180516687378221 0.1946201926930868
0.3286186001005323 0.9958926722799296 0.1677599438566351
-0.5675305014071417 0.8878764602897368 -0.1600142998886432
-1.02239414251825 -0.07157751163909175 0.1985484859799754
-0.878931217928851 0.2453995635664778 -0.2780886469743547
-0.07776329925176077 -0.6274810309090602 0.2487376525048917
-0.3386476329431667 0.9944871608560925 -0.164976221865014
0.5602101082881225 0.8993581073514784 0.1504175102165249
-0.4626670192697357 0.5782249403661615 0.2940492115578234
0.686097883252051 0.7727042844411572 0.1885471744798151
1.011608220682103 -0.1490276248594796 -0.2012012940620926
1.011467715370451 0.318524349132397 0.1489061557126025
-0.2950773455906954 0.4507054245879209 -0.1473986100858783
0.8134696483292568 -0.1601039269454931 0.2985877040359732
0.05332035420875924 -1.058227407362991 -0.1504110483194131
0.4532216814760275 0.7228685083313944 0.2952454089029834
-0.5144805411924591 0.3268709943770255 -0.2317837259196993
-0.8730065725374581 0.6009475096632901 -0.1499295478233085
-0.5488725637255421 0.3483573814414876 0.2598582078332254
0.9749913201353335 0.4180327512986447 -0.1482157751775146
-0.8726343129957449 -0.5953419214983728 0.1557985637373539
2 3 0 1145
1015
1016
1017
1018
1019
1020
1021
1022
1023
1024
1025
1026
1027
1028
1029
1030
1031
1032
1033
1034
1035
1036
1037
1038
1039
1040
1041
1042
1043
1044
1045
1046
1047
1048
1049
1050
1051
1052
1053
1054
1055
1056
1057
1058
1059
1060
1061
1062
1063
1064
1065
1066
1067
1068
1069
1070
1071
1072
1073
1074
1075
1076
1077
1078
1079
1080
1081
1082
1083
1084
1085
1086
1087
1088
1089
1090
1091
1092
1093
1094
1095
1096
1097
1098
1099
1100
1101
1102
1103
1104
1105
1106
1107
1108
1109
1110
1111
1112
1113
1114
1115
1116
1117
1118
1119
1120
1121
1122
1123
1124
1125
1126
1127
1128
1129
1130
1131
1132
1133
1134
1135
1136
1137
1138
1139
1140
1141
1142
1143
1144
1145
1146
1147
1148
1149
1150
1151
1152
1153
1154
1155
1156
1157
1158
1159
1160
1161
1162
1163
1164
1165
1166
1167
1168
1169
1170
1171
1172
1173
1174
1175
1176
1177
1178
1179
1180
1181
1182
1183
1184
1185
1186
1187
1188
1189
1190
1191
1192
1193
1194
1195
1196
1197
1198
1199
1200
1201
1202
1203
1204
1205
1206
1207
1208
1209
1210
1211
1212
1213
1214
1215
1216
1217
1218
1219
1220
1221
1222
1223
1224
1225
1226
1227
1228
1229
1230
1231
1232
1233
1234
1235
1236
1237
1238
1239
1240
1241
1242
1243
1244
1245
1246
1247
1248
1249
1250
1251
1252
1253
1254
1255
1256
1257
1258
1259
1260
1261
1262
1263
1264
1265
1266
1267
1268
1269
1270
1271
1272
1273
1274
1275
1276
1277
1278
1279
1280
1281
1282
1283
1284
1285
1286
1287
1288
1289
1290
1291
1292
1293
1294
1295
1296
1297
1298
1299
1300
1301
1302
1303
1304
1305
1306
1307
1308
1309
1310
1311
1312
1313
1314
1315
1316
1317
1318
1319
1320
1321
1322
1323
1324
1325
1326
1327
1328
1329
1330
1331
1332
1333
1334
1335
1336
1337
1338
1339
1340
1341
1342
1343
1344
1345
1346
1347
1348
1349
1350
1351
1352
1353
1354
1355
1356
1357
1358
1359
1360
1361
1362
1363
1364
1365
1366
1367
1368
1369
1370
1371
1372
1373
1374
1375
1376
1377
1378
1379
1380
1381
1382
1383
1384
1385
1386
1387
1388
1389
1390
1391
1392
1393
1394
1395
1396
1397
1398
1399
1400
1401
1402
1403
1404
1405
1406
1407
1408
1409
1410
1411
1412
1413
1414
1415
1416
1417
1418
1419
1420
1421
1422
1423
1424
1425
1426
1427
1428
1429
1430
1431
1432
1433
1434
1435
1436
1437
1438
1439
1440
1441
1442
1443
1444
1445
1446
1447
1448
1449
1450
1451
1452
1453
1454
1455
1456
1457
1458
1459
1460
1461
1462
1463
1464
1465
1466
1467
1468
1469
1470
1471
1472
1473
1474
1475
1476
1477
1478
1479
1480
1481
1482
1483
1484
1485
1486
1487
1488
1489
1490
1491
1492
1493
1494
1495
1496
1497
1498
1499
1500
1501
1502
1503
1504
1505
1506
1507
1508
1509
1510
1511
1512
1513
1514
1515
1516
1517
1518
1519
1520
1521
1522
1523
1524
1525
1526
1527
1528
1529
1530
1531
1532
1533
1534
1535
1536
1537
1538
1539
1540
1541
1542
1543
1544
1545
1546
1547
1548
1549
1550
1551
1552
1553
1554
1555
1556
1557
1558
1559
1560
1561
1562
1563
1564
1565
1566
1567
1568
1569
1570
1571
1572
1573
1574
1575
1576
1577
1578
1579
1580
1581
1582
1583
1584
1585
1586
1587
1588
1589
1590
1591
1592
1593
1594
1595
1596
1597
1598
1599
1600
1601
1602
1603
1604
1605
1606
1607
1608
1609
1610
1611
1612
1613
1614
1615
1616
1617
1618
1619
1620
1621
1622
1623
1624
1625
1626
1627
1628
1629
1630
1631
1632
1633
1634
1635
1636
1637
1638
1639
1640
1641
1642
1643
1644
1645
1646
1647
1648
1649
1650
1651
1652
1653
1654
1655
1656
1657
1658
1659
1660
1661
1662
1663
1664
1665
1666
1667
1668
1669
1670
1671
1672
1673
1674
1675
1676
1677
1678
1679
1680
1681
1682
1683
1684
1685
1686
1687
1688
1689
1690
1691
1692
1693
1694
1695
1696
1697
1698
1699
1700
1701
1702
1703
1704
1705
1706
1707
1708
1709
1710
1711
1712
1713
1714
1715
1716
1717
1718
1719
1720
1721
1722
1723
1724
1725
1726
1727
1728
1729
1730
1731
1732
1733
1734
1735
1736
1737
1738
1739
1740
1741
1742
1743
1744
1745
1746
1747
1748
1749
1750
1751
1752
1753
1754
1755
1756
1757
1758
1759
1760
1761
1762
1763
1764
1765
1766
1767
1768
1769
1770
1771
1772
1773
1774
1775
1776
1777
1778
1779
1780
1781
1782
1783
1784
1785
1786
1787
1788
1789
1790
1791
1792
1793
1794
1795
1796
1797
1798
1799
1800
1801
1802
1803
1804
1805
1806
1807
1808
1809
1810
1811
1812
1813
1814
1815
1816
1817
1818
1819
1820
1821
1822
1823
1824
1825
1826
1827
1828
1829
1830
1831
1832
1833
1834
1835
1836
1837
1838
1839
1840
1841
1842
1843
1844
1845
1846
1847
1848
1849
1850
1851
1852
1853
1854
1855
1856
1857
1858
1859
1860
1861
1862
1863
1864
1865
1866
1867
1868
1869
1870
1871
1872
1873
1874
1875
1876
1877
1878
1879
1880
1881
1882
1883
1884
1885
1886
1887
1888
1889
1890
1891
1892
1893
1894
1895
1896
1897
1898
1899
1900
1901
1902
1903
1904
1905
1906
1907
1908
1909
1910
1911
1912
1913
1914
1915
1916
1917
1918
1919
1920
1921
1922
1923
1924
1925
1926
1927
1928
1929
1930
1931
1932
1933
1934
1935
1936
1937
1938
1939
1940
1941
1942
1943
1944
1945
1946
1947
1948
1949
1950
1951
1952
1953
1954
1955
1956
1957
1958
1959
1960
1961
1962
1963
1964
1965
1966
1967
1968
1969
1970
1971
1972
1973
1974
1975
1976
1977
1978
1979
1980
1981
1982
1983
1984
1985
1986
1987
1988
1989
1990
1991
1992
1993
1994
1995
1996
1997
1998
1999
2000
2001
2002
2003
2004
2005
2006
2007
2008
2009
2010
2011
2012
2013
2014
2015
2016
2017
2018
2019
2020
2021
2022
2023
2024
2025
2026
2027
2028
2029
2030
2031
2032
2033
2034
2035
2036
2037
2038
2039
2040
2041
2042
2043
2044
2045
2046
2047
2048
2049
2050
2051
2052
2053
2054
2055
2056
2057
2058
2059
2060
2061
2062
2063
2064
2065
2066
2067
2068
2069
2070
2071
2072
2073
2074
2075
2076
2077
2078
2079
2080
2081
2082
2083
2084
2085
2086
2087
2088
2089
2090
2091
2092
2093
2094
2095
2096
2097
2098
2099
2100
2101
2102
2103
2104
2105
2106
2107
2108
2109
2110
2111
2112
2113
2114
2115
2116
2117
2118
2119
2120
2121
2122
2123
2124
2125
2126
2127
2128
2129
2130
2131
2132
2133
2134
2135
2136
2137
2138
2139
2140
2141
2142
2143
2144
2145
2146
2147
2148
2149
2150
2151
2152
2153
2154
2155
2156
2157
2158
2159
-1.187758513719734 0.001894152184467331 0.09819451996110076
0.6144816387451139 -0.09408123398059214 0.3580341847160844
0.6144816387451136 0.09408123398059154 0.3580341847160843
0.6155192163041884 -0.09714136651172023 -0.3587752193641486
0.6144816387451105 0.09408123398059416 -0.358034184716083
0.4512488257150384 0.09358561364594685 0.2120802872093599
0.4528576575422866 -0.08653226822365888 0.2123993349860441
-1.059865700126446 -0.5369023494563147 0.09684575584512423
-0.19410849404357 -1.172135370892081 0.09684575584521683
-1.048218903024937 0.5586886937974266 0.09799141270408895
-0.1941084940435645 1.172135370892081 0.09684575584521724
0.3596061629564186 -1.130569241993387 0.1034822420415553
-0.7028464041251821 -0.9579072853697967 0.09684575584512495
-0.702846404125176 0.9579072853698015 0.0968457558451245
0.3565302801879645 1.133342664186487 0.09684575584512473
0.7469731813598994 -0.9239104401863563 0.09684575584505101
0.7469731813599008 0.9239104401863552 0.09684575584505106
0.7405045404790717 -0.9293535479976709 -0.09605726417272409
0.2488357844998094 -1.161748762645535 -0.09684575584540338
0.7484658654915601 0.9236793285298479 -0.09374981326045934
0.2488357844998143 1.161748762645534 -0.09684575584540372
0.9741205667448524 0.6801974394254285 0.09684575584514256
0.9747927669374943 0.6803473721376547 -0.09425632302943038
0.9741205667448509 -0.6801974394254302 0.09684575584514298
0.9741205667448211 -0.6801974394254093 -0.09684575584528929
-0.1944026688357178 -1.172514183905033 -0.09513946082634837
-0.1879414893883161 1.172874238733249 -0.09789130720212558
-0.6100527690135183 -1.019588677772093 -0.09659917396649143
-0.6102604379705114 1.019564471475216 -0.0962534713778113
-0.9413746368424531 0.7250811689203313 -0.09625449862504727
-0.9379826024637858 -0.7303853216300794 -0.09394249799849642
-1.141958787925374 0.3306014434971465 -0.09378027685356365
-1.140405376639835 -0.3255927568517649 -0.1049944343183928
1.124673217411483 0.3830007691810355 0.09684575584558196
1.122283908939907 0.3893610648037869 -0.0976120059569508
1.124673217411483 -0.3830007691810355 0.09684575584558187
1.127391417021583 -0.3793789768212876 -0.09099488340764428
-1.18771011497262 -0.001553176664673524 -0.09838739385355276
0.4530792375487138 -0.08668344337634697 -0.2127914447670835
0.451248825715153 0.09358561364867153 -0.2120802872104242
0.9334104379371071 0.0943154471717622 0.3753809957433518
0.9354999570111526 -0.1225587913570719 0.3733757990878986
0.9334104379371007 0.09431544717204933 -0.3753809957433435
0.933410437937136 -0.09431544717203863 -0.3753809957433311
-1.167262847980229 0.221533019844224 0.09684575584515281
-1.167262847980231 -0.2215330198442129 0.09684575584515304
0.4599758191676924 -1.095603324926129 -0.09626215060662932
0.03113356338214113 1.188820100909752 -0.09220517730612375
0.4616571719458621 1.094882501841881 -0.0963119691068447
0.02851640032098614 -1.188671186402154 -0.09310604294516082
0.5616007803808933 -1.046988060405555 0.09684575584515319
0.1389545109903124 -1.179945371206506 0.09684575584515277
0.5577488354646161 1.048094042669172 0.1001506674029255
0.1436675154170115 1.179100926881632 0.09795237946469083
-0.4092607495455367 -1.115385616743215 0.0968457558451532
-0.4092607495455317 1.115385616743216 0.09684575584515287
-0.8691317098842249 -0.810055248751552 0.0968457558451528
-0.8691317098842194 0.810055248751558 0.09684575584515272
-0.4092607495455317 1.115385616743216 -0.09684575584515244
-0.4092210753317819 -1.115524977289351 -0.09637500220911759
-0.7905703654427948 -0.8876997512373368 -0.09439695889680828
-0.7895438267514315 0.8885090615270109 -0.09471603464694449
-1.05986570012644 -0.5369023494563114 -0.09684575584515279
-1.059376643763777 0.5379621707129671 -0.09667233374931482
0.3909710565540536 -0.08451451546785452 -0.001034593726414474
0.3889950373406645 0.09318187014830233 3.77933523470642e-15
1.107865834641252 0.09433706511341865 -0.2504674342635115
1.110252680636447 -0.1102225522029601 -0.2456152482581912
1.110460194528265 0.1202908495534135 0.2440053336846672
1.107865834641252 -0.0943370651134153 0.2504674342635114
1.173519804862424 0.1776741986073679 -0.1015539280739797
1.176619189441373 -0.1696460774457926 -0.09404961553442259
1.176363653297499 -0.1665772804339724 0.09684575584515238
1.176363653297499 0.166577280433972 0.09684575584515293
0.4038293362630918 0.09495353262882579 -0.1079523326121731
0.360958274961736 0.1817668618632128 -0.05740879814509253
0.3586856464695905 0.1845574455085724 0.05190347854467508
0.3037346165169396 0.260374204869917 -0.007031087671888091
0.3203475288595449 0.2663656127999934 -0.1141080802099448
0.241238430400474 0.3261058453629421 -0.06691383648300787
0.2328271504990072 0.3280484190139731 0.04258998092521025
0.1505506812369286 0.3710914642264254 -0.01933765620220977
0.1494616167787287 0.3820481843196449 0.08994297305491399
0.05707586975578667 0.397232767997041 0.03237410766242698
0.05820402151348185 0.4205721697327676 0.1380588624566563
-0.03648958488960038 0.4079947226866183 0.08721221682570762
-0.03842851166242743 0.3989388785596192 -0.02505484907500046
-0.1309805461354849 0.3793701069624371 0.03277140517748345
-0.1332092365094079 0.4035178611917711 0.1390239817341163
-0.2167707506126213 0.3488355683093334 0.09190627371099586
-0.219423333455642 0.3349284903364244 -0.01798237487614028
-0.2889422037222663 0.2808055771586955 0.04819119341368022
-0.2985955848520544 0.3120224583444109 0.1564771912463057
-0.353668998846797 0.21938937808498 0.1126466990587198
-0.2962574035144095 0.2765144593608365 -0.06460294897451234
-0.2390603335841097 0.3457737562667605 -0.126014345179022
0.2699135214922862 0.3455632716449428 -0.1711882335566183
-0.3255983177594166 0.2950962701933024 -0.1731678355378592
0.1540177271806346 0.4221475334102908 0.1924992279729069
0.06565655702951734 0.4727207640945971 0.2363005362390553
-0.3801435504384514 0.2604700315467472 0.2120282030310906
-0.4152268983918662 0.16030594717536 0.1845098589540641
-0.2786611374706857 0.3773215113460935 -0.2246845327299678
-0.3747715882790175 0.333490044223353 -0.2664529373606329
-0.4031006637154849 0.2371660393043506 -0.2226496413629787
-0.4632503878141123 0.2815205512182758 -0.3057436580866954
-0.4812389481901638 0.1764718307854514 -0.2781850578264361
0.1652163503013689 0.4889396828886834 0.2817807218104652
0.07860102943908728 0.5476694162406166 0.3148487822889282
-0.4596665892639943 0.2101286879008212 0.2705947047871711
-0.4800701009707291 0.1028838635445223 0.2539704595341489
-0.4290268387059952 0.3195075782538481 0.2995620261318301
-0.3349596637478809 0.4272172492636089 -0.3064088731023472
0.1808207445368664 0.5743329174008861 0.3476283361144641
-0.2319768544468137 0.4606586085940931 -0.2814494893712018
-0.2962952631780972 0.523128016515863 -0.3471061055372644
-0.1888586334849896 0.5485179611878938 -0.334145040281089
-0.5425924511635591 0.1593523614036 0.3240581529473956
-0.5531077114923156 0.04908186601559265 0.3164058957446437
-0.551505703817056 0.2282446885547224 -0.3445842904210116
-0.5611408476169752 0.1183302358916038 -0.3296807466815934
0.2640901747856831 0.5044596691401715 0.3268430835122421
0.2841699661360791 0.6012513448857365 0.3765384996417505
0.3658166794576595 0.5271707943994086 0.3673271934800185
-0.631774683296993 0.1089686429373725 0.3670855926977653
-0.6385173093305684 -0.001988865043327716 0.3659567474165181
-0.5568462758289756 -0.06196477359827859 0.3202123004386066
-0.6414087768284665 -0.1130662240200804 0.3713323837419819
-0.5546445244735498 -0.1723142282663721 0.3345880062388129
-0.6414715956414544 -0.2239493717885993 0.3813992135981476
-0.5495848213998059 -0.28150895777841 0.3559342277808173
-0.4719964873706264 -0.2336070693430001 0.2920205491961168
-0.4583147226128262 -0.3384306080181689 0.3270685910202125
-0.389081171919438 -0.2956243219668634 0.2511186741206455
-0.3647735411875623 -0.3924266742489464 0.3003113635495477
-0.4431128463763752 -0.4433473748173459 0.3605681621717278
-0.3439091003697171 -0.491459157193347 0.3463165543604303
-0.2708269747766203 -0.4493503792693238 0.2901468711843554
-0.2440830393611484 -0.5386906285502948 0.3413057643163429
-0.1675848322875473 -0.4943228285599823 0.2875629028289992
-0.1398659497018202 -0.5769759969480825 0.3426875881002174
-0.0615460870493574 -0.526864102096099 0.2955351403033781
-0.03341023940441287 -0.6084547457691847 0.3516542497970991
0.04553830340907639 -0.5508384934706987 0.3144064749328623
0.07409672048199632 -0.6343277542241148 0.3660098311981621
0.1534660312109857 -0.5631242395067445 0.3364485814492968
0.1810694669732325 -0.6594094237490506 0.3827554349401611
0.2584139918180827 -0.5755360599958087 0.3624928951245753
-0.4942269199959857 0.06632171649362409 -0.2630444930846123
-0.08987019128228754 -0.4473008074969503 0.2045210404887401
-0.5648391924398191 0.007251168413816734 -0.3236066779918967
0.2897331308687477 -0.6805330038805916 0.3954199357296299
0.3655884093909817 -0.5977807855256471 0.3874813731149684
-0.4974019674182527 -0.04638292704696174 -0.2640752657220452
-0.5615359642422448 -0.1049242102013979 -0.3281394617262066
-0.4846877599061203 -0.1574962899224103 -0.2751142787183063
-0.5476458573411034 -0.215788032529097 -0.3395894483083988
-0.4595727261041936 -0.2646347983027 -0.2954189812961591
-0.5262946167163799 -0.3236633132135011 -0.3561221029220187
-0.4260950605056293 -0.3661015643694763 -0.3213210858749245
-0.3251346984695863 -0.595279757449129 0.3810321016175225
-0.6478027818055324 0.06185096094528644 -0.3711119451170861
-0.5006558715859584 -0.4296183273002366 -0.3745944994537376
-0.39819227579169 -0.4687462811239181 -0.3546711034228855
0.09629931489649238 0.6449751600274809 0.3716623075816132
-0.6297348875196398 -0.2798945037031835 -0.3843292050642388
-0.005840381977982847 -0.7046596312024456 0.3884775778600582
-0.007411198756009765 0.6075658401591135 0.3506942943516708
0.01048981304077129 0.7117063020513184 0.3901510825097523
-0.09313086782311562 0.6726491600061145 0.381280604972795
-0.3291374116541955 -0.4116088617148242 -0.2923757556118917
-0.2960057275752078 -0.5088573471165053 -0.3396289496429483
-0.3705422421907694 -0.5729578639633368 -0.3823024421542101
-0.2643947645727661 -0.6056309404260178 -0.3750081445705787
0.1222310748835349 -0.4846899658869868 0.264421727481479
-0.1891602810162165 -0.540387180960757 -0.3290305463935047
-0.1573405967269594 -0.635737240608823 -0.3727616976345092
-0.08158945305557679 -0.5686303188669775 -0.3303467191819269
-0.04967225000818411 -0.6627183644531419 -0.3763783831431349
0.02659141569990886 -0.5902839496872458 -0.3409837418275317
0.05815300079657644 -0.6872639034785279 -0.3844974436919656
0.1358992712281129 -0.6124188372912491 -0.3608050141804373
0.1665122663820303 -0.712031088113717 -0.394046080103971
0.2417700530781152 -0.6317304126207005 -0.3804294051270995
0.2741991162428336 -0.7343280868193801 -0.3996738923013299
0.3497077592957324 -0.6538163119309386 -0.3956939827911914
0.2166650411656958 -0.5343336028424073 -0.3317951400242735
-0.2583462163263255 0.6224538521936619 -0.3796158727852503
-0.1493368264800335 0.6440617338236985 -0.375126899505352
0.05868201178695696 0.40354043171141 -0.07853185164175666
-0.3849110781255059 0.6116642620281304 -0.3924590588582256
-0.6230890329052584 0.220434627840923 0.3750468583633466
0.389206826812765 0.6302857816298215 0.3955906485610233
0.468890959873869 0.5535744658317556 0.3929948347407075
-0.7350794499441184 0.05560846076352828 0.3950362337498651
-0.6403408032582379 -0.3347824242471085 0.3924353130751861
-0.7365596907880779 -0.2790581034711923 0.3998093226083168
-0.7366933610605678 -0.3905450778923382 0.3985683680407271
0.3091866328311211 0.7067856327623512 0.3989801549130152
-0.3440194976484014 -0.6799137923605079 -0.3981901687363282
-0.4508272466542804 -0.6482046549021186 -0.3998638916063753
-0.126939344178998 -0.7397395341652818 -0.3969318414844746
0.2133102666726073 -0.7592477061422959 0.3998387509061075
-0.221338741205885 0.7257881420701704 -0.3978713021103666
-0.1119686668812681 0.7465175501984178 -0.3974457030755253
0.3964145156987404 -0.701427005012907 0.399959457736845
0.471518907652601 -0.6202070428286068 0.3994532800472361
0.09087602744716756 -0.7921241194309847 -0.3999910214393589
0.3824564676720658 -0.7578673288147265 -0.3969993997682379
0.4568821941030271 -0.6757769421951896 -0.3996905799914253
-0.07537272320512825 0.7792756552778939 0.3996348444115722
-0.1790889455069647 0.7394652390800361 0.3980787733245255
0.02839223510937865 0.8189885537780964 0.3995253536505486
-0.2276547118860648 0.3886453017175035 0.194393684198152
-0.001520636887401921 -0.5114199803226854 -0.2769889474726627
-0.4345460664177297 -0.09070917806279068 -0.182213604214375
0.4155530218048334 0.7379475628284758 0.3972401838436095
-0.039901616516204 0.6642786216299263 -0.3767005138928821
-0.002576778589354321 0.7667707868417556 -0.3986177456146864
0.06945288648368804 0.6833504259828032 -0.3836688495606293
0.1067882590563445 0.7868160198636717 -0.3999554420745056
0.1786324643320946 0.7022613260369773 -0.3928339592988736
0.2161442842029417 0.8067609597883464 -0.398446996615715
0.2878714590419617 0.7218318089107522 -0.3993449352496959
0.3264258678846019 0.8283516970105005 -0.3896628743930316
0.398364370687007 0.7428652542246207 -0.397688829714951
0.3568470857491667 0.2937097073652755 -0.2141819482571088
0.4397468231472942 -0.5159960156175095 0.3809279846553293
0.5470968859802634 -0.5409375781617253 0.3988254432619602
-0.4249543392392442 -0.756539966426653 -0.3942257352818145
0.4447359453257684 0.4499034910576749 0.3632941670467103
0.5477475728811038 0.4762761258147099 0.3930681975235274
0.5764641339308718 0.5851921854548218 0.3994250888689672
0.6539490379624056 0.5057971112138006 0.3991059830363513
-0.8326121742643579 -0.3345617593650101 0.3879816335968992
0.4243254628703926 -0.5717506597774543 -0.3902010439316922
0.5310345943336556 -0.593652604379306 -0.3999847360831064
0.4987414465715131 -0.4905807107425748 -0.3871897014685722
0.6049977048009472 -0.511665610673765 -0.3999269053212356
0.6386115947961279 -0.6163523422065113 -0.3903049562260819
0.7148596356834652 -0.5361273393751121 -0.3889032744696756
-0.08492479879821688 0.8473555283259984 -0.3966577570228665
0.5791294410148635 -0.6442483333458002 0.3944699214026752
0.6539720841698632 -0.563062076912038 0.3950122704935721
-0.8330675842269635 -0.2231653608048126 0.3950963537958603
0.3353031704514999 0.8144003815562029 0.3917697084276382
-0.1616605094670512 0.849228256570272 0.3947689796193273
-0.2655666086583398 0.8094673502551136 0.3966164372594607
0.6803931446380439 0.611821896392087 0.3831063718406506
0.7605482447057803 0.5360076022479571 0.3781305544735052
0.3077807430071156 -0.83950611469807 -0.3887624911191406
-0.283285124440828 0.7007895112600974 0.3975594700229843
-0.369480510711007 0.7695809947788147 0.3963816107367516
0.1441536559570178 0.8907649906450337 -0.3866829204173773
-0.5316162090674471 -0.7242696822915656 -0.3876994822434619
0.5146369904254608 -0.4350353428575928 0.3795950268331801
-0.5390262387093805 0.3374315429911653 -0.3648035716177829
-0.6353443342875932 0.2883417283292901 -0.3867006097401826
-0.6318358919866324 0.3921439614463867 -0.3960088663441418
-0.7270871926125384 0.3518588876250715 -0.3999249100299748
-0.7273087939786816 0.4553429621550709 -0.3957597318487397
0.4879420561860867 -0.7784007794681419 -0.3819845272494566
0.732659605811114 0.4283464735930661 0.3970258286277323
0.836095485263616 0.4557671952547632 0.3698919354936213
0.4334991513561454 0.843420062793622 -0.3714918135422455
0.5072496382268824 0.7606516651679307 -0.3833300501678252
0.4686680564977856 0.6566661235934831 -0.3999428901832688
0.5775965593327658 0.6754936294833725 -0.3900258391212589
0.539881609544791 0.5716937617190138 -0.3997661507831714
0.6487404433240614 0.5906627693994977 -0.3924495584458411
0.6109642273736876 0.486941412462033 -0.3995614356219213
0.7195519723813616 0.5058584299990805 -0.3920053780155386
-0.3872263526108383 0.6619188617094012 0.398625167569846
-0.4733896290406238 0.7296265915269767 0.393872985305461
-0.4541754304360202 0.8374828154285459 0.3697028887429247
-0.4963478092173938 0.6064894825858417 0.3996678783039226
-0.577081133090048 0.6893278360450404 0.3875559387959675
-0.5974145953087859 0.5798801828310585 0.3986721605523824
-0.6799143023106752 0.6480762506121593 0.3749603229453809
-0.7045469522203712 0.545156536611683 0.3895503901600053
-0.43571624495886 0.04771889109206124 0.1708469014403598
0.6843682223153381 -0.6660001605681528 0.368771847870162
0.608777227197437 -0.7467296407293992 0.3650858334707101
0.7589369534584125 -0.5843654124625166 0.3675387867647329
0.4155790311222617 -0.4186907766562222 0.340392728353256
0.7285281413526096 -0.4835705474127773 0.3930179093907982
0.8320877730848958 -0.5018093998878669 0.3612787258657179
-0.8211702873970282 0.4142319451596142 -0.3816595533963218
-0.8278831989490828 0.3045583601102074 -0.3914783649974163
-0.8307768734265568 -0.4452770316192208 0.3737247901107353
-0.7365832628739073 -0.5023111640908171 0.389381008743482
-0.7825034931038672 0.6065315576088816 0.3519691666298514
-0.8048188366157044 0.5034771116728332 0.371081284687256
-0.247333301057413 0.9163270155350494 0.3711646484369501
-0.1429630965376646 0.9547453612389485 0.3642063534295511
0.683327194005963 0.6910590148416176 -0.3612014428242674
0.6800508495544308 -0.4310657412963924 -0.3999666829128518
0.7859729019430338 -0.452153221222799 -0.3854924036697074
0.355396984713182 0.9352846630820443 -0.3461024270003736
0.7425445950042608 -0.6360219902125102 -0.3583613582795184
-0.8282963533741059 -0.5537501374088105 0.3484917953603467
-0.7321665021691033 -0.6116469768108705 0.3691526761544017
-0.9255086136173546 -0.2774729144079037 0.3638337319939475
-0.9271437580826267 -0.1714088384652856 0.3736205286471567
0.4425011806553774 0.8433772223581117 0.369824244115152
-0.80702266398058 0.5243223623061396 -0.3655525173152508
-0.6992267004002877 0.5652531823430264 -0.3875227251445039
0.1461356211671176 0.5935860007713712 -0.3526983094329044
0.4317287593275529 0.5553850373044662 -0.3881728310236472
-0.789713548127386 0.6326380701404704 -0.3392810377618198
-0.690378469139868 0.6824324455617 -0.3617288972350756
0.8018903390312401 -0.3991361587615829 0.3883750420452207
0.9031383178783136 -0.4183376352568939 0.3490694068765691
-0.9128337880015046 0.3663221224870823 -0.3553775368260392
-0.9243712264820113 0.2556232609283153 -0.3670127635700815
0.3588560320579878 0.9166618112895935 0.3549592181605162
0.6868598353660333 0.4064699929108658 -0.3999955783065693
0.7928790333770022 0.4246254851046956 -0.3874465387978008
0.8243628929537867 0.5229126169009274 -0.3590896477504275
0.8932394272028675 0.4378727703057149 -0.3493657768474398
-0.503402162136933 -0.8292747974633664 -0.3620263960232866
-0.3968280490146504 -0.8630707353129883 -0.3708389587786194
0.7527631072368535 -0.3479451503207366 -0.3989263458738654
0.8589093851018885 -0.3703098375653366 -0.3764093286060322
0.8867960520838115 -0.4713256238056854 -0.3439104651904306
0.9551521634525938 -0.3869035175298763 -0.3268821093128818
0.5476508258813938 0.8648066463244923 -0.3316489475419994
0.7802805151338496 0.636264533055858 0.3423869602562943
0.7016170839916834 0.7154905476673931 0.3451924671890496
-0.6082807777764153 -0.7952339269942938 -0.3457142553168208
-0.6374914305339735 -0.6907008222976635 -0.3747271102947932
-0.7106761482351026 -0.7558425719764309 -0.3218767803199937
-0.7406979664863725 -0.6527034012227187 -0.3534668760919339
-0.6582607745894549 0.7536511917347709 0.3460349553919758
0.7824674620548863 -0.6801788183322021 0.3223949097490679
0.7525519638948919 0.3233574065380675 -0.3995446121831642
0.7926418598379886 0.7319270533740867 0.2867433323045063
0.5227146884393916 0.3719878384553736 0.3672850908950831
0.4289419715665599 0.3529038068027593 0.3165416996522565
-0.4696049383277396 -0.9285479744358291 -0.3195918830933395
-0.3651143366026809 -0.9607998701822251 -0.3287722533519063
0.4845353690590187 -0.3391355750608394 0.3413178223720955
0.4016259725763488 -0.3314902814286629 0.2863984715664259
0.5874485303170811 -0.3526812366883404 0.3831680328049253
0.8121443687275696 0.3520338971130452 0.3908298296881447
0.911144679360223 0.3766021562208251 0.3541727847007268
0.9295096808469393 0.4783274610375521 0.315906032724277
0.5812951469370521 0.3704637300094563 -0.3843794829655845
-0.1261795528876125 0.4921387698388459 -0.2734396575232271
-0.8779139125891331 0.5599276120464176 0.3190404436059067
-0.8978430324723585 0.4513505727760632 0.3435299719391047
0.9736511013805789 -0.4841157102367813 -0.2782460587550499
-0.2270642220302988 1.013757164464851 0.3208404948422999
-0.1218684348856235 1.048602745620178 0.3076322112672502
-0.3010946023197989 0.5936976766563092 0.3767746703391814
-0.8801846784203359 0.5795986494135321 -0.3091047762507309
-0.4138109623018376 -0.1980695588453033 0.2087173741753674
-0.3403069771131711 -0.2654176278659012 0.1557614597425712
-0.3754663649894167 -0.1754248892042926 0.106454994634291
-0.3155692662380035 -0.2506710332602648 0.04900781197409002
0.9252917345707867 -0.516626841963241 0.3041881350137794
-1.011710891198131 -0.2187220015181559 0.3236288917904152
-1.0173870703262 -0.1164241290281504 0.331378879699234
-1.005857025178398 -0.3289557111879431 0.3054350162887392
0.6441168197824403 -0.3217275709960583 -0.391917665297506
-0.6399740790023675 0.483991688202732 0.3999929153149959
-0.1113000769842016 0.5716324116631717 0.3356126886080997
-0.8161247755703256 -0.6593658877500735 0.3128878296582614
-0.7232720673670121 -0.7176638419174645 0.3347855409416792
-0.6354856553019532 -0.6664276388574699 0.3813067944896945
-0.6272749065403846 -0.7739810838067005 0.3485465021532579
-0.8065787990249955 0.3929148077300595 0.3880128096160751
-0.9155893445118978 0.3426234048631593 0.3584125172262497
-0.9876205084585249 0.4024081951785434 0.2983314326646229
-1.006356411899333 0.2928369709501313 0.3137642763462634
-0.9292411246922679 0.2313846710316297 0.367637421713738
-1.019511460771899 0.1825227546253603 0.3231649240081251
0.9177737702521038 0.5325761940195354 -0.3030241231698331
0.4555083983582834 0.9352657857638554 0.3197798722695128
0.2539256633428581 0.8893733857246368 0.3799958551229691
0.2758574443177458 0.986880924917941 0.330915791705871
-0.5342680555453512 -0.7234062220474747 0.3874757736705392
-0.5293499074323927 -0.8274066858522534 0.3560692245448002
-1.002108774385726 0.3145060205785133 -0.3120072014819244
-1.013988042617651 0.2037864181773361 -0.3242232069249213
-0.932835547663122 0.1440875272736966 -0.3732202764165437
-1.023599310660769 0.09173662750937309 -0.3288644904495437
-0.9398569330282729 0.03212626330416828 -0.3745479928950612
-1.027032219200458 -0.0197323062176525 -0.3291964033992552
-0.9428000612288784 -0.07971187497071576 -0.3723387479907696
-1.028585790505584 -0.1315588867044255 -0.3222538991995641
-0.9473935909780535 -0.1910339666615262 -0.3637175247775635
-0.8517335831343336 -0.1387545724389526 -0.3950136984627768
-0.8539576468576158 -0.2489949911076585 -0.3898545089547249
-0.943388566576249 -0.3026982195981203 -0.3515822507392918
-0.852497622822413 -0.3618357788217704 -0.3796005733696608
-0.9392524856748173 -0.4125588310549288 -0.33012842441396
-1.095140809799431 0.1612657892546812 -0.2564784853819509
-0.7664714006250953 0.734439263743153 -0.3026446855416276
-0.6704855113048064 0.7863130476053749 -0.3248718574998022
-0.5892598627630196 0.7284536042268418 -0.3758260284858033
-0.5698993298716551 0.8339039016937844 -0.3404161640452695
0.1654782903258381 0.9629637881247913 0.3586686745894951
0.982779562276395 0.4451254065178535 -0.2867460520111573
0.9576556582936105 0.3490218328131024 -0.3345424839689011
-0.9040259918745762 -0.5974731151381351 0.2820610499488957
0.7134655156850725 0.808387212978554 0.2874069871565418
0.3949542046885904 -0.4715476954694974 -0.3546990297288632
-0.9403096310997634 0.1201434242574514 0.3716310481525
0.4681234043213097 -0.3889123501027342 -0.3512342947493932
0.3729670268060477 -0.3787667898266733 -0.296557506686531
0.3173066003785444 0.3842289178145162 -0.2626492864360229
0.2181133238192861 0.4211987327057761 -0.2322372468855076
0.181059727479999 1.052975409135959 0.2965569853060545
-0.85049698851098 0.6622537333101128 0.2876751030783324
0.9921854507833436 -0.4316704348683907 0.2836611769290741
0.9701696834392334 -0.3327077264631037 0.3302871755992425
-0.2599751872983164 -0.3244380385154785 0.1111354301127763
-0.2437934345378233 -0.3171200870312249 0.0006231548510439089
-0.3130036391246138 -0.2569232491422468 -0.06270501334581929
-0.4319805440425549 -0.7752462336364367 0.3903177212707555
-0.4303072351897227 -0.8777692419194607 0.3584255645521705
-0.3365556574473822 -0.8247506044925252 0.389563314979182
-0.3310596751388736 -0.9281689685985506 0.3544162090557694
-0.2435321646245983 -0.8746784726829875 0.3851585870068082
-0.2321105365486629 -0.9767898793807037 0.3440763241325786
-0.1462075822521277 -0.9228386842598513 0.3767630145557497
-0.1325250682866121 -1.021494140858032 0.3272227466059716
-0.04116324945954577 -0.967331211687765 0.3629139405737851
-0.5164980171821436 -0.9235831622029694 0.3055085728281858
-0.02751592050428793 -1.058863085722411 0.3046386543532552
0.06345203244852658 -1.005937556238658 0.3417049907177863
1.001097734933185 0.3996263223598862 0.2876873198052214
1.000058227153502 0.5078358634319604 0.2378353457334636
-0.3186592409614861 -1.020433644469419 0.2960101434788324
-0.7170673256069428 -0.8238177588162358 0.2731844644613639
0.7046209051486274 0.3218322223324745 0.3991952567843946
0.6679245024768464 -0.7177250106149654 -0.3569920096365798
0.7652320322575595 -0.7307962809606081 -0.3055615906694242
0.6907118874421767 -0.802663921755989 -0.3048778077105173
-0.2886297026490299 -0.8945449225451849 -0.3747162290140651
-0.2573876798002914 -0.9906584545679356 -0.3317014271209928
0.7834315996815057 0.2448507459814562 0.3994586969139187
-0.6752826217566997 -0.8525993167192649 -0.2779762258321817
-0.3315284114608018 0.9750373161109055 0.3273606533352083
-0.80873251655183 -0.714330771393243 -0.286599749238681
-1.065606533591795 0.3492843748917295 0.2381345997901955
-0.4891275766909773 0.7751215243922718 -0.3826443519352284
-0.4675259734293483 0.8770524017564534 -0.3498710704163669
0.4446260898685392 -0.2951480743044607 -0.2984440791980412
0.3632989132844694 -0.2963159711087932 -0.2243161444466364
0.2875757421290634 -0.3759305299407818 -0.2308126563131505
0.2931864264154754 -0.3094123929857832 -0.1425325865547683
0.2069807118369214 -0.3771073716730533 -0.1524134504207869
0.2291454474888553 -0.3328493170257049 -0.05711999840120024
0.132933499024482 -0.3839988179033674 -0.071032190096302
0.1677799832698424 -0.3644394962483214 0.03103804521757492
0.2607468572423999 -0.3068968245489893 0.0464747942637744
0.06336862125035539 -0.3951581407269339 0.01286284385402551
0.8470262742662642 0.6172958174925522 -0.3137639307191477
-0.6624920690793609 -0.5821925195243951 -0.391514300795839
-0.9877886786445562 0.4216325517458132 -0.2914065097772538
0.8376898069395786 -0.6506483663453952 -0.303380427008574
-0.6500095130467157 0.8796585846196726 -0.2714864388798959
0.9820379856579367 0.2960748921581193 0.3302421074297124
-0.8583733209741887 -0.5825575803069593 -0.3219409410033463
-0.2460440226976545 -0.7611255887013726 0.3999999889864191
0.872390113016247 0.6526862339745478 0.2759991169508233
0.5031650565784059 0.2731631939833483 0.3290264937712586
0.4191109610514192 0.2547368861929395 0.2533399254574049
0.2749160081880874 0.4740082910479327 -0.3106074578401489
-0.5335334686629036 0.4575711857539629 -0.3880285989481239
0.04672827780126696 -0.908848657041334 0.3845636353984694
0.1504731234246337 -0.947435261313058 0.3669064105145934
0.1640249900358565 -1.041122212841683 0.3090346195302504
0.2556157382685199 -0.982947786382522 0.3368963444605985
0.02705502225713619 -0.4092812904480753 -0.08964433404444172
-1.021162526420859 -0.3499575702331753 -0.2861812308798345
1.000622979456456 -0.5257985874436452 0.2255287427895591
0.3410094958315934 0.3488033745487679 0.2500654223394209
-0.2492253501974871 -0.3300365886567683 -0.1032923699994438
-0.1813281682741452 -0.9211890861772329 -0.375121651071497
-0.1489392992709483 -1.017431482167005 -0.3284668425014937
-0.07282079232211257 -0.947419857125936 -0.370723155656604
-0.04114037656842764 -1.041304446339797 -0.3184013853845407
0.03556914292158692 -0.9717464385610242 -0.3609421105478117
0.06862087841021761 -1.059843805437078 -0.3021969696767627
0.144300684033668 -0.9916786406133197 -0.3451761199103814
0.1767286647175691 -1.073334488044511 -0.2778107356871675
-0.06117312244501695 -0.3953475867112689 0.006469911253998079
0.8260190927500598 -0.2660140040051976 -0.3942126544040308
-0.03623200687876534 0.9910408219543627 0.3510697834719854
-0.01655165003323112 1.078828285979582 0.2866774659229941
0.2525182304891993 -1.007718191789971 -0.3208406161872583
0.3232759253253142 -0.4121655379339354 0.2893523778083959
0.8511992142266902 -0.7275320871138516 -0.2403312032099365
0.9938873164741747 0.5363019711436489 -0.2269988255427451
-0.937715257410266 0.6104829766049437 0.2414230176839685
1.0617669872732 0.3124043096346389 0.2566915891418224
-0.832457349582889 -0.1114724082363013 0.3980062461264901
0.263470643579544 -1.06813576798901 0.2644045492826677
0.3542402669123257 -1.010994340618528 0.2939703823756045
0.3442951704575504 -0.9191490103186675 0.3564433560156826
0.4567936849994367 -0.950877934887655 0.3082568589540893
-0.2971445887669318 1.061592981376953 0.2618345106342887
-0.4119764430872644 1.020219211458048 0.2642801496329332
1.041777610285138 0.3552326378730538 -0.2638050036998226
1.017117665748455 0.2602426860221035 -0.3123434292311336
1.089963004565634 0.265568592409288 -0.2375141625248763
-0.3307360283679852 -1.051346533477342 -0.2621269211269984
-1.086640499415249 -0.1580763149824834 0.2667384425334062
-1.089001626974297 -0.04929338831061224 0.2753766701754354
-1.100440242245879 -0.07064773704676786 -0.2614751762253151
-1.099072374091475 -0.1802060115858025 -0.2481174760257749
0.2202328532455066 -0.3656241231810654 0.1440272683175515
-0.5395980010973779 -0.6099023702252632 0.3997429330195059
-0.8418651629540914 0.08339316957629687 -0.3973478813817851
-0.1151165363870274 -1.098496061253547 -0.2593700301901943
-0.08489678031312416 -0.4064237582901606 -0.1092057534785994
0.5213407760971744 0.7669496415074673 0.3791805195515511
0.4113914803498275 0.3394425424611596 -0.2981589526094199
1.051952835096212 -0.3429224150719828 0.2570933641002994
0.3611360655505133 -0.2314488106805766 -0.1493753455357538
0.93275661607359 -0.6117566578532643 0.2459196521373609
0.2814546102510916 -1.0793757321762 -0.2459268077328089
0.3585627683673541 -1.014930360140395 -0.2891357151347259
-0.3799291342912871 0.8091056565225134 -0.3888302935048942
-0.3638463425482069 0.9188736868403845 -0.3529131041489753
-0.4493018071506126 0.9762970242594491 -0.2907364187736354
-0.3396433352184873 1.012688965351959 -0.2968292416487135
-0.260538396722117 0.9617375911517104 -0.3484619931516322
-0.2364159573389555 1.051451768621558 -0.2878908725318868
-0.1267880379596521 -1.10396479762541 0.2512789394800855
-0.01558369233589137 -1.132815964719672 0.2217254538925447
1.029403956437463 -0.2491123316106535 0.3047264737928321
-0.153719955906884 0.9941998988305527 -0.3428679294321628
-0.1309926412693395 1.082706615023299 -0.274864488832394
-0.0492252108810425 1.027515594132905 -0.3281753165175982
-0.01965431658206329 1.104610687614135 -0.2590478368779591
0.06057236083788751 1.049322929116886 -0.3113903986501481
0.08746175684635907 1.122400824696724 -0.2320607265319166
0.1673452176546874 1.068863516167133 -0.2837978885569234
-1.003935535377434 -0.4614981239514709 -0.2588794811151663
1.036454676275203 -0.3969696530076655 -0.2529373300106978
1.018562698275319 -0.2999628890140306 -0.3024131965361524
1.04050960146848 -0.4896102231256307 -0.1937446937186756
0.4464480562551845 -1.027164825726776 0.2400098532019737
0.5363124982400297 -0.9729331898830025 0.2516037513229663
0.307509551319355 1.069010770145592 0.2498616467887691
0.9209033207149157 0.2588091529118937 -0.3680797945240268
-0.8884321673008433 -0.6901559276807708 0.2331832867403078
-0.3324576772119426 -0.2808195880110797 -0.1640472324107319
-0.05072038052388882 0.4191044547078987 -0.1312964434622427
0.04236637139108455 0.4481981235428686 -0.1940030517364925
0.7954042740820094 0.8146731983169785 0.2129901033302804
0.4651507804877344 -0.2411714848581737 0.2894809255759074
0.3920218509522996 -0.2497610803384078 0.2183055691464036
-0.09143127184370244 1.122747764945728 0.2311297132008204
0.006620581166298691 1.145854616736816 0.2009262400354807
1.101481041422008 -0.256467726512262 0.2246675945171534
0.9791963118258467 -0.5740473852044861 -0.2184865815350904
-0.8989352028514676 -0.664453941589781 -0.242843206249913
0.4417961458285722 0.2433287869933032 -0.2694532136776562
0.3082707145342727 0.2755213858754232 0.1028636702385903
-0.9642384948655225 -0.6277392990345824 0.1926144238730294
-0.9863119126258587 -0.5282353505034147 0.2415148421851569
-0.8419180250763248 0.1674609548290837 0.3957122393212658
1.087603871823078 -0.3141364948790331 -0.2230133647640274
-0.3107836899266054 1.089940263524165 -0.2210339213047071
-0.7481214460883029 -0.204540438327033 -0.3992538107912697
-0.751272527286908 -0.08800863135457862 -0.3976177847598488
0.4429555338166924 -0.866603672766224 0.3605345409582318
-1.064213589795608 0.3561372577553129 -0.2370071339230538
-0.1562273643232164 0.4547553827177802 0.2411191589671981
-0.2484128558388961 0.447948347619735 0.2778150059074633
-1.156500846441917 -0.1189535585927788 -0.1688773423684727
-0.5006260639578348 0.6655443262715199 -0.3986519502411544
0.08311654285204137 -1.126874698796702 -0.226146761738402
0.9394809649524242 -0.2322261073894655 0.363122041654003
-0.1699127201934223 -0.3674050424228706 0.06173220879708228
-0.902525730691489 0.7056238825745406 0.201352979134421
-0.8207079101634974 0.7541456375420852 0.2470567004648093
-0.979009659809939 0.6462646424454984 0.1442599285064814
-0.8496662754282813 -0.4722934504870655 -0.3610801166251132
-0.7571980057749224 -0.418732340557651 -0.3946394853920839
-0.6014036441701203 -0.3984631224920072 -0.3922072573776251
-0.4299683356629415 -0.07485863027572898 0.1667974408138965
-0.3958880157698834 -0.07682493934158023 0.05106821648493227
0.169765335794891 -1.116551080242156 0.2269507821425954
-1.14552442632994 -0.09580940193930966 0.1945068241290001
1.047323614202988 0.2109943528120899 0.2966139338110979
0.6808790043603936 0.1912877679953046 0.3890956520883815
1.11475147424583 0.2329689032880352 0.212581237817841
-0.8676132475639595 -0.7545417324898468 -0.193974187831384
0.7544707474582169 0.1385275715602978 0.398643270183546
0.2014707705852279 1.124887755858599 0.2061475939031512
-1.048881131528772 0.4631988830979205 0.1996607814085172
-1.105602494702473 0.3876805074743708 0.1480249332165225
-0.00774899147587015 -0.4136703872031039 0.1039494986702729
0.3414700365302707 -0.7954523039989603 0.3945761818851304
-1.029767908050848 0.07116174533324057 0.3256871421330547
-1.104269507745392 0.1242964402325608 0.2512525943448778
-0.9515668097358663 0.03505978100752063 0.3699072383688638
-0.102933150843745 1.146536274471824 -0.191560445088874
-0.3305635325658292 0.376653932033776 0.2658612117970747
-0.401537213437692 0.4266101960779406 0.3378502095884411
-0.4780765259258483 0.3858448436776362 0.3543110773035134
-0.4675336793043635 0.4858179478376966 0.3797180179752652
-0.9494661948904807 -0.5565794191682591 -0.2639209995447506
-0.9793591437769452 -0.6090403650284223 -0.1875825006918285
0.1817292395369064 -0.4516388927363489 -0.2488461267615641
-1.080372633867774 -0.3874513058204835 -0.1976661654995835
1.029015869412373 -0.5838660427602987 -0.1149737996630827
0.03985773598190514 0.9634588957431911 -0.3647068679366992
-0.2242875087690084 -0.6534626670677903 0.3848289570530172
0.3912854009991594 -1.081070237181427 -0.1941848883577747
0.4638999574669981 -1.010500606937073 -0.2504402985654757
0.437560667516022 -0.9386548269690697 -0.3232303870095024
0.5395967655911718 -0.9389668152032196 -0.2827156779050276
0.562786873971617 -0.9986861732209424 -0.200115629515312
0.6367313941770454 -0.9290498389630949 -0.2313563612102785
0.5070462101659566 0.2948627719301103 -0.3382879507158094
0.5198989008104927 0.1848254276857801 -0.3136625483575228
0.5977223401493846 0.2449644770098572 -0.3691548719037159
0.1723603066772864 0.4993784033212551 -0.293550501296271
-0.4340985158538521 -0.5519220556953262 0.3878551626073107
0.2520401569829578 0.4237285566443876 0.2564452330735802
0.1480023353824706 0.8577377319426357 0.3937537505907679
0.2432404355721034 -0.8722309124691531 0.3858330431940225
-0.852086518111675 0.05619849501333799 0.3963467138619349
0.2563660153681545 0.351705411694902 0.1641301967787612
-1.052190231118099 0.4606936717238955 -0.1961110185348251
-0.07615782696340193 1.175262905164361 0.1316117936016793
-0.3621079249212742 -0.1700848573536313 -0.007141418795967138
-0.3972209418441358 -0.0794384956211477 -0.06358623519814459
-0.3995289452009489 0.01962811385396062 -0.002939502257890479
-0.4153081137123494 0.01866434371250021 -0.1110607544582755
-0.3864354429880529 0.1164677546019171 -0.0535826066951443
-0.4233075311520521 0.1213307325369055 -0.1750821175522829
-0.1887891864464478 -0.3908118273404103 0.1614317987117787
0.1598991073930419 0.3963464127668003 -0.1454589049113436
0.3067982493125582 -0.2618478490185681 -0.05164345122041791
0.3275633013315935 -0.2344664777494495 0.04749973096761453
0.1062727230095749 -0.4031506558254579 0.1151156080362337
0.7118420505168056 0.8872334409398577 0.2146972911800537
0.630044639685709 0.879977318581884 0.2834105974798427
0.6226523922493659 0.9620107598199393 0.2008255059643137
0.1023909069351539 -0.425248041764484 -0.1688848657374636
-0.2888226517473978 -0.3663315473716879 0.2208488857532886
1.074055366685446 -0.2089246839724606 -0.271024366247868
0.9892331979630937 -0.1920878458112978 -0.3418426960681726
-0.6421649530919592 -0.164909141475154 -0.3758076405187367
-0.141955513667903 0.3821847524787927 -0.07809018026913379
0.238870040836213 -0.4918737666506768 0.3096670418247208
0.3999968203658761 0.190766998340813 -0.1807323501668244
0.3146756597713334 -0.2859980941690118 0.1397968276362733
0.07109519423386114 1.022369728951359 0.3308285851815922
0.08917969150599254 1.101614429150782 0.2585378565083064
-0.161905425315456 0.4203568353024951 -0.1944762997415716
-0.0472859115845814 0.4547585696814669 0.2061437928723407
-0.483360190536728 -0.1245557471846462 0.2636087443423618
-0.7204904579594367 0.1699142222308386 0.3955129898253882
-0.7113647727663418 0.2812061305859541 0.3984595853195623
-0.6242962809326598 0.3156557328962721 0.3871844964936214
-0.7015386855746861 0.3891650168307492 0.3999936687563383
0.03788605334058937 -0.4468697650065649 0.1908630302183557
0.4071030979452572 0.1045979503407302 0.1258864502705281
0.3838777093302033 0.2005504378098325 0.1593433063400784
0.4268463193605064 -0.2154830567280708 -0.2375180046262505
0.5067904685282858 -0.209932297492853 -0.3110841959741742
-0.3306858737367519 0.7047686778881623 -0.3994214164077903
0.2958115134386186 -0.4592962384347952 -0.3092615667080244
0.1018496706401914 -0.5289885674054216 -0.302860572890841
-0.3920456429645456 0.1098320243847835 0.07523898425406711
-0.3765244059029502 -0.1820765405426708 -0.1194039018307465
-0.9329258679192572 -0.7176929802129506 0.1335567374844165
-0.1159322559903055 -0.6737171202969289 0.3826950240012086
-0.08314484237852947 -0.7722442709437296 0.3993212385968975
0.5395640705057098 -0.3076203040558051 -0.3577613519213361
0.6080663390829308 -0.2097558943333505 -0.3679979990840165
0.711659540233747 -0.239414810523011 -0.3969691119598533
0.7829331661422835 -0.1681780818243706 -0.3999992154461753
-0.02054780298492984 0.5275653269644569 0.2932526839409805
0.006034755960730013 -0.8735897878785066 -0.3931685070110397
-0.5452990723320813 -0.3918158664357844 0.3787872854206087
-0.6399825071475084 -0.4460865725773265 0.399505154167046
-0.5336269422959803 0.2879864320928069 0.3500148563877142
0.1850066856692593 1.137643357801436 -0.1888953730218096
0.2727606687886018 1.07844958476221 -0.2498022190071349
0.2499927672714408 0.9998048616104385 -0.3268492015248539
0.2254376637528062 -0.9174085468422108 -0.3729095443794535
0.2641627232877616 -1.129480882385064 0.174436916450342
-0.6439418502918821 0.17009353374935 -0.3768971037006869
-0.7285596167883975 0.2342984988029816 -0.3984926601221216
0.3936748013339837 0.4498550460438115 -0.3451230813650676
-1.144316578782486 -0.2180188226571625 -0.1638529609400844
-0.1101758753732327 -0.4913145369043652 -0.2685096557951914
-0.2229527191884953 -0.4533234844061677 -0.2703388105637587
-0.7341015889790347 -0.3057135399216383 -0.3999713712866005
-0.4913369432734835 -0.01045445643590156 0.2545501089422508
0.4077933308361022 -0.08167940177176573 -0.1116322318886668
0.4069065509669053 -0.08427186072759038 0.1104156468197606
-0.4429218973340573 0.3826132904222171 -0.3374947112079296
-0.4112178768071514 0.4901624926616702 -0.3665239537607666
-0.5042846790334641 0.5642636366485313 -0.3976567853783749
-0.5888704504928558 0.5396897520136755 -0.3999981087222988
0.3504335376107463 0.4362099048446153 0.319652959457364
0.5262916588673182 -0.08264648130129253 -0.2976118555116846
0.1975239554792256 0.6726305917793798 0.387563651001323
-0.08116991119734042 0.5714100427268012 -0.3321690569286078
-0.01885728853047777 0.5078080050663808 -0.2735475375368172
0.0265859338202778 0.5867487983466634 -0.3387924415558674
-0.2313416208537227 -0.7110873991803836 -0.396575749102241
-0.4765504538685603 -0.5336229279650102 -0.3909597575515211
-0.576558310881636 -0.5019083743285495 -0.3984140611159108
-0.5522065117743328 -0.6129594026339221 -0.3992169885774102
0.3389041523763746 -0.4977158954817149 0.3476390627583885
-1.144471915018509 0.01601846328277802 0.2031301558300637
-1.16747654108027 0.1138986533782214 0.1444180401900687
0.1002603164285556 -0.7309216112662872 0.3951289885750794
0.02497991885935064 -0.8076318974843855 0.3999196291657013
0.615833768418047 -0.4615163192037325 0.3988413626285067
0.647567037077369 -0.9791808612673515 -0.1420136894570494
-0.7335349597512923 -0.05232179163904357 0.3947488564398206
0.5310880210035894 0.09240246712940504 0.3031727456264333
0.5263766778895107 -0.08635828231303901 0.2982142467370945
0.5514189639151663 -0.1864197247421762 0.335425323614889
0.6567441742131634 -0.1910634967226688 0.3828022773126509
0.7144644575007633 -0.1054867040385551 0.3923629380415635
0.760463776464773 -0.2024886052154887 0.3997874070178544
0.6868482692789086 -0.2859007076354888 0.3960571569773383
0.8249186192576617 -0.1068033717118206 0.3987336372230048
0.3194738545158994 -0.5519993423089565 -0.3656303585310516
-0.5365389950483789 -0.4991649588753514 0.3943199026731679
-0.3731196171095601 -0.3195790839288172 -0.2543374991016931
0.1167271356602168 0.7500628170549057 0.3979025889434575
0.6007168959634408 0.2936577271720625 0.3778197095121004
-0.6492889050343186 -0.04850609911500119 -0.3712522958545015
-0.7360441566662218 -0.1660039058208767 0.3974074060839019
0.6257322843325134 0.3998880907373739 0.395859796499056
-0.4272461256853172 -0.6595570107700767 0.3997495191892929
-0.1955667566720479 0.6346511159168923 0.3762062002762407
0.5097694897762398 0.4717224521331077 -0.3858475988508438
-0.1964634500843903 0.8146514813988135 -0.3981902869582471
0.5708513853740887 -0.4093227979615121 -0.3879191706921755
0.3616264416646361 0.6398104583693119 -0.3946728924103184
0.2575680614715796 0.6254171487851873 -0.3804178390078889
0.5629307245327069 -0.6957833823864493 -0.3885576766020998
0.7185468290503857 0.09511047549314196 -0.3928703189981322
0.8200750132471196 0.09845141489012407 -0.3991564812288525
0.7603289207890185 0.1852175282912933 -0.3996197790124666
0.7205904433891437 -0.08561677214337747 -0.3930310404581683
1.157045622283384 -0.2766016873325861 -0.09041131736183768
1.152517680642761 0.2891709251108465 -0.09627499980648142
1.15285559172613 -0.2709151597277059 0.1111057256597827
1.155526661414647 0.2648113902591483 0.1067887356040796
0.2274542945947021 0.7812742071363417 0.3997649573106667
-0.7670952572453991 -0.5341824868916535 -0.3766142970984815
0.4962423421444014 0.660447038708492 0.3991473598307329
0.6042280175857481 0.691637036053986 0.3820760654674463
-0.8217153505694733 0.2758580227431242 0.3943855399175823
1.083832382784658 0.4872657066725504 -0.09592873803986024
1.058605546941017 0.4445102266083203 -0.196966072511643
1.083832329093906 -0.4872657929721856 0.09592879302442549
1.065491538155684 -0.4375695666957491 0.1902824358606841
1.083882451850136 0.4866410401606244 0.09677618600692642
1.034024232026712 0.5855888154875007 0.09592895883286909
0.9751071784828478 0.6122461947769466 0.1911309105724444
0.9177081931045167 0.7037102730324556 0.1814862856117035
-0.6398102927571083 -0.5605546711089019 0.3967822644982874
0.6119958110872055 0.770711582838734 -0.3550940331548768
0.6995979302016798 0.7820825152513491 -0.312786338349879
0.5052033048291643 -0.7204130866576942 0.3919385975715008
-0.845514448732137 -0.03097662206260967 -0.3973367305099473
0.6228412729375038 0.7890516155450538 0.3433237301473789
-0.8365121934724153 0.1917215507350742 -0.3957430810452041
-0.5529740633219919 0.7947925948675765 0.3629016134414716
-0.6272933134682687 0.8493708166419529 0.3074320952114407
-1.18134392872876 -0.1224165709547473 0.09855054907437036
1.034288400413373 0.5860918189316149 -0.09397376524600394
1.033912616572417 -0.5858670698022502 0.09576675240837747
0.9063094761169397 0.7691315861817497 -0.09448713164951471
0.9172503562857056 0.7057204054335009 -0.1797844291264222
0.8467729286426833 0.7893309066235558 -0.1792010026809303
0.8313258443481355 0.8502096229270949 -0.09274215551424102
0.9053948207755897 -0.7703870307385052 -0.09400883415456755
0.8273256430325284 -0.8537862031521524 -0.09369057540400512
0.7700281176977652 -0.865299125086809 -0.1777997796997861
0.9061587975014835 0.7684379643848572 0.09677618600692502
0.8303198656445258 0.8470748498288162 0.1043229378250905
0.905785695078872 -0.7691605682258146 0.09603903988123814
0.921356433881775 -0.700813368327377 0.1792273908647965
0.8407802032732061 -0.7890781749837412 0.1880055286372738
0.3571620006694833 -1.133382420350912 -0.09592890391925939
0.3571620006694661 1.133382420350927 -0.09592890391922421
0.38571017946981 1.082768558598982 -0.1946986421452096
0.4979760384474206 1.040761841696617 -0.1866892569367099
0.4330282919095972 1.006742827994664 -0.2691287419670145
0.5317675171043776 0.9651066640095322 -0.2623925049375599
0.5998497655009692 0.9898948461354913 -0.1795076549558753
0.6233079148277184 0.9173068485550979 -0.2539600410824963
0.657792540367203 -0.9896612447298084 0.09592890391896647
0.6896856280774486 -0.9296938482026298 0.1792619781541554
0.6568083630473378 0.9903146872150714 0.0959289039191093
0.516933207507283 1.017745637691298 0.2082704755914662
0.448882246992894 1.086021251789782 0.1388354275545832
0.4110388101170057 1.049656627210041 0.2299913174756152
-0.7426680584300932 0.1267021475042477 -0.3972760991087398
0.4606354841973739 -1.095415608881399 0.09592890391920005
-0.312723785097509 -0.7849442084556544 -0.3974668111361357
0.2525111444165147 1.160895358216567 0.09708076279840236
0.1390908601173021 1.180961234034774 -0.09264217582772133
0.1409361015031208 -1.18049741025861 -0.09365824093980331
-0.3031576162014562 -1.148927656853113 0.09623685806242424
-0.2372060429599857 -1.128379761502151 0.1880447120120018
-0.2165609245084254 -1.064202978523844 0.2796353656618348
-0.3036452425879504 1.148877701122502 0.09592890391908648
-0.2519000798419621 1.128477640713684 0.1818942395191119
-0.06127597938225655 -0.8650361323178676 0.394314167659556
-0.7891676922277147 -0.8884451356312595 0.09592890391901428
-0.8050829606461312 -0.8257670319931825 0.1876026953800545
-0.7891676922276439 0.8884451356312701 0.09592890391917233
-0.7255081673343193 0.8964983052022532 0.1875851026354207
-0.6445737454197129 0.959362204083734 0.1827930048985689
0.8159584853579059 -0.5531555919326082 -0.3542378354183643
0.5670901267054299 -1.044040504829963 -0.09679117841630963
0.5628660558841577 1.046617047175833 -0.09574982789977582
0.01238454831121952 -1.186077032600172 0.1043771847439614
0.04715693654056858 1.184955149116764 0.1052924649941678
0.1945531128008517 -0.8212509837863653 -0.3975747264450573
0.8800445189234847 -0.3112530957414395 0.3770770512026875
-0.5128370351983454 -1.071916798098274 0.09612110204069761
-0.4533777581802518 -1.062898651624355 0.1832522508634838
-0.5505222923376047 -1.018464423547343 0.178962140352715
-0.5119162981113905 1.072176466410826 0.09677618600692782
-0.08370503676818052 -1.185872444304814 -0.09389738974987311
-0.0216479504376642 -1.154931916607183 -0.1840632669875686
-0.07396634122758629 1.1861886218592 -0.0952552526479024
-0.6093415135230198 1.0201521291522 0.09612110204068429
-0.599135228340304 0.6294261121671929 -0.3940058974843388
-1.012245772587067 -0.618898377086416 0.1032091548613934
-1.105997618126013 -0.4344844248254102 0.09612110204070068
-0.3032770548602038 -1.14914863591479 -0.09524651336302417
-0.2390308021794942 -1.125652226527052 -0.1922849280019751
-0.303121505450346 1.145177404667896 -0.1098676483347686
-0.511473803747845 -1.07262060094072 -0.09592890391925767
-0.5352340938148067 -1.022489644077944 -0.1860348264700767
-0.6342357950937449 -0.9637023279241759 -0.1868436679302339
-0.7023550022752379 -0.9588354199831498 -0.09499159073677625
-0.5125398756909102 1.072111599279415 -0.09592890391926041
-0.5414360984300268 1.011876304652411 -0.1978781943926462
-0.641285889269798 0.959323388739873 -0.1863739215865902
-0.703450523474369 0.9581885260279441 -0.09447393355026185
1.071891334306645 0.4234318775862923 0.1890688001182207
-0.868742586739676 -0.8111241833484287 -0.0950462755294471
-0.8697008559685507 0.8097782576794031 -0.09592890391926076
-0.880338548255855 0.7482559077902048 -0.1836061880778047
-0.945734272651709 0.6643705881425209 -0.1828347292731236
-1.005081813474988 0.6342516545991941 -0.095340750832698
-1.105505840665857 -0.4357808390652582 -0.09605197118364504
-1.105480229885574 0.4359287405240623 -0.09592890391919662
-1.168001213053422 0.224213942580304 -0.09178498176043745
-1.121583726113478 0.2726305320169352 -0.1857733175330202
0.5431497622375456 0.8608189278906008 0.335471149293932
-0.6101199456921242 -1.020541016481257 0.09310966230733811
-0.1041141505133654 -1.160539373558154 0.1631834828490786
-0.2817470402212582 0.8663171794651396 -0.3842956682751651
-0.9264243511559032 -0.3850947224327717 0.3444987904202346
-0.920057797087277 -0.4929828038445536 0.3171070782536396
-0.2106159822079348 1.12756031932915 -0.1988666077038367
0.7070887105704562 -0.7585265152637913 0.3222395564442158
0.6304853898285057 -0.8372040024621821 0.3137960909460799
0.7258994547715363 -0.8391882232908882 0.2532991713377444
0.5325208247230677 -0.8123784894381582 0.3614364142267196
-0.6106558864851324 -0.8741626822107725 0.2984426192323426
-0.6739583255422353 -0.9080362950250105 0.2248540353507866
-0.4191844779751417 -0.9713551800901357 0.3057198844508736
-0.5719425465877418 -0.8905003791756602 -0.3053754804239865
-0.3515362457306306 0.8782250614310775 0.3724152337622474
0.8564044880724058 0.5571281286658403 0.3329565521833769
-0.7433982226761018 0.8214888968300439 -0.2553150489687821
1.027344594309312 0.1059468525477243 0.3252804301733526
-0.429867612122971 -1.013595760077723 -0.2634568604840412
-0.5536936462139154 0.9322057098236622 -0.2814348727828112
-0.4317572911794187 1.056195250427929 -0.2090324439066953
0.8822203108661613 0.273914836527167 0.380371124965091
0.8576395379212137 0.1716356026664249 0.3929733870349714
-1.14163798652301 -0.3300541806376903 0.09566853466208838
-1.088857166546524 -0.371337475436244 0.1928602579449044
1.025970106367047 0.09140519784160499 -0.3272376265201005
1.031090787481941 -0.09546559598076336 -0.3233254962958261
1.02597010636705 -0.09140519784165266 0.3272376265200955
-1.07777099004638 -0.2627393712917869 0.2535988483337153
-1.013630604177774 -0.4372792992471842 0.2600517282085705
0.8582922471727455 0.3403543877754401 -0.3805179777982475
0.5731682949308889 0.1896054321115024 0.3485287657168112
-1.098243250442871 0.038274497744951 -0.2658059736875421
-1.152271761770442 0.08166996141399693 -0.1840099504896509
-0.05672037167267507 0.8859326692740418 0.3902570269875869
-1.084470622262286 0.2380876094813379 0.2524182756422315
0.2444142840411331 0.9091563222748712 -0.3741598384449347
-1.025802137586627 -0.2430575855942782 -0.3088366870855289
0.92778535295917 -0.2873046130949226 -0.3614870697529275
0.7513490479704268 0.604519196930979 -0.3646771592479834
0.1827883523559632 -1.140295013381017 -0.1846068862815076
-0.7687512734767968 -0.807682191030793 -0.2464662357319686
-0.8990477580223012 0.4728947667493328 -0.3367732040355895
0.1328038643109676 -0.8411042609979497 0.3966677073597742
0.3584383764855415 -1.081398968575139 0.2119105741703781
-0.7548171438274228 0.7117259124075195 0.3218966502451172
-0.9672590853940831 0.508472309277672 0.2725600011109087
0.8538174578143126 -0.5989883710387743 0.3177490170310389
-0.0112652200323409 -0.4446604339698335 -0.1839433863399407
-0.7186468960891764 -0.8988012005744365 -0.1922307856851987
0.05379791305525849 0.9256388424011976 0.3792359881872919
0.8506526277253176 0.7090912952592578 -0.2558934895574389
0.5895594109847533 -0.7956653147811062 -0.351840546813945
0.07177132466385322 -1.091633953296371 0.2712368439055008
-0.1613952805698685 -0.3687642194688625 -0.04497355164213798
-0.2077533790332018 -0.8184198873435752 -0.3975307267346626
-0.1467469195502416 -0.4277764335471885 -0.1976558640671274
0.8294725699160409 -0.8513342858389105 0.09477296727651054
-0.7259152009407669 0.8197361371043185 0.2701910962609624
0.904470998183063 -0.5691057696227434 -0.2963835018644487
-0.4348737040492422 0.9348124547305686 0.3265465087421367
-0.4999316778488464 0.9823957329730643 0.2619609686869349
-0.6808711543153632 -0.4725722362846823 -0.3989618263659741
0.2297949461292297 -0.4185258101300843 0.2365776295604979
1.087285742776482 -0.4784925342687364 -0.09757489738764896
0.958562412744088 0.192578943486779 0.358353217431621
-0.02093148364266703 -0.7677716468363417 -0.3987225093816764
-0.34958024456193 -1.101815890678112 0.1824951017766224
-1.12651108771298 0.2880113060805062 0.1685689795961444
-0.2631673589641831 -0.3740440397946642 -0.2063703343437746
-0.1033842435706702 -0.8470188893666428 -0.39643232034307
-0.8606764064904195 0.6787058999650526 -0.2689475699133737
-0.966248755543774 0.5229300745099541 -0.2660670539737309
0.1167932362496528 -0.8995393931154935 -0.3853982220353915
1.135204111858789 -0.2159590000506253 -0.1832340067728759
-1.092096506870025 -0.2841638195229646 -0.2282837701661928
-0.8029998996865552 -0.7571471063854438 0.2603582659579664
-0.8088784103196662 0.8270877173857831 -0.1806672725716127
-0.4363310737641864 -1.069415650443083 -0.1843150488853132
-0.3467205919268896 0.199595778193445 0.00732356113481485
-1.009889792496148 0.5544643658448788 0.1898252425848169
-0.3627330023339977 0.2069911419518768 -0.1174667813970926
0.927076857474086 0.6244358350322479 -0.2429555310677498
-0.2064623070005438 0.5308392747994812 0.3269630884020405
0.6586802938112459 0.9899436215811004 -0.09293768997859864
0.8920632779416047 -0.1887337704186437 -0.3840553893216125
0.09252173693891377 -1.152414610300008 0.1821445029701001
-0.9395591701824335 0.7271524974326389 0.0969422501900794
0.9311689744159298 0.5731828724475062 0.271831012627879
-0.319424923842169 0.4899085032543585 0.3372060787037005
-1.005706480348003 0.5700161506603232 -0.1823606223329538
-0.7445154518834237 0.01987011020522228 -0.3961701821316549
0.4823961295280098 0.1786737678307084 0.2800810571180881
-1.150445169429907 -0.01210145715543705 -0.1927266735233172
-0.5271984954416946 0.8959023863353578 0.3203675260438171
-1.184039085840403 0.1139199503361927 -0.09101917671527589
-0.5553424284234134 1.013527195728248 0.1829685203559883
-1.004024211415441 -0.6379409412828032 -0.09082658318515635
-0.2213217425986293 -1.068149443732811 -0.2746152269420437
0.1448933590274785 0.9862142408006483 -0.3482374064439324
0.3290829842056389 0.5408384841909769 -0.3635117183426366
-0.3449939725595847 -1.107458879161593 -0.1744573715829354
0.5284934046083264 0.09911240998001271 -0.3019971039193116
1.161242091875882 0.08955785974219094 -0.1643194681704357
1.161529594130029 -0.0985851575325597 -0.1620470975726694
1.161933632627475 -0.08626796645590779 0.1633365417931627
1.161242091875884 0.08955785974219196 0.1643194681704323
0.3390962556457194 -0.9318302212242168 -0.3511195569091807
0.9152652055897129 -0.6521762021198597 -0.2347756999763508
-0.4491400654240696 1.066447914245931 0.1800859980789221
0.8578017789276089 -0.6987503769921891 0.257160447673544
-1.13762775245918 0.1988256472188504 0.1845700625106658
-0.3985857929484032 0.5516365503113748 0.381754008377818
-0.7286603637906629 0.8975714250108667 -0.1821777447416022
0.5953968170549918 -0.993012654626815 0.1787661107900642
0.4626527615844565 0.9250412302148918 -0.324206369352362
0.6992743230278122 -0.3813842630950903 0.3999848312482236
0.3665994420851976 -0.17019179200913 -0.05766692678024489
0.7697657578717176 0.8673447863793352 -0.1750429573849266
-0.3540054274490356 1.101090396410699 0.1812113884110189
1.063952621244742 0.176405728227764 -0.28714137206917
0.5408071008528111 0.9490165020290003 0.2730652484743691
1.132113711931757 0.175926878464728 -0.2012225991023499
0.4804996994695555 0.384916439386942 -0.3549926473725445
-0.3302494963295994 -0.7067472027567362 0.3995046913092097
0.02294718435807907 0.8678035338892385 -0.3941591728678868
-1.13753748303825 -0.1938198663273502 0.1863667544467128
-0.1293200323584063 -1.153298094826793 -0.1732660873436557
0.4138214591825546 -0.852950693840279 -0.3715981879260423
0.6894951816775751 0.9319924424135388 -0.1757612975331915
-0.8035400094404025 0.8334166519993274 0.1790352557910366
0.6654674604585329 0.170218115856507 -0.3836752107156234
1.114691524440959 0.3211215987045113 0.1743058653232913
1.106023472086622 0.3371905806343981 -0.1818349651965142
-1.054194073132171 -0.4797652549107614 0.177961526665573
0.9766763737665782 0.1795230049743536 -0.3503372362963038
-0.4119204163855073 -0.2134063918532112 -0.2169089065747212
-1.187720312269307 -0.1153980637468567 -0.07283387158204072
0.2454235533164825 -1.164447346749258 0.0887521579349396
-0.585351969529187 -0.9543376841986079 0.2405957814555926
0.3773753469085206 0.9955821698076397 0.2998857180698193
0.3004627316587881 1.120981707341948 0.1732143742149661
0.8417795842198221 0.08257616602858153 0.3973669786546612
0.8699365446167334 0.1826110253841484 -0.389996760548611
0.7693104565560192 -0.8711586101434294 0.1696952935280799
0.7896195808177459 -0.7611459353374903 0.2682245349541529
0.6640619751156892 0.3183235747465442 -0.3949139745722425
-1.143811140368329 0.3344120224175868 0.08108987897892858
0.3371056890404873 1.015893137212183 -0.2947936610976788
-1.027204522085967 -0.5237217462680989 -0.1881049418268714
-0.1021797090784295 -0.4052899026972456 0.1185521494703067
1.104866322069902 -0.3434975093987479 0.1803581219257766
-0.199097140529788 1.092469553590361 0.2522149001960009
0.8537055602758843 -0.2005288165907195 0.3925304176815148
-0.4529589624346155 0.01352140936441458 -0.1992549197419419
0.2971697096345657 1.122889239770235 -0.1711262330787723
-1.066203243953749 0.2598006552032696 -0.2674948915468246
0.0988737378877884 1.152541725869747 0.1808634440859965
0.08002320682211833 0.5112537972913911 -0.2831637157004528
-0.001976149591501922 1.158749852815709 -0.1769105255770606
-0.07028986831047482 0.9417801295118758 -0.3730265069259804
0.5147555930445353 -0.8646913313250955 -0.3426882551503945
0.604337015394679 -0.2574445990294613 0.3735221017709805
-0.0838192102202668 -1.189762486103073 0.07601166284326188
0.408315070327381 -0.1587221241578239 0.1703342811443993
0.7705131989960334 0.6962013417198536 -0.321153618588071
0.8290764355981755 -0.07749981219706506 -0.3986619019230124
0.9904557125825069 -0.6094628454142277 0.1681336607232528
1.132875377316995 -0.1671629259806537 0.2021807131474722
-0.5900209113275251 0.9339336708423649 0.2591512595811113
-0.1766477242053673 0.9103594648363079 -0.3791894259934222
1.088298335495665 -0.4022636422736772 -0.1738127089878845
0.9878701925014447 0.6139520225763807 -0.1677832286890589
-0.002226193440804517 -1.102078123006495 -0.2621973477774124
0.4922877736294734 -1.051085802699503 -0.172989313202503
0.3461545245663019 0.280412819886581 0.1852486463599619
0.8498485264122194 -0.7913183016376076 -0.1718184466681475
0.7858936029465659 -0.2942831268471606 0.3980760515207099
-0.811527082387404 -0.832486693711711 -0.1689086025068597
-0.4192216557252675 0.7077818535435547 -0.3993599664121534
0.297656512218914 -1.124891164844295 -0.1667047885714767
-0.6415989961061698 -0.9713954982529239 0.1655011439951912
-0.4877418454844106 -1.001063326073623 0.2483525624272821
-0.5418575946425283 -0.9626041656724222 -0.259225929030913
-0.9237921650975379 -0.04752658130192471 0.3799625263413169
1.064423049822091 -0.1622336985680681 0.2888400059217136
0.5095804877128174 -1.04164395382067 0.1751597646773804
0.7791839904995576 0.7947427973298438 -0.2490744573534923
0.7064190546304233 0.860369194891292 -0.2487810923281464
0.9194656134423771 -0.7126803305785805 -0.1673120333263318
-0.1650973994821291 -0.8166985566537092 0.3986182468709114
-1.173139819412389 -0.2118393836763593 -0.07904139045316386
-1.148169377207241 0.1747809935307993 -0.1714430817434011
-0.4103596570221443 0.006803117300602846 0.09068816076485534
0.616170368686617 -0.868981604170265 -0.2993879210621035
0.5451876033334205 -0.8986982606289771 0.3113365120885016
0.6414510954883436 0.8395047567311111 -0.3069187715645355
0.1444071171640476 -0.4261699151662685 0.1935973689634745
-1.023309439382378 -0.01762746031776237 0.3317605589494954
-0.06319055064042035 0.4593878618258828 -0.2165904458816436
-0.8676378876524472 -0.7666886770723418 0.1787353957095914
0.779028131486482 -0.8000673082992499 -0.2443534047422105
0.3151536450594816 -0.3468932974910259 0.2241073737337157
1.039287444075037 0.5267784602960595 0.1632578478004514
0.628554760090442 -0.9161304584863189 0.2515225130547484
0.1354188720216507 0.455378108815129 -0.2333054431534633
0.2325645511622487 0.5449525952015217 -0.3419721095531358
0.4116035082204747 -0.1544145978008889 -0.1735587086618715
-0.8160207869258675 -0.02648647020625511 0.3996615821754597
-1.090930709714967 0.03517526363126886 0.2739144428771063
-0.3909878030765243 -1.040896681137645 0.2504275765335473
0.472714097081554 -0.1592524080366684 0.2632294339794221
0.9994031223351234 -0.1698154734549718 0.3381130883446564
-1.103049255381871 0.4487197177836432 0.08517557936044184
1.188253878496042 -0.0831237912302993 -0.08363967494972989
1.188571246799175 0.08186582439755993 -0.08255910966641107
1.188308339214304 -0.08174230992419503 0.08383247688749784
1.188308339214296 0.08174230992417632 0.08383247688754072
0.864878337561653 0.7743478982387625 0.1725390365011814
0.6908567434480898 0.07849809620065067 0.3860548495305315
-1.12602631459899 -0.2827012316839076 0.1723352675273093
-1.017030436354397 -0.5626376869695308 0.1695518103751477
0.6776403900584672 -0.1577553081526091 -0.3861789881107126
0.8134384953563663 0.2612791124639929 -0.3962875826375603
0.701979593565962 -0.9178352289326906 -0.183342958940459
-0.1601709455742595 1.149470414897578 0.173161342203387
-1.104027781652239 0.3747370948566106 -0.161625203047099
0.07119724066206702 -0.4719695650653014 -0.2363700768812674
-1.0104884293546 0.6372947356906901 0.06509401382855871
-0.7415481085359166 -0.8932023263533527 0.1724716494486362
0.08229476830592269 1.164260511321916 -0.1587123237485275
-0.9395492249525985 -0.6829108027099662 -0.1711900362598602
0.4680467770312873 0.1643482546209244 -0.260042450337618
0.3740256486487076 -0.1534081823728733 0.05824856667720246
0.3737063064888032 1.099425836864901 0.1718488573249807
1.041981962493348 0.5286526888290092 -0.155783021545248
0.5871174171746466 0.1600133202833077 -0.3511979252467596
-0.1066197620383081 0.5094469130468743 0.2861310652760644
0.7742610995986283 0.8734106398719899 0.1586613465350086
0.4347284958668671 -1.076721219484208 0.1719177371106084
-0.2906763985730419 -1.079312896360819 0.2429453009807316
-0.8627648228859516 0.776115864377943 0.1733567756660156
-0.9349207375887807 0.603565714489785 -0.2492862736451631
-0.6863114106049727 -0.3740843266091084 -0.3995784553987504
-0.5528279657090178 0.5138079421669973 0.3974300270392852
0.3621797117981632 -0.2157075889033052 0.1295189297079841
-0.8171249922817484 0.7643242053614069 -0.2414906687117581
-0.9176569235476112 -0.4982480077436365 -0.3168095782551419
-0.572419842702575 0.4123929042517442 0.3886772900675761
0.9685008610691929 -0.6421998905978373 -0.1700083631597674
0.6603192647482794 -0.996329498195666 -0.06126837311275474
0.4382001595250764 -0.7743966367812826 0.3897941025431171
1.042453299266616 -0.5292401153144225 0.1541502340125082
0.1884350730450638 -1.152698573342138 0.1567695766530057
-0.3712104387162269 1.101742367519172 -0.1688872435839786
0.6908720005951983 0.942953410896622 0.1544966691038522
-0.1649517181260713 -0.739445170205741 0.3977485949823342
0.01107247898619229 -0.494260351769474 0.2580679763315409
-0.2815080254884255 0.7794348840544293 -0.3989681118308315
-0.6635863351880583 0.8952463011565903 0.2473331449492001
0.476982004478074 -0.1496002698007504 -0.2644526901945491
-0.7324985068933484 0.4656297114756513 0.3941834775131232
0.6986697754602216 0.2458599978236004 -0.3955749159190486
0.4319924738694378 0.1712377997523083 0.218104172974499
-1.189876122129169 0.1119089389943353 0.0622460524714961
-0.6270935307046237 -0.9155266345431364 -0.2531512752772898
0.7061500524858541 -0.8667699232462522 -0.2426355680131951
-0.1810448996075292 -0.3793543225283644 -0.1259341346984715
1.149086520428427 0.1674634114341917 0.1718033709925583
1.135399254217004 0.2510145546271102 -0.1684189671839005
0.532919417569926 -0.2707462582097092 0.345102118090507
0.4625341924120651 0.9977686255319013 0.2648428737283027
1.125048537585497 -0.3234547017828102 -0.1504623706087448
0.5602624967762621 -0.1487717826619843 -0.3338538839491276
-0.7880442827892248 0.109477192707759 0.3999759351828424
0.08301884982245493 -1.167107341487617 -0.1518497833816128
0.8514299627505949 0.7351160024964891 0.2333680308756821
-1.067093215790671 -0.4640993167290523 -0.1666142472604803
-0.6352061442857209 0.4726147546554599 -0.3999146975944496
-0.2024948130275192 -0.4323120674975185 0.2364752236314663
0.4634365973405009 1.102501606265782 0.05681500515545151
3 1 0 0
$EndNodes
$Elements
9 11064 1 11064
0 2 15 1
1 1 
0 3 15 1
2 2 
1 3 1 62
3 1 3 
4 3 4 
5 4 5 
6 5 6 
7 6 7 
8 7 8 
9 8 9 
10 9 10 
11 10 11 
12 11 12 
13 12 13 
14 13 14 
15 14 15 
16 15 16 
17 16 17 
18 17 18 
19 18 19 
20 19 20 
21 20 21 
22 21 22 
23 22 23 
24 23 24 
25 24 25 
26 25 26 
27 26 27 
28 27 28 
29 28 29 
30 29 30 
31 30 31 
32 31 32 
33 32 33 
34 33 34 
35 34 35 
36 35 36 
37 36 37 
38 37 38 
39 38 39 
40 39 40 
41 40 41 
42 41 42 
43 42 43 
44 43 44 
45 44 45 
46 45 46 
47 46 47 
48 47 48 
49 48 49 
50 49 50 
51 50 51 
52 51 52 
53 52 53 
54 53 54 
55 54 55 
56 55 56 
57 56 57 
58 57 58 
59 58 59 
60 59 60 
61 60 61 
62 61 62 
63 62 63 
64 63 1 
1 4 1 17
65 1 64 
66 64 65 
67 65 66 
68 66 67 
69 67 68 
70 68 69 
71 69 70 
72 70 71 
73 71 72 
74 72 73 
75 73 74 
76 74 75 
77 75 76 
78 76 77 
79 77 78 
80 78 79 
81 79 1 
1 5 1 67
82 2 80 
83 80 81 
84 81 82 
85 82 83 
86 83 84 
87 84 85 
88 85 86 
89 86 87 
90 87 88 
91 88 89 
92 89 90 
93 90 91 
94 91 92 
95 92 93 
96 93 94 
97 94 95 
98 95 96 
99 96 97 
100 97 98 
101 98 99 
102 99 100 
103 100 101 
104 101 102 
105 102 103 
106 103 104 
107 104 105 
108 105 106 
109 106 107 
110 107 108 
111 108 109 
112 109 110 
113 110 111 
114 111 112 
115 112 113 
116 113 114 
117 114 115 
118 115 116 
119 116 117 
120 117 118 
121 118 119 
122 119 120 
123 120 121 
124 121 122 
125 122 123 
126 123 124 
127 124 125 
128 125 126 
129 126 127 
130 127 128 
131 128 129 
132 129 130 
133 130 131 
134 131 132 
135 132 133 
136 133 134 
137 134 135 
138 135 136 
139 136 137 
140 137 138 
141 138 139 
142 139 140 
143 140 141 
144 141 142 
145 142 143 
146 143 144 
147 144 145 
148 145 2 
1 6 1 23
149 2 146 
150 146 147 
151 147 148 
152 148 149 
153 149 150 
154 150 151 
155 151 152 
156 152 153 
157 153 154 
158 154 155 
159 155 156 
160 156 157 
161 157 158 
162 158 159 
163 159 160 
164 160 161 
165 161 162 
166 162 163 
167 163 164 
168 164 165 
169 165 166 
170 166 167 
171 167 2 
2 2 2 1850
172 3 969 1 
173 1 970 3 
174 63 971 1 
175 1 972 63 
176 1 969 64 
177 64 972 1 
178 79 970 1 
179 1 971 79 
180 4 872 3 
181 3 873 4 
182 872 969 3 
183 3 970 873 
184 5 205 4 
185 4 208 5 
186 205 872 4 
187 4 873 208 
188 6 769 5 
189 5 773 6 
190 5 769 205 
191 208 773 5 
192 6 190 7 
193 7 191 6 
194 6 773 190 
195 191 769 6 
196 8 775 7 
197 7 776 8 
198 190 776 7 
199 7 775 191 
200 9 204 8 
201 8 211 9 
202 204 775 8 
203 8 776 211 
204 9 781 10 
205 10 900 9 
206 9 900 204 
207 211 781 9 
208 11 174 10 
209 10 177 11 
210 174 900 10 
211 10 781 177 
212 11 785 12 
213 12 792 11 
214 11 792 174 
215 177 785 11 
216 12 210 13 
217 13 794 12 
218 12 785 210 
219 12 794 792 
220 14 195 13 
221 13 944 14 
222 195 794 13 
223 210 944 13 
224 14 192 15 
225 15 805 14 
226 14 944 192 
227 14 805 195 
228 16 926 15 
229 15 951 16 
230 192 951 15 
231 15 926 805 
232 17 214 16 
233 16 973 17 
234 214 926 16 
235 951 973 16 
236 17 198 18 
237 18 791 17 
238 17 973 198 
239 17 791 214 
240 19 179 18 
241 18 955 19 
242 179 791 18 
243 198 955 18 
244 19 899 20 
245 20 928 19 
246 19 928 179 
247 608 899 19 
248 19 955 608 
249 20 199 21 
250 21 987 20 
251 20 899 199 
252 20 987 928 
253 22 197 21 
254 21 897 22 
255 197 987 21 
256 199 897 21 
257 22 813 23 
258 23 898 22 
259 22 898 197 
260 22 897 813 
261 23 200 24 
262 24 216 23 
263 23 813 200 
264 216 898 23 
265 25 793 24 
266 24 812 25 
267 200 812 24 
268 24 793 216 
269 26 181 25 
270 25 830 26 
271 181 793 25 
272 812 830 25 
273 26 201 27 
274 27 795 26 
275 26 795 181 
276 26 830 201 
277 28 219 27 
278 27 814 28 
279 201 814 27 
280 219 795 27 
281 28 815 29 
282 29 884 28 
283 28 884 219 
284 814 815 28 
285 30 193 29 
286 29 202 30 
287 193 884 29 
288 29 815 202 
289 31 894 30 
290 30 930 31 
291 30 894 193 
292 202 930 30 
293 32 220 31 
294 31 224 32 
295 220 894 31 
296 31 930 224 
297 33 802 32 
298 32 929 33 
299 32 802 220 
300 224 929 32 
301 34 178 33 
302 33 186 34 
303 178 802 33 
304 33 929 186 
305 34 910 35 
306 35 924 34 
307 34 924 178 
308 186 910 34 
309 36 804 35 
310 35 891 36 
311 804 924 35 
312 35 910 891 
313 37 218 36 
314 36 223 37 
315 218 804 36 
316 36 891 223 
317 38 797 37 
318 37 810 38 
319 37 797 218 
320 223 810 37 
321 38 184 39 
322 39 185 38 
323 38 810 184 
324 185 797 38 
325 40 981 39 
326 39 993 40 
327 184 993 39 
328 39 981 185 
329 41 799 40 
330 40 974 41 
331 711 974 40 
332 40 993 711 
333 799 981 40 
334 42 215 41 
335 41 222 42 
336 215 799 41 
337 41 974 222 
338 43 789 42 
339 42 913 43 
340 42 789 215 
341 222 913 42 
342 44 180 43 
343 43 187 44 
344 180 789 43 
345 43 913 187 
346 44 808 45 
347 45 827 44 
348 44 827 180 
349 187 808 44 
350 45 221 46 
351 46 796 45 
352 45 808 221 
353 796 827 45 
354 47 213 46 
355 46 811 47 
356 213 796 46 
357 221 811 46 
358 48 788 47 
359 47 829 48 
360 47 788 213 
361 811 829 47 
362 48 182 49 
363 49 183 48 
364 48 829 182 
365 183 788 48 
366 49 801 50 
367 50 927 49 
368 182 801 49 
369 49 927 183 
370 51 212 50 
371 50 217 51 
372 212 927 50 
373 50 801 217 
374 52 786 51 
375 51 983 52 
376 51 786 212 
377 217 983 51 
378 53 194 52 
379 52 196 53 
380 194 786 52 
381 52 983 196 
382 53 893 54 
383 54 905 53 
384 53 905 194 
385 196 893 53 
386 54 882 55 
387 55 889 54 
388 54 893 882 
389 889 905 54 
390 56 175 55 
391 55 176 56 
392 175 889 55 
393 55 882 176 
394 56 780 57 
395 57 903 56 
396 56 903 175 
397 176 780 56 
398 58 203 57 
399 57 209 58 
400 203 903 57 
401 57 780 209 
402 58 772 59 
403 59 774 58 
404 58 774 203 
405 209 772 58 
406 60 188 59 
407 59 189 60 
408 188 774 59 
409 59 772 189 
410 61 768 60 
411 60 770 61 
412 60 768 188 
413 189 770 60 
414 62 206 61 
415 61 207 62 
416 206 768 61 
417 61 770 207 
418 63 874 62 
419 62 875 63 
420 62 874 206 
421 207 875 62 
422 63 972 874 
423 875 971 63 
424 65 231 64 
425 64 232 65 
426 231 972 64 
427 64 969 232 
428 65 818 66 
429 66 834 65 
430 65 834 231 
431 232 818 65 
432 66 227 67 
433 67 228 66 
434 66 818 227 
435 228 834 66 
436 67 743 68 
437 68 744 67 
438 227 743 67 
439 67 744 228 
440 69 168 68 
441 68 169 69 
442 168 744 68 
443 68 743 169 
444 69 697 70 
445 70 698 69 
446 69 698 168 
447 169 697 69 
448 71 172 70 
449 70 173 71 
450 172 698 70 
451 70 697 173 
452 72 235 71 
453 71 699 72 
454 71 235 172 
455 173 699 71 
456 73 225 72 
457 72 226 73 
458 225 235 72 
459 72 699 226 
460 74 629 73 
461 73 678 74 
462 73 629 225 
463 226 678 73 
464 75 170 74 
465 74 171 75 
466 170 629 74 
467 74 678 171 
468 76 745 75 
469 75 945 76 
470 75 745 170 
471 171 945 75 
472 76 229 77 
473 77 230 76 
474 76 945 229 
475 230 745 76 
476 78 848 77 
477 77 908 78 
478 229 908 77 
479 77 848 230 
480 79 233 78 
481 78 234 79 
482 233 848 78 
483 78 908 234 
484 79 971 233 
485 234 970 79 
486 698 846 168 
487 168 787 744 
488 168 846 787 
489 681 861 169 
490 169 986 681 
491 169 861 697 
492 743 986 169 
493 170 949 629 
494 745 949 170 
495 171 845 614 
496 614 945 171 
497 678 980 171 
498 171 980 845 
499 235 906 172 
500 172 948 698 
501 906 948 172 
502 697 912 173 
503 173 863 699 
504 173 912 863 
505 599 900 174 
506 174 1003 599 
507 792 890 174 
508 890 1003 174 
509 175 887 721 
510 721 889 175 
511 778 887 175 
512 175 903 778 
513 757 880 176 
514 176 882 757 
515 176 880 780 
516 781 978 177 
517 177 881 785 
518 177 978 881 
519 178 924 767 
520 767 997 178 
521 178 803 802 
522 178 997 803 
523 742 888 179 
524 179 928 742 
525 179 888 791 
526 180 865 789 
527 827 946 180 
528 180 946 865 
529 181 795 630 
530 630 896 181 
531 181 896 793 
532 182 1008 801 
533 829 885 182 
534 885 1008 182 
535 183 927 784 
536 784 965 183 
537 183 965 788 
538 184 844 710 
539 710 993 184 
540 810 844 184 
541 185 798 797 
542 185 1014 798 
543 981 1014 185 
544 650 651 186 
545 186 929 650 
546 651 652 186 
547 652 910 186 
548 187 864 808 
549 187 952 864 
550 913 952 187 
551 768 933 188 
552 188 859 774 
553 188 933 859 
554 623 770 189 
555 189 771 623 
556 189 772 771 
557 773 1013 190 
558 190 819 776 
559 190 1013 819 
560 191 879 769 
561 775 992 191 
562 852 879 191 
563 191 992 852 
564 192 935 728 
565 728 951 192 
566 748 935 192 
567 192 944 748 
568 193 851 762 
569 762 884 193 
570 193 894 851 
571 720 835 194 
572 194 905 720 
573 194 835 786 
574 671 907 195 
575 195 995 671 
576 195 907 794 
577 805 995 195 
578 736 921 196 
579 196 983 736 
580 756 893 196 
581 196 921 756 
582 739 740 197 
583 197 741 739 
584 740 987 197 
585 197 898 741 
586 198 727 726 
587 726 869 198 
588 198 973 727 
589 869 955 198 
590 199 899 607 
591 607 1000 199 
592 199 1000 897 
593 200 942 812 
594 813 996 200 
595 200 996 942 
596 201 1011 814 
597 830 954 201 
598 954 1011 201 
599 646 648 202 
600 202 815 646 
601 648 930 202 
602 774 947 203 
603 778 903 203 
604 203 947 778 
605 204 900 599 
606 599 931 204 
607 204 992 775 
608 931 992 204 
609 769 1005 205 
610 205 878 872 
611 205 1005 878 
612 689 768 206 
613 206 957 689 
614 874 957 206 
615 770 937 207 
616 862 875 207 
617 207 937 862 
618 208 943 773 
619 873 904 208 
620 904 943 208 
621 209 886 772 
622 780 940 209 
623 209 940 886 
624 748 944 210 
625 210 991 748 
626 785 991 210 
627 776 923 211 
628 211 841 781 
629 211 923 841 
630 212 916 784 
631 784 927 212 
632 786 989 212 
633 212 989 916 
634 788 826 213 
635 213 936 796 
636 826 936 213 
637 214 871 595 
638 595 926 214 
639 214 791 760 
640 760 871 214 
641 215 789 754 
642 754 790 215 
643 790 799 215 
644 216 793 593 
645 593 920 216 
646 216 920 898 
647 735 736 217 
648 217 847 735 
649 736 983 217 
650 801 847 217 
651 797 832 218 
652 218 918 804 
653 832 918 218 
654 219 982 795 
655 884 932 219 
656 932 982 219 
657 220 860 661 
658 661 894 220 
659 802 860 220 
660 808 809 221 
661 809 963 221 
662 221 963 811 
663 638 913 222 
664 222 975 638 
665 222 974 892 
666 892 975 222 
667 223 747 604 
668 604 915 223 
669 223 891 747 
670 223 915 810 
671 648 649 224 
672 224 930 648 
673 649 650 224 
674 650 929 224 
675 225 236 235 
676 225 237 236 
677 225 629 237 
678 676 678 226 
679 226 858 676 
680 699 858 226 
681 227 818 600 
682 600 911 227 
683 227 911 743 
684 744 1007 228 
685 228 939 834 
686 228 1007 939 
687 612 613 229 
688 229 614 612 
689 613 908 229 
690 229 945 614 
691 230 848 642 
692 642 962 230 
693 230 962 745 
694 231 834 690 
695 690 957 231 
696 231 957 874 
697 874 972 231 
698 232 878 818 
699 872 878 232 
700 232 969 872 
701 233 1004 848 
702 233 971 875 
703 875 1004 233 
704 613 904 234 
705 234 908 613 
706 234 904 873 
707 873 970 234 
708 236 906 235 
709 237 238 236 
710 238 239 236 
711 239 906 236 
712 237 301 238 
713 237 511 301 
714 237 629 511 
715 238 240 239 
716 238 635 240 
717 301 635 238 
718 240 241 239 
719 241 855 239 
720 855 906 239 
721 240 242 241 
722 240 256 242 
723 240 635 256 
724 242 243 241 
725 243 255 241 
726 255 855 241 
727 242 244 243 
728 242 621 244 
729 256 621 242 
730 244 245 243 
731 245 632 243 
732 243 632 255 
733 244 246 245 
734 244 615 246 
735 244 621 615 
736 246 247 245 
737 247 300 245 
738 300 632 245 
739 246 248 247 
740 246 249 248 
741 246 615 249 
742 248 639 247 
743 247 406 300 
744 247 639 406 
745 249 250 248 
746 250 251 248 
747 251 639 248 
748 249 376 250 
749 249 377 376 
750 249 615 377 
751 250 252 251 
752 250 637 252 
753 376 637 250 
754 252 253 251 
755 253 297 251 
756 297 639 251 
757 252 254 253 
758 252 257 254 
759 252 637 257 
760 254 657 253 
761 253 305 297 
762 253 657 305 
763 257 258 254 
764 258 266 254 
765 266 657 254 
766 596 855 255 
767 255 994 596 
768 632 994 255 
769 256 684 621 
770 635 655 256 
771 655 684 256 
772 257 259 258 
773 257 261 259 
774 257 637 261 
775 259 260 258 
776 260 616 258 
777 258 616 266 
778 259 262 260 
779 261 603 259 
780 259 603 262 
781 262 263 260 
782 263 267 260 
783 267 616 260 
784 261 680 603 
785 637 958 261 
786 261 958 680 
787 262 264 263 
788 262 268 264 
789 262 603 268 
790 264 265 263 
791 265 618 263 
792 263 618 267 
793 264 269 265 
794 268 663 264 
795 264 663 269 
796 269 270 265 
797 270 271 265 
798 271 618 265 
799 598 657 266 
800 266 658 598 
801 616 956 266 
802 266 956 658 
803 267 617 616 
804 267 626 617 
805 618 626 267 
806 601 700 268 
807 268 938 601 
808 603 938 268 
809 268 700 663 
810 269 306 270 
811 269 310 306 
812 269 663 310 
813 270 272 271 
814 270 633 272 
815 306 633 270 
816 272 273 271 
817 273 622 271 
818 271 622 618 
819 272 274 273 
820 272 303 274 
821 272 633 303 
822 274 275 273 
823 275 299 273 
824 299 622 273 
825 274 276 275 
826 274 524 276 
827 303 524 274 
828 276 277 275 
829 277 624 275 
830 275 624 299 
831 276 278 277 
832 276 290 278 
833 276 524 290 
834 278 279 277 
835 279 302 277 
836 302 624 277 
837 278 280 279 
838 278 619 280 
839 290 619 278 
840 280 281 279 
841 281 488 279 
842 279 488 302 
843 280 282 281 
844 280 283 282 
845 280 619 283 
846 282 643 281 
847 281 489 488 
848 281 643 489 
849 283 284 282 
850 284 285 282 
851 285 643 282 
852 283 876 284 
853 619 662 283 
854 662 876 283 
855 284 286 285 
856 284 288 286 
857 284 876 288 
858 286 287 285 
859 287 298 285 
860 298 643 285 
861 286 289 287 
862 288 631 286 
863 286 631 289 
864 289 291 287 
865 291 586 287 
866 287 586 298 
867 288 967 631 
868 288 876 867 
869 867 967 288 
870 289 292 291 
871 289 293 292 
872 289 631 293 
873 524 575 290 
874 575 620 290 
875 290 620 619 
876 292 656 291 
877 291 877 586 
878 656 877 291 
879 293 294 292 
880 294 295 292 
881 295 656 292 
882 293 304 294 
883 293 333 304 
884 293 631 333 
885 294 296 295 
886 294 659 296 
887 304 659 294 
888 296 307 295 
889 307 308 295 
890 308 656 295 
891 296 309 307 
892 296 314 309 
893 296 659 314 
894 305 311 297 
895 311 999 297 
896 297 999 639 
897 586 866 298 
898 298 977 643 
899 866 977 298 
900 299 856 622 
901 624 625 299 
902 625 856 299 
903 406 407 300 
904 407 408 300 
905 408 632 300 
906 511 850 301 
907 301 669 635 
908 301 850 669 
909 488 605 302 
910 605 1012 302 
911 302 682 624 
912 302 1012 682 
913 303 837 524 
914 633 634 303 
915 634 837 303 
916 333 334 304 
917 334 609 304 
918 609 659 304 
919 305 312 311 
920 305 707 312 
921 657 707 305 
922 310 313 306 
923 313 695 306 
924 306 695 633 
925 307 953 308 
926 309 317 307 
927 317 953 307 
928 308 988 656 
929 308 953 842 
930 842 988 308 
931 314 315 309 
932 315 816 309 
933 309 816 317 
934 310 316 313 
935 310 397 316 
936 310 663 397 
937 312 318 311 
938 318 319 311 
939 319 999 311 
940 312 320 318 
941 312 321 320 
942 312 707 321 
943 316 322 313 
944 322 323 313 
945 323 695 313 
946 314 329 315 
947 314 484 329 
948 314 659 484 
949 329 330 315 
950 330 331 315 
951 331 816 315 
952 316 833 322 
953 397 398 316 
954 398 833 316 
955 317 816 712 
956 712 1009 317 
957 317 1009 953 
958 318 326 319 
959 320 824 318 
960 318 824 326 
961 326 327 319 
962 327 917 319 
963 319 917 640 
964 640 999 319 
965 321 422 320 
966 422 424 320 
967 424 824 320 
968 321 423 422 
969 321 429 423 
970 321 707 429 
971 322 324 323 
972 322 328 324 
973 322 833 328 
974 324 325 323 
975 325 425 323 
976 425 695 323 
977 324 493 325 
978 328 976 324 
979 324 976 493 
980 325 490 425 
981 325 868 490 
982 493 868 325 
983 326 481 327 
984 326 483 481 
985 326 824 483 
986 481 482 327 
987 482 512 327 
988 512 917 327 
989 328 833 746 
990 746 950 328 
991 950 976 328 
992 329 704 330 
993 484 521 329 
994 521 704 329 
995 330 332 331 
996 330 478 332 
997 330 704 478 
998 332 469 331 
999 469 472 331 
1000 472 816 331 
1001 332 822 469 
1002 478 479 332 
1003 479 822 332 
1004 333 335 334 
1005 333 567 335 
1006 333 631 567 
1007 335 336 334 
1008 336 372 334 
1009 372 609 334 
1010 335 337 336 
1011 335 627 337 
1012 567 627 335 
1013 337 338 336 
1014 338 664 336 
1015 336 664 372 
1016 337 339 338 
1017 337 340 339 
1018 337 627 340 
1019 339 341 338 
1020 341 344 338 
1021 344 664 338 
1022 340 342 339 
1023 339 692 341 
1024 342 692 339 
1025 340 343 342 
1026 340 686 343 
1027 627 686 340 
1028 341 345 344 
1029 341 346 345 
1030 341 692 346 
1031 343 349 342 
1032 349 426 342 
1033 426 692 342 
1034 343 350 349 
1035 343 351 350 
1036 343 686 351 
1037 345 679 344 
1038 344 665 664 
1039 344 679 665 
1040 346 347 345 
1041 347 348 345 
1042 348 679 345 
1043 346 405 347 
1044 346 693 405 
1045 692 693 346 
1046 347 374 348 
1047 347 723 374 
1048 405 723 347 
1049 374 375 348 
1050 375 500 348 
1051 500 679 348 
1052 350 823 349 
1053 349 427 426 
1054 349 823 427 
1055 351 352 350 
1056 352 404 350 
1057 404 823 350 
1058 351 353 352 
1059 351 473 353 
1060 351 686 473 
1061 353 354 352 
1062 354 724 352 
1063 352 724 404 
1064 353 355 354 
1065 353 706 355 
1066 473 706 353 
1067 355 356 354 
1068 356 883 354 
1069 354 883 724 
1070 355 357 356 
1071 355 358 357 
1072 355 706 358 
1073 357 499 356 
1074 499 507 356 
1075 507 883 356 
1076 358 359 357 
1077 359 820 357 
1078 357 820 499 
1079 358 360 359 
1080 358 403 360 
1081 358 706 403 
1082 360 361 359 
1083 361 362 359 
1084 362 820 359 
1085 360 702 361 
1086 403 502 360 
1087 502 702 360 
1088 361 363 362 
1089 361 364 363 
1090 361 702 364 
1091 363 495 362 
1092 495 496 362 
1093 496 820 362 
1094 364 365 363 
1095 365 836 363 
1096 363 836 495 
1097 364 366 365 
1098 364 503 366 
1099 364 702 503 
1100 366 367 365 
1101 367 373 365 
1102 373 836 365 
1103 366 368 367 
1104 366 696 368 
1105 503 696 366 
1106 368 369 367 
1107 369 840 367 
1108 367 840 373 
1109 368 370 369 
1110 368 501 370 
1111 368 696 501 
1112 370 371 369 
1113 371 498 369 
1114 498 840 369 
1115 370 828 371 
1116 501 546 370 
1117 546 828 370 
1118 371 523 498 
1119 371 576 523 
1120 371 828 576 
1121 372 817 609 
1122 664 666 372 
1123 666 817 372 
1124 373 941 836 
1125 840 909 373 
1126 909 941 373 
1127 374 518 375 
1128 374 540 518 
1129 374 723 540 
1130 375 779 500 
1131 518 519 375 
1132 519 779 375 
1133 377 378 376 
1134 378 549 376 
1135 549 637 376 
1136 377 379 378 
1137 377 645 379 
1138 615 645 377 
1139 379 380 378 
1140 380 653 378 
1141 378 653 549 
1142 379 381 380 
1143 379 384 381 
1144 379 645 384 
1145 381 382 380 
1146 382 383 380 
1147 383 653 380 
1148 381 800 382 
1149 384 385 381 
1150 385 800 381 
1151 382 389 383 
1152 382 470 389 
1153 382 800 470 
1154 389 390 383 
1155 390 392 383 
1156 392 653 383 
1157 384 386 385 
1158 384 497 386 
1159 384 645 497 
1160 386 387 385 
1161 387 391 385 
1162 391 800 385 
1163 386 388 387 
1164 386 895 388 
1165 497 895 386 
1166 388 457 387 
1167 387 733 391 
1168 457 733 387 
1169 388 458 457 
1170 388 459 458 
1171 388 895 459 
1172 389 839 390 
1173 470 471 389 
1174 471 839 389 
1175 390 393 392 
1176 390 394 393 
1177 390 839 394 
1178 687 800 391 
1179 391 821 687 
1180 733 821 391 
1181 393 703 392 
1182 392 654 653 
1183 392 703 654 
1184 394 395 393 
1185 395 396 393 
1186 396 703 393 
1187 394 763 395 
1188 394 914 763 
1189 839 914 394 
1190 395 402 396 
1191 395 528 402 
1192 395 763 528 
1193 402 901 396 
1194 396 979 703 
1195 901 979 396 
1196 397 399 398 
1197 397 700 399 
1198 663 700 397 
1199 399 400 398 
1200 400 477 398 
1201 477 833 398 
1202 399 401 400 
1203 399 476 401 
1204 399 700 476 
1205 401 806 400 
1206 400 506 477 
1207 400 806 506 
1208 476 535 401 
1209 535 536 401 
1210 536 806 401 
1211 528 564 402 
1212 564 708 402 
1213 708 901 402 
1214 403 531 502 
1215 403 644 531 
1216 403 706 644 
1217 724 725 404 
1218 725 849 404 
1219 404 849 823 
1220 405 693 636 
1221 636 694 405 
1222 694 723 405 
1223 406 641 407 
1224 639 640 406 
1225 640 641 406 
1226 407 409 408 
1227 407 660 409 
1228 641 660 407 
1229 409 410 408 
1230 410 587 408 
1231 587 632 408 
1232 409 411 410 
1233 409 413 411 
1234 409 660 413 
1235 411 412 410 
1236 412 668 410 
1237 410 668 587 
1238 411 414 412 
1239 413 717 411 
1240 411 717 414 
1241 414 415 412 
1242 415 416 412 
1243 416 668 412 
1244 660 964 413 
1245 413 857 717 
1246 413 964 857 
1247 414 722 415 
1248 717 718 414 
1249 718 722 414 
1250 415 417 416 
1251 415 527 417 
1252 415 722 527 
1253 417 418 416 
1254 418 670 416 
1255 416 670 668 
1256 417 419 418 
1257 417 777 419 
1258 527 777 417 
1259 419 420 418 
1260 420 421 418 
1261 421 670 418 
1262 419 751 420 
1263 419 752 751 
1264 419 777 752 
1265 420 474 421 
1266 420 475 474 
1267 420 751 475 
1268 474 515 421 
1269 515 516 421 
1270 516 670 421 
1271 423 753 422 
1272 422 565 424 
1273 422 753 565 
1274 429 430 423 
1275 430 504 423 
1276 504 753 423 
1277 565 566 424 
1278 566 825 424 
1279 424 825 824 
1280 490 934 425 
1281 634 695 425 
1282 425 934 634 
1283 427 428 426 
1284 428 693 426 
1285 426 693 692 
1286 427 588 428 
1287 427 589 588 
1288 427 823 589 
1289 588 590 428 
1290 590 636 428 
1291 636 693 428 
1292 429 431 430 
1293 429 598 431 
1294 429 707 598 
1295 431 432 430 
1296 432 729 430 
1297 430 729 504 
1298 431 433 432 
1299 431 658 433 
1300 598 658 431 
1301 433 434 432 
1302 434 447 432 
1303 447 729 432 
1304 433 435 434 
1305 433 480 435 
1306 433 658 480 
1307 435 436 434 
1308 436 758 434 
1309 434 758 447 
1310 435 437 436 
1311 435 705 437 
1312 480 705 435 
1313 437 438 436 
1314 438 494 436 
1315 494 758 436 
1316 437 439 438 
1317 437 440 439 
1318 437 705 440 
1319 439 442 438 
1320 442 764 438 
1321 438 764 494 
1322 440 441 439 
1323 441 713 439 
1324 439 713 442 
1325 440 443 441 
1326 440 505 443 
1327 440 705 505 
1328 443 444 441 
1329 444 445 441 
1330 445 713 441 
1331 713 766 442 
1332 442 765 764 
1333 442 766 765 
1334 443 691 444 
1335 505 517 443 
1336 517 691 443 
1337 444 446 445 
1338 444 448 446 
1339 444 691 448 
1340 446 750 445 
1341 445 714 713 
1342 445 750 714 
1343 448 449 446 
1344 449 450 446 
1345 450 750 446 
1346 447 730 729 
1347 447 731 730 
1348 447 758 731 
1349 448 984 449 
1350 683 984 448 
1351 448 985 683 
1352 691 985 448 
1353 449 451 450 
1354 449 452 451 
1355 449 984 452 
1356 451 520 450 
1357 520 547 450 
1358 547 750 450 
1359 452 453 451 
1360 453 761 451 
1361 451 761 520 
1362 452 454 453 
1363 452 514 454 
1364 452 984 514 
1365 454 455 453 
1366 455 537 453 
1367 537 761 453 
1368 454 456 455 
1369 454 853 456 
1370 514 853 454 
1371 456 486 455 
1372 486 807 455 
1373 455 807 537 
1374 456 487 486 
1375 456 701 487 
1376 456 853 701 
1377 458 755 457 
1378 457 734 733 
1379 457 755 734 
1380 459 460 458 
1381 460 464 458 
1382 464 755 458 
1383 459 461 460 
1384 459 685 461 
1385 459 895 685 
1386 461 462 460 
1387 462 838 460 
1388 460 838 464 
1389 461 463 462 
1390 461 485 463 
1391 461 685 485 
1392 463 465 462 
1393 465 539 462 
1394 539 838 462 
1395 463 466 465 
1396 463 716 466 
1397 485 716 463 
1398 464 756 755 
1399 464 757 756 
1400 464 838 757 
1401 466 467 465 
1402 467 782 465 
1403 465 782 539 
1404 466 468 467 
1405 466 508 468 
1406 466 716 508 
1407 468 925 467 
1408 771 886 467 
1409 467 925 771 
1410 467 886 782 
1411 508 509 468 
1412 509 510 468 
1413 510 925 468 
1414 469 543 472 
1415 469 544 543 
1416 469 822 544 
1417 470 529 471 
1418 470 687 529 
1419 470 800 687 
1420 529 530 471 
1421 530 548 471 
1422 548 839 471 
1423 543 545 472 
1424 545 712 472 
1425 712 816 472 
1426 628 644 473 
1427 473 686 628 
1428 644 706 473 
1429 475 572 474 
1430 474 787 515 
1431 572 787 474 
1432 475 573 572 
1433 475 574 573 
1434 475 751 574 
1435 476 571 535 
1436 476 601 571 
1437 476 700 601 
1438 506 604 477 
1439 604 746 477 
1440 746 833 477 
1441 478 532 479 
1442 478 681 532 
1443 478 704 681 
1444 532 533 479 
1445 533 534 479 
1446 534 822 479 
1447 480 956 617 
1448 617 990 480 
1449 658 956 480 
1450 480 990 705 
1451 481 783 482 
1452 483 577 481 
1453 577 783 481 
1454 482 513 512 
1455 482 541 513 
1456 482 783 541 
1457 483 826 577 
1458 824 825 483 
1459 825 826 483 
1460 484 522 521 
1461 484 609 522 
1462 484 659 609 
1463 655 669 485 
1464 485 685 655 
1465 669 716 485 
1466 487 525 486 
1467 525 630 486 
1468 630 807 486 
1469 487 526 525 
1470 487 610 526 
1471 487 701 610 
1472 489 491 488 
1473 491 605 488 
1474 489 492 491 
1475 489 551 492 
1476 489 643 551 
1477 828 934 490 
1478 490 998 828 
1479 868 998 490 
1480 492 1002 491 
1481 491 701 605 
1482 491 1002 701 
1483 551 552 492 
1484 552 961 492 
1485 961 1002 492 
1486 493 650 649 
1487 649 868 493 
1488 493 651 650 
1489 493 976 651 
1490 494 798 758 
1491 764 832 494 
1492 494 832 798 
1493 495 570 496 
1494 495 591 570 
1495 495 836 591 
1496 570 606 496 
1497 606 843 496 
1498 496 843 820 
1499 645 959 497 
1500 684 895 497 
1501 497 959 684 
1502 523 550 498 
1503 550 611 498 
1504 611 840 498 
1505 499 607 507 
1506 499 843 607 
1507 820 843 499 
1508 677 679 500 
1509 500 845 677 
1510 779 845 500 
1511 501 837 546 
1512 696 1010 501 
1513 501 1010 837 
1514 531 662 502 
1515 662 919 502 
1516 502 919 702 
1517 503 620 575 
1518 575 696 503 
1519 503 919 620 
1520 702 919 503 
1521 729 790 504 
1522 504 754 753 
1523 504 790 754 
1524 505 626 517 
1525 505 990 626 
1526 705 990 505 
1527 506 915 604 
1528 806 844 506 
1529 844 915 506 
1530 607 608 507 
1531 608 869 507 
1532 869 883 507 
1533 508 715 509 
1534 508 850 715 
1535 716 850 508 
1536 509 568 510 
1537 509 578 568 
1538 509 715 578 
1539 568 569 510 
1540 569 623 510 
1541 623 925 510 
1542 629 949 511 
1543 715 850 511 
1544 511 949 715 
1545 513 964 512 
1546 512 660 641 
1547 641 917 512 
1548 512 964 660 
1549 541 542 513 
1550 542 857 513 
1551 857 964 513 
1552 514 683 682 
1553 682 1012 514 
1554 514 984 683 
1555 514 1012 853 
1556 515 538 516 
1557 515 846 538 
1558 787 846 515 
1559 538 596 516 
1560 596 667 516 
1561 667 670 516 
1562 626 968 517 
1563 517 856 691 
1564 517 968 856 
1565 518 584 519 
1566 540 819 518 
1567 518 819 584 
1568 584 585 519 
1569 585 612 519 
1570 612 779 519 
1571 520 661 547 
1572 520 851 661 
1573 761 851 520 
1574 522 912 521 
1575 521 861 704 
1576 521 912 861 
1577 609 817 522 
1578 817 863 522 
1579 863 912 522 
1580 523 815 550 
1581 576 646 523 
1582 646 815 523 
1583 524 1010 575 
1584 837 1010 524 
1585 526 593 525 
1586 593 896 525 
1587 525 896 630 
1588 526 594 593 
1589 526 870 594 
1590 610 870 526 
1591 722 887 527 
1592 527 778 777 
1593 527 887 778 
1594 528 638 564 
1595 528 952 638 
1596 763 952 528 
1597 529 885 530 
1598 687 688 529 
1599 688 885 529 
1600 530 963 548 
1601 530 829 811 
1602 811 963 530 
1603 530 885 829 
1604 644 867 531 
1605 531 876 662 
1606 867 876 531 
1607 532 911 533 
1608 681 986 532 
1609 532 986 911 
1610 533 592 534 
1611 533 600 592 
1612 533 911 600 
1613 592 879 534 
1614 534 852 822 
1615 534 879 852 
1616 535 708 536 
1617 571 901 535 
1618 535 901 708 
1619 708 709 536 
1620 709 710 536 
1621 710 806 536 
1622 537 762 761 
1623 537 932 762 
1624 807 932 537 
1625 538 597 596 
1626 538 948 597 
1627 846 948 538 
1628 782 940 539 
1629 539 880 838 
1630 539 940 880 
1631 723 841 540 
1632 540 923 819 
1633 841 923 540 
1634 541 916 542 
1635 783 784 541 
1636 784 916 541 
1637 835 960 542 
1638 542 989 835 
1639 542 960 857 
1640 916 989 542 
1641 544 931 543 
1642 543 599 545 
1643 543 931 599 
1644 822 852 544 
1645 852 992 544 
1646 544 992 931 
1647 599 1003 545 
1648 545 902 712 
1649 545 1003 902 
1650 546 837 634 
1651 634 934 546 
1652 546 934 828 
1653 661 860 547 
1654 547 922 750 
1655 860 922 547 
1656 809 914 548 
1657 548 963 809 
1658 548 914 839 
1659 549 958 637 
1660 653 654 549 
1661 654 958 549 
1662 550 1011 611 
1663 550 815 814 
1664 814 1011 550 
1665 551 553 552 
1666 551 977 553 
1667 643 977 551 
1668 553 554 552 
1669 554 560 552 
1670 560 961 552 
1671 553 555 554 
1672 553 866 555 
1673 553 977 866 
1674 555 556 554 
1675 556 737 554 
1676 554 737 560 
1677 555 557 556 
1678 555 558 557 
1679 555 866 558 
1680 557 749 556 
1681 556 738 737 
1682 556 749 738 
1683 558 559 557 
1684 559 563 557 
1685 563 749 557 
1686 558 561 559 
1687 558 966 561 
1688 866 966 558 
1689 561 562 559 
1690 562 759 559 
1691 559 759 563 
1692 737 854 560 
1693 854 870 560 
1694 870 961 560 
1695 561 579 562 
1696 561 877 579 
1697 561 966 877 
1698 579 580 562 
1699 580 581 562 
1700 581 759 562 
1701 563 888 749 
1702 759 760 563 
1703 760 888 563 
1704 638 975 564 
1705 564 709 708 
1706 564 975 709 
1707 565 946 566 
1708 753 865 565 
1709 865 946 565 
1710 566 827 796 
1711 796 936 566 
1712 566 936 825 
1713 566 946 827 
1714 567 628 627 
1715 567 967 628 
1716 631 967 567 
1717 568 642 569 
1718 578 962 568 
1719 568 962 642 
1720 569 937 623 
1721 642 862 569 
1722 862 937 569 
1723 591 996 570 
1724 570 813 606 
1725 570 996 813 
1726 601 602 571 
1727 602 979 571 
1728 571 979 901 
1729 573 939 572 
1730 572 1007 787 
1731 939 1007 572 
1732 574 689 573 
1733 689 690 573 
1734 690 939 573 
1735 574 933 689 
1736 751 859 574 
1737 859 933 574 
1738 575 1010 696 
1739 576 647 646 
1740 576 998 647 
1741 828 998 576 
1742 577 965 783 
1743 577 826 788 
1744 788 965 577 
1745 715 949 578 
1746 578 949 745 
1747 745 962 578 
1748 579 842 580 
1749 579 988 842 
1750 877 988 579 
1751 580 582 581 
1752 580 583 582 
1753 580 842 583 
1754 582 595 581 
1755 595 871 581 
1756 581 871 759 
1757 583 671 582 
1758 582 995 595 
1759 671 995 582 
1760 583 672 671 
1761 583 673 672 
1762 583 842 673 
1763 584 943 585 
1764 819 1013 584 
1765 584 1013 943 
1766 585 613 612 
1767 585 904 613 
1768 585 943 904 
1769 586 966 866 
1770 877 966 586 
1771 587 994 632 
1772 587 668 667 
1773 667 994 587 
1774 589 748 588 
1775 588 991 590 
1776 748 991 588 
1777 589 935 748 
1778 823 849 589 
1779 849 935 589 
1780 590 881 636 
1781 785 881 590 
1782 590 991 785 
1783 836 941 591 
1784 941 942 591 
1785 942 996 591 
1786 600 878 592 
1787 878 1005 592 
1788 592 1005 879 
1789 594 920 593 
1790 793 896 593 
1791 594 854 741 
1792 741 920 594 
1793 594 870 854 
1794 805 926 595 
1795 595 995 805 
1796 597 855 596 
1797 596 994 667 
1798 597 906 855 
1799 597 948 906 
1800 598 707 657 
1801 818 878 600 
1802 601 938 602 
1803 680 703 602 
1804 602 938 680 
1805 703 979 602 
1806 680 938 603 
1807 604 747 746 
1808 701 853 605 
1809 853 1012 605 
1810 813 897 606 
1811 606 1000 843 
1812 897 1000 606 
1813 607 899 608 
1814 843 1000 607 
1815 608 955 869 
1816 701 1002 610 
1817 610 961 870 
1818 610 1002 961 
1819 611 909 840 
1820 611 954 909 
1821 611 1011 954 
1822 614 779 612 
1823 614 845 779 
1824 621 959 615 
1825 615 959 645 
1826 617 956 616 
1827 626 990 617 
1828 622 968 618 
1829 618 968 626 
1830 620 1006 619 
1831 619 1006 662 
1832 919 1006 620 
1833 684 959 621 
1834 856 968 622 
1835 623 937 770 
1836 771 925 623 
1837 624 682 625 
1838 682 683 625 
1839 683 985 625 
1840 625 985 856 
1841 628 686 627 
1842 628 867 644 
1843 628 967 867 
1844 795 982 630 
1845 630 982 807 
1846 633 695 634 
1847 635 669 655 
1848 636 881 694 
1849 638 952 913 
1850 639 999 640 
1851 640 917 641 
1852 848 1004 642 
1853 642 1004 862 
1854 647 648 646 
1855 647 649 648 
1856 647 868 649 
1857 647 998 868 
1858 651 950 652 
1859 651 976 950 
1860 747 910 652 
1861 652 950 747 
1862 654 703 680 
1863 680 958 654 
1864 655 685 684 
1865 656 988 877 
1866 851 894 661 
1867 662 1006 919 
1868 665 666 664 
1869 665 676 666 
1870 665 677 676 
1871 665 679 677 
1872 676 858 666 
1873 666 858 817 
1874 668 670 667 
1875 669 850 716 
1876 672 907 671 
1877 673 674 672 
1878 674 675 672 
1879 675 907 672 
1880 673 1009 674 
1881 842 953 673 
1882 953 1009 673 
1883 674 902 675 
1884 712 902 674 
1885 674 1009 712 
1886 675 902 890 
1887 890 1001 675 
1888 675 1001 907 
1889 677 980 676 
1890 676 980 678 
1891 845 980 677 
1892 704 861 681 
1893 685 895 684 
1894 687 821 688 
1895 821 847 688 
1896 847 1008 688 
1897 688 1008 885 
1898 689 957 690 
1899 689 933 768 
1900 834 939 690 
1901 856 985 691 
1902 694 841 723 
1903 694 978 841 
1904 881 978 694 
1905 861 912 697 
1906 698 948 846 
1907 699 863 858 
1908 709 711 710 
1909 709 892 711 
1910 709 975 892 
1911 711 993 710 
1912 710 844 806 
1913 892 974 711 
1914 714 766 713 
1915 750 922 714 
1916 714 997 766 
1917 714 922 803 
1918 803 997 714 
1919 717 719 718 
1920 717 857 719 
1921 719 720 718 
1922 720 721 718 
1923 721 722 718 
1924 719 835 720 
1925 719 960 835 
1926 857 960 719 
1927 720 905 721 
1928 721 887 722 
1929 721 905 889 
1930 724 726 725 
1931 724 883 726 
1932 726 727 725 
1933 727 728 725 
1934 728 849 725 
1935 726 883 869 
1936 727 951 728 
1937 727 973 951 
1938 728 935 849 
1939 730 790 729 
1940 731 732 730 
1941 732 799 730 
1942 730 799 790 
1943 731 1014 732 
1944 758 798 731 
1945 798 1014 731 
1946 732 981 799 
1947 732 1014 981 
1948 734 735 733 
1949 735 821 733 
1950 734 736 735 
1951 734 921 736 
1952 755 921 734 
1953 735 847 821 
1954 738 739 737 
1955 739 854 737 
1956 738 740 739 
1957 738 742 740 
1958 738 749 742 
1959 741 854 739 
1960 742 928 740 
1961 928 987 740 
1962 898 920 741 
1963 749 888 742 
1964 911 986 743 
1965 787 1007 744 
1966 747 950 746 
1967 891 910 747 
1968 752 859 751 
1969 774 859 752 
1970 752 947 774 
1971 777 947 752 
1972 754 865 753 
1973 789 865 754 
1974 756 921 755 
1975 757 882 756 
1976 882 893 756 
1977 838 880 757 
1978 759 871 760 
1979 791 888 760 
1980 762 851 761 
1981 762 932 884 
1982 809 864 763 
1983 763 914 809 
1984 864 952 763 
1985 765 918 764 
1986 764 918 832 
1987 766 767 765 
1988 767 804 765 
1989 804 918 765 
1990 766 997 767 
1991 767 924 804 
1992 879 1005 769 
1993 772 886 771 
1994 943 1013 773 
1995 819 923 776 
1996 778 947 777 
1997 880 940 780 
1998 841 978 781 
1999 886 940 782 
2000 783 965 784 
2001 835 989 786 
2002 794 1001 792 
2003 792 1001 890 
2004 907 1001 794 
2005 798 832 797 
2006 801 1008 847 
2007 803 860 802 
2008 803 922 860 
2009 807 982 932 
2010 808 864 809 
2011 810 915 844 
2012 812 831 830 
2013 812 942 831 
2014 858 863 817 
2015 825 936 826 
2016 831 954 830 
2017 831 941 909 
2018 909 954 831 
2019 831 942 941 
2020 862 1004 875 
2021 902 1003 890 
2 3 2 2468
2022 2 2094 80 
2023 80 2096 2 
2024 145 2093 2 
2025 2 2095 145 
2026 146 2095 2 
2027 2 2096 146 
2028 2 2093 167 
2029 167 2094 2 
2030 80 1085 81 
2031 81 1088 80 
2032 80 2094 1085 
2033 1088 2096 80 
2034 81 1768 82 
2035 82 1770 81 
2036 1085 1768 81 
2037 81 1770 1088 
2038 83 1048 82 
2039 82 1049 83 
2040 1048 1770 82 
2041 82 1768 1049 
2042 83 1776 84 
2043 84 1780 83 
2044 83 1780 1048 
2045 1049 1776 83 
2046 85 1781 84 
2047 84 1794 85 
2048 1776 1794 84 
2049 84 1781 1780 
2050 86 1036 85 
2051 85 1037 86 
2052 1036 1781 85 
2053 85 1794 1037 
2054 86 1796 87 
2055 87 1803 86 
2056 86 1803 1036 
2057 1037 1796 86 
2058 87 1799 88 
2059 88 1804 87 
2060 1796 1799 87 
2061 87 1804 1803 
2062 89 1031 88 
2063 88 1034 89 
2064 1031 1804 88 
2065 88 1799 1034 
2066 90 1818 89 
2067 89 1963 90 
2068 89 1818 1031 
2069 1034 1963 89 
2070 91 1067 90 
2071 90 1841 91 
2072 1067 1818 90 
2073 90 1963 1841 
2074 91 1063 92 
2075 92 2159 91 
2076 91 1841 1063 
2077 91 2159 1067 
2078 93 1029 92 
2079 92 1809 93 
2080 1029 2159 92 
2081 1063 1809 92 
2082 93 1035 94 
2083 94 1825 93 
2084 93 1825 1029 
2085 93 1809 1035 
2086 95 1068 94 
2087 94 1826 95 
2088 1035 1826 94 
2089 1068 1825 94 
2090 95 1062 96 
2091 96 1843 95 
2092 95 1826 1062 
2093 95 1843 1068 
2094 97 1647 96 
2095 96 1852 97 
2096 1062 1852 96 
2097 1647 1843 96 
2098 98 1025 97 
2099 97 1041 98 
2100 1025 1647 97 
2101 97 1852 1041 
2102 99 1831 98 
2103 98 1859 99 
2104 98 1831 1025 
2105 1041 1859 98 
2106 100 1070 99 
2107 99 1073 100 
2108 1070 1831 99 
2109 99 1859 1073 
2110 101 1849 100 
2111 100 1864 101 
2112 100 1849 1070 
2113 1073 1864 100 
2114 101 1043 102 
2115 102 1853 101 
2116 101 1864 1043 
2117 101 1853 1849 
2118 103 1028 102 
2119 102 1867 103 
2120 1028 1853 102 
2121 1043 1867 102 
2122 103 1076 104 
2123 104 1836 103 
2124 103 1836 1028 
2125 103 1867 1076 
2126 105 1072 104 
2127 104 1870 105 
2128 1072 1836 104 
2129 1076 1870 104 
2130 105 1044 106 
2131 106 1966 105 
2132 105 1870 1044 
2133 105 1966 1072 
2134 106 1873 107 
2135 107 2107 106 
2136 1044 1873 106 
2137 106 2107 1966 
2138 108 1024 107 
2139 107 1078 108 
2140 1024 2107 107 
2141 107 1873 1078 
2142 108 1875 109 
2143 109 2092 108 
2144 108 2092 1024 
2145 1078 1875 108 
2146 109 1046 110 
2147 110 2026 109 
2148 109 1875 1046 
2149 2026 2092 109 
2150 111 1059 110 
2151 110 1876 111 
2152 1046 1876 110 
2153 1059 2026 110 
2154 111 1974 112 
2155 112 2143 111 
2156 111 2143 1059 
2157 1876 1974 111 
2158 113 1015 112 
2159 112 1052 113 
2160 1015 2143 112 
2161 112 1974 1052 
2162 114 1793 113 
2163 113 2016 114 
2164 113 1793 1015 
2165 1052 2016 113 
2166 115 1060 114 
2167 114 2070 115 
2168 1060 1793 114 
2169 2016 2070 114 
2170 115 1047 116 
2171 116 1902 115 
2172 115 2070 1047 
2173 115 1902 1060 
2174 117 1856 116 
2175 116 1874 117 
2176 1047 1874 116 
2177 1856 1902 116 
2178 118 1022 117 
2179 117 1077 118 
2180 1022 1856 117 
2181 117 1874 1077 
2182 119 1855 118 
2183 118 1976 119 
2184 118 1855 1022 
2185 1077 1976 118 
2186 119 1045 120 
2187 120 1690 119 
2188 119 1976 1045 
2189 1690 1855 119 
2190 121 1071 120 
2191 120 1869 121 
2192 1045 1869 120 
2193 1071 1690 120 
2194 121 1075 122 
2195 122 1834 121 
2196 121 1834 1071 
2197 121 1869 1075 
2198 123 1027 122 
2199 122 1863 123 
2200 1027 1834 122 
2201 1075 1863 122 
2202 123 1042 124 
2203 124 1879 123 
2204 123 1879 1027 
2205 123 1863 1042 
2206 125 1846 124 
2207 124 1860 125 
2208 1042 1860 124 
2209 1846 1879 124 
2210 126 1069 125 
2211 125 1074 126 
2212 1069 1846 125 
2213 125 1860 1074 
2214 127 1828 126 
2215 126 1857 127 
2216 126 1828 1069 
2217 1074 1857 126 
2218 128 1023 127 
2219 127 1040 128 
2220 1023 1828 127 
2221 127 1857 1040 
2222 128 1850 129 
2223 129 2042 128 
2224 128 2042 1023 
2225 1040 1850 128 
2226 129 1064 130 
2227 130 1842 129 
2228 129 1850 1064 
2229 1842 2042 129 
2230 131 1066 130 
2231 130 1827 131 
2232 1064 1827 130 
2233 1066 1842 130 
2234 131 1033 132 
2235 132 2017 131 
2236 131 1827 1033 
2237 131 2017 1066 
2238 133 1026 132 
2239 132 1808 133 
2240 1026 2017 132 
2241 1033 1808 132 
2242 133 1061 134 
2243 134 1823 133 
2244 133 1823 1026 
2245 133 1808 1061 
2246 135 1065 134 
2247 134 1840 135 
2248 1061 1840 134 
2249 1065 1823 134 
2250 136 1816 135 
2251 135 2129 136 
2252 135 1816 1065 
2253 1840 2129 135 
2254 137 1030 136 
2255 136 1032 137 
2256 1030 1816 136 
2257 136 2129 1032 
2258 137 1801 138 
2259 138 1936 137 
2260 137 1936 1030 
2261 1032 1801 137 
2262 138 1800 139 
2263 139 1805 138 
2264 138 1801 1800 
2265 1805 1936 138 
2266 140 1038 139 
2267 139 1039 140 
2268 1038 1805 139 
2269 139 1800 1039 
2270 140 1627 141 
2271 141 1795 140 
2272 140 1795 1038 
2273 1039 1627 140 
2274 142 1778 141 
2275 141 1943 142 
2276 1627 1943 141 
2277 1778 1795 141 
2278 143 1050 142 
2279 142 1051 143 
2280 1050 1778 142 
2281 142 1943 1051 
2282 143 1767 144 
2283 144 1769 143 
2284 143 1769 1050 
2285 1051 1767 143 
2286 144 1086 145 
2287 145 1087 144 
2288 144 1767 1086 
2289 1087 1769 144 
2290 1086 2093 145 
2291 145 2095 1087 
2292 147 1984 146 
2293 146 1985 147 
2294 1984 2095 146 
2295 146 2096 1985 
2296 147 1083 148 
2297 148 1084 147 
2298 147 1985 1083 
2299 1084 1984 147 
2300 148 1896 149 
2301 149 1906 148 
2302 1083 1896 148 
2303 148 1906 1084 
2304 149 1055 150 
2305 150 1056 149 
2306 149 1896 1055 
2307 1056 1906 149 
2308 151 1746 150 
2309 150 2021 151 
2310 1055 2021 150 
2311 150 1746 1056 
2312 152 1743 151 
2313 151 2098 152 
2314 151 2021 1609 
2315 1609 2098 151 
2316 1743 1746 151 
2317 153 1016 152 
2318 152 1017 153 
2319 1016 1743 152 
2320 152 2098 1017 
2321 153 1739 154 
2322 154 1740 153 
2323 153 1740 1016 
2324 1017 1739 153 
2325 154 1020 155 
2326 155 1021 154 
2327 154 1739 1020 
2328 1021 1740 154 
2329 155 1681 156 
2330 156 1716 155 
2331 1020 1681 155 
2332 155 1716 1021 
2333 157 1079 156 
2334 156 1080 157 
2335 1079 1716 156 
2336 156 1681 1080 
2337 157 1089 158 
2338 158 1715 157 
2339 157 1715 1079 
2340 1080 1089 157 
2341 159 1053 158 
2342 158 1054 159 
2343 1053 1715 158 
2344 158 1089 1054 
2345 160 1722 159 
2346 159 1981 160 
2347 159 1722 1053 
2348 1054 1981 159 
2349 161 1018 160 
2350 160 1019 161 
2351 1018 1722 160 
2352 160 1981 1019 
2353 161 1763 162 
2354 162 1766 161 
2355 161 1766 1018 
2356 1019 1763 161 
2357 162 1764 163 
2358 163 2045 162 
2359 1763 1764 162 
2360 162 2045 1766 
2361 163 1057 164 
2362 164 1058 163 
2363 163 1764 1057 
2364 1058 2045 163 
2365 164 1904 165 
2366 165 1905 164 
2367 1057 1904 164 
2368 164 1905 1058 
2369 165 1081 166 
2370 166 1082 165 
2371 165 1904 1081 
2372 1082 1905 165 
2373 166 1982 167 
2374 167 1983 166 
2375 1081 1982 166 
2376 166 1983 1082 
2377 1982 2094 167 
2378 167 2093 1983 
2379 1604 1732 1015 
2380 1015 1793 1604 
2381 1732 1733 1015 
2382 1733 2143 1015 
2383 1740 1741 1016 
2384 1741 1742 1016 
2385 1742 1743 1016 
2386 1606 1910 1017 
2387 1017 2098 1606 
2388 1017 1910 1739 
2389 1018 2101 1694 
2390 1694 2152 1018 
2391 1018 2152 1722 
2392 1766 2101 1018 
2393 1019 2010 1763 
2394 1981 2115 1019 
2395 1019 2115 2010 
2396 1020 2142 1681 
2397 1739 1971 1020 
2398 1971 2142 1020 
2399 1716 2043 1021 
2400 1021 2090 1740 
2401 2043 2090 1021 
2402 1855 2100 1022 
2403 1022 2013 1856 
2404 1022 2100 2013 
2405 1023 1829 1828 
2406 1023 1880 1829 
2407 1023 2042 1880 
2408 1024 1959 1597 
2409 1597 2107 1024 
2410 1611 1959 1024 
2411 1024 2092 1611 
2412 1025 2104 1647 
2413 1831 1832 1025 
2414 1832 2104 1025 
2415 1026 1923 1706 
2416 1706 2017 1026 
2417 1823 2118 1026 
2418 1026 2118 1923 
2419 1027 2108 1834 
2420 1879 2060 1027 
2421 2060 2108 1027 
2422 1836 1837 1028 
2423 1837 1838 1028 
2424 1838 1853 1028 
2425 1029 2113 1820 
2426 1820 2159 1029 
2427 1825 2020 1029 
2428 2020 2113 1029 
2429 1030 1817 1816 
2430 1030 2023 1817 
2431 1936 2023 1030 
2432 1031 2117 1804 
2433 1818 2134 1031 
2434 1031 2134 2117 
2435 1737 2103 1032 
2436 1032 2129 1737 
2437 1032 1802 1801 
2438 1032 2103 1802 
2439 1033 2059 1808 
2440 1827 1919 1033 
2441 1919 2059 1033 
2442 1799 1997 1034 
2443 1034 2008 1963 
2444 1997 2008 1034 
2445 1702 1826 1035 
2446 1035 2034 1702 
2447 1809 2034 1035 
2448 1036 1782 1781 
2449 1036 1783 1782 
2450 1036 1803 1783 
2451 1794 2051 1037 
2452 1037 1797 1796 
2453 1037 2051 1797 
2454 1795 2046 1038 
2455 1038 1806 1805 
2456 1038 2046 1806 
2457 1039 2128 1627 
2458 1800 2068 1039 
2459 2068 2128 1039 
2460 1040 2006 1850 
2461 1857 1858 1040 
2462 1858 2006 1040 
2463 1041 1852 1618 
2464 1618 1884 1041 
2465 1041 1884 1859 
2466 1042 1861 1860 
2467 1042 1862 1861 
2468 1042 1863 1862 
2469 1864 1865 1043 
2470 1865 1866 1043 
2471 1866 1867 1043 
2472 1870 1871 1044 
2473 1871 1872 1044 
2474 1872 1873 1044 
2475 1608 1869 1045 
2476 1045 2110 1608 
2477 1976 2110 1045 
2478 1875 2105 1046 
2479 1046 1877 1876 
2480 1046 2105 1877 
2481 1626 1874 1047 
2482 1047 1954 1626 
2483 1710 1954 1047 
2484 1047 2070 1710 
2485 1048 2011 1770 
2486 1780 1868 1048 
2487 1868 2011 1048 
2488 1768 2012 1049 
2489 1049 1777 1776 
2490 1049 2012 1777 
2491 1769 2030 1050 
2492 1050 1779 1778 
2493 1050 2030 1779 
2494 1051 2151 1767 
2495 1943 2050 1051 
2496 2050 2151 1051 
2497 1052 1972 1590 
2498 1590 2016 1052 
2499 1912 1972 1052 
2500 1052 1974 1912 
2501 1053 2086 1715 
2502 1722 2139 1053 
2503 1053 2139 2086 
2504 1089 1669 1054 
2505 1669 2111 1054 
2506 1054 2111 1981 
2507 1896 1944 1055 
2508 1055 1944 1901 
2509 1901 2021 1055 
2510 1056 2032 1593 
2511 1593 2091 1056 
2512 1746 2032 1056 
2513 1056 2091 1906 
2514 1764 2022 1057 
2515 1057 2014 1904 
2516 1057 2022 2014 
2517 1058 1905 1665 
2518 1665 1964 1058 
2519 1964 2045 1058 
2520 1733 1990 1059 
2521 1059 2143 1733 
2522 1059 1990 1947 
2523 1947 2026 1059 
2524 1060 2005 1793 
2525 1902 2099 1060 
2526 1060 2099 2005 
2527 1061 1808 1630 
2528 1630 2053 1061 
2529 1061 2053 1840 
2530 1826 2109 1062 
2531 1062 2038 1852 
2532 1062 2109 2038 
2533 1063 1810 1809 
2534 1063 1811 1810 
2535 1063 1841 1811 
2536 1064 2154 1827 
2537 1850 1851 1064 
2538 1851 2154 1064 
2539 1816 1993 1065 
2540 1065 2065 1823 
2541 1993 2065 1065 
2542 1066 1965 1842 
2543 1066 2132 1965 
2544 2017 2132 1066 
2545 1661 1818 1067 
2546 1067 1819 1661 
2547 1067 1820 1819 
2548 1067 2159 1820 
2549 1610 1825 1068 
2550 1068 2036 1610 
2551 1843 2036 1068 
2552 1828 1946 1069 
2553 1069 1847 1846 
2554 1069 1946 1847 
2555 1070 1998 1831 
2556 1849 1988 1070 
2557 1988 1998 1070 
2558 1071 2079 1690 
2559 1834 1835 1071 
2560 1835 2079 1071 
2561 1072 2009 1836 
2562 1966 2120 1072 
2563 1072 2120 2009 
2564 1859 2133 1073 
2565 1073 1899 1864 
2566 1073 2133 1899 
2567 1074 1980 1857 
2568 1860 1957 1074 
2569 1957 1980 1074 
2570 1075 1928 1863 
2571 1869 2057 1075 
2572 1075 2057 1928 
2573 1867 1992 1076 
2574 1076 1956 1870 
2575 1076 1992 1956 
2576 1624 1976 1077 
2577 1077 2028 1624 
2578 1874 2156 1077 
2579 1077 2156 2028 
2580 1646 1875 1078 
2581 1078 1969 1646 
2582 1873 1969 1078 
2583 1715 1996 1079 
2584 1079 2112 1716 
2585 1996 2112 1079 
2586 1080 1090 1089 
2587 1080 1091 1090 
2588 1080 1681 1091 
2589 1904 1999 1081 
2590 1081 2001 1982 
2591 1999 2001 1081 
2592 1664 1905 1082 
2593 1082 1953 1664 
2594 1082 1983 1953 
2595 1083 1607 1605 
2596 1605 1896 1083 
2597 1083 2147 1607 
2598 1985 2147 1083 
2599 1906 2064 1084 
2600 1084 2047 1984 
2601 1084 2064 2047 
2602 1085 2148 1768 
2603 1982 2001 1085 
2604 1085 2094 1982 
2605 2001 2148 1085 
2606 1767 1953 1086 
2607 1953 1983 1086 
2608 1983 2093 1086 
2609 1087 2047 1769 
2610 1984 2047 1087 
2611 1087 2095 1984 
2612 1770 2147 1088 
2613 1985 2096 1088 
2614 1088 2147 1985 
2615 1090 1669 1089 
2616 1091 1092 1090 
2617 1092 1093 1090 
2618 1093 1669 1090 
2619 1091 1578 1092 
2620 1091 1682 1578 
2621 1681 1682 1091 
2622 1092 1094 1093 
2623 1092 1095 1094 
2624 1092 1578 1095 
2625 1094 1111 1093 
2626 1111 1241 1093 
2627 1241 1669 1093 
2628 1095 1096 1094 
2629 1096 1655 1094 
2630 1094 1655 1111 
2631 1095 1097 1096 
2632 1095 1645 1097 
2633 1578 1645 1095 
2634 1097 1098 1096 
2635 1098 1204 1096 
2636 1204 1655 1096 
2637 1097 1099 1098 
2638 1097 1113 1099 
2639 1097 1645 1113 
2640 1099 1100 1098 
2641 1100 1101 1098 
2642 1101 1204 1098 
2643 1099 1674 1100 
2644 1113 1114 1099 
2645 1114 1674 1099 
2646 1100 1102 1101 
2647 1100 1103 1102 
2648 1100 1674 1103 
2649 1102 1667 1101 
2650 1101 1567 1204 
2651 1101 1667 1567 
2652 1103 1104 1102 
2653 1104 1105 1102 
2654 1105 1667 1102 
2655 1103 1228 1104 
2656 1103 1588 1228 
2657 1103 1674 1588 
2658 1104 1106 1105 
2659 1104 1107 1106 
2660 1104 1228 1107 
2661 1106 1109 1105 
2662 1109 1110 1105 
2663 1110 1667 1105 
2664 1107 1108 1106 
2665 1108 1958 1106 
2666 1106 1958 1109 
2667 1107 1115 1108 
2668 1107 1619 1115 
2669 1228 1619 1107 
2670 1115 1116 1108 
2671 1116 1688 1108 
2672 1688 1958 1108 
2673 1109 1112 1110 
2674 1109 1960 1112 
2675 1958 1960 1109 
2676 1112 1117 1110 
2677 1117 1673 1110 
2678 1110 1673 1667 
2679 1111 1426 1241 
2680 1111 1427 1426 
2681 1111 1655 1427 
2682 1112 1118 1117 
2683 1112 1119 1118 
2684 1112 1960 1119 
2685 1113 1122 1114 
2686 1113 1641 1122 
2687 1113 1645 1641 
2688 1122 1123 1114 
2689 1123 1697 1114 
2690 1114 1697 1674 
2691 1115 1124 1116 
2692 1115 1126 1124 
2693 1115 1619 1126 
2694 1124 1125 1116 
2695 1125 1295 1116 
2696 1295 1688 1116 
2697 1118 1127 1117 
2698 1127 1129 1117 
2699 1129 1673 1117 
2700 1119 1120 1118 
2701 1120 1717 1118 
2702 1118 1717 1127 
2703 1119 1121 1120 
2704 1119 1653 1121 
2705 1119 1960 1653 
2706 1121 1134 1120 
2707 1134 1271 1120 
2708 1271 1717 1120 
2709 1121 1135 1134 
2710 1121 1163 1135 
2711 1121 1653 1163 
2712 1122 1128 1123 
2713 1122 1136 1128 
2714 1122 1641 1136 
2715 1128 1179 1123 
2716 1179 1182 1123 
2717 1182 1697 1123 
2718 1124 1132 1125 
2719 1126 1701 1124 
2720 1124 1701 1132 
2721 1132 1133 1125 
2722 1133 1714 1125 
2723 1125 1714 1295 
2724 1619 1620 1126 
2725 1620 1621 1126 
2726 1621 1701 1126 
2727 1127 1130 1129 
2728 1127 1718 1130 
2729 1717 1718 1127 
2730 1136 1137 1128 
2731 1137 1723 1128 
2732 1128 1723 1179 
2733 1130 1131 1129 
2734 1131 1363 1129 
2735 1363 1673 1129 
2736 1130 1202 1131 
2737 1130 1205 1202 
2738 1130 1718 1205 
2739 1202 1203 1131 
2740 1203 1724 1131 
2741 1131 1724 1363 
2742 1132 1139 1133 
2743 1132 1206 1139 
2744 1132 1701 1206 
2745 1139 1140 1133 
2746 1140 1141 1133 
2747 1141 1714 1133 
2748 1135 1707 1134 
2749 1134 1272 1271 
2750 1134 1707 1272 
2751 1163 1165 1135 
2752 1165 1176 1135 
2753 1176 1707 1135 
2754 1136 1138 1137 
2755 1136 1721 1138 
2756 1641 1721 1136 
2757 1138 1207 1137 
2758 1207 1213 1137 
2759 1213 1723 1137 
2760 1138 1208 1207 
2761 1138 1245 1208 
2762 1138 1721 1245 
2763 1139 1209 1140 
2764 1206 1676 1139 
2765 1139 1676 1209 
2766 1140 1142 1141 
2767 1140 1738 1142 
2768 1209 1738 1140 
2769 1142 1143 1141 
2770 1143 1675 1141 
2771 1675 1714 1141 
2772 1142 1144 1143 
2773 1142 1753 1144 
2774 1738 1753 1142 
2775 1144 1145 1143 
2776 1145 1146 1143 
2777 1146 1675 1143 
2778 1144 1210 1145 
2779 1144 1211 1210 
2780 1144 1753 1211 
2781 1145 1147 1146 
2782 1145 1699 1147 
2783 1210 1699 1145 
2784 1147 1148 1146 
2785 1148 1371 1146 
2786 1371 1675 1146 
2787 1147 1149 1148 
2788 1147 1150 1149 
2789 1147 1699 1150 
2790 1149 1663 1148 
2791 1148 1372 1371 
2792 1148 1663 1372 
2793 1150 1151 1149 
2794 1151 1152 1149 
2795 1152 1663 1149 
2796 1150 1640 1151 
2797 1150 1748 1640 
2798 1699 1748 1150 
2799 1151 1153 1152 
2800 1151 1175 1153 
2801 1151 1640 1175 
2802 1153 1154 1152 
2803 1154 2158 1152 
2804 1152 2158 1663 
2805 1153 1155 1154 
2806 1153 1629 1155 
2807 1175 1629 1153 
2808 1155 1156 1154 
2809 1156 1164 1154 
2810 1164 2158 1154 
2811 1155 1157 1156 
2812 1155 1691 1157 
2813 1629 1691 1155 
2814 1157 1158 1156 
2815 1158 2136 1156 
2816 1156 2136 1164 
2817 1157 1159 1158 
2818 1157 1181 1159 
2819 1157 1691 1181 
2820 1159 1160 1158 
2821 1160 1189 1158 
2822 1189 2136 1158 
2823 1159 1161 1160 
2824 1159 1734 1161 
2825 1181 1734 1159 
2826 1161 1162 1160 
2827 1162 1668 1160 
2828 1160 1668 1189 
2829 1161 1166 1162 
2830 1161 1217 1166 
2831 1161 1734 1217 
2832 1166 1167 1162 
2833 1167 1731 1162 
2834 1162 1731 1668 
2835 1163 1168 1165 
2836 1163 2033 1168 
2837 1653 2033 1163 
2838 1164 1680 1613 
2839 1613 2029 1164 
2840 1164 2029 1654 
2841 1654 2158 1164 
2842 1164 2136 1680 
2843 1168 1169 1165 
2844 1169 1752 1165 
2845 1165 1752 1176 
2846 1166 1220 1167 
2847 1217 1614 1166 
2848 1166 1614 1220 
2849 1220 1221 1167 
2850 1221 1242 1167 
2851 1242 1731 1167 
2852 1168 1170 1169 
2853 1168 1230 1170 
2854 1168 2033 1230 
2855 1170 1171 1169 
2856 1171 1666 1169 
2857 1666 1752 1169 
2858 1170 1172 1171 
2859 1170 2015 1172 
2860 1230 2015 1170 
2861 1172 1173 1171 
2862 1173 1180 1171 
2863 1180 1666 1171 
2864 1172 1174 1173 
2865 1172 1749 1174 
2866 1172 2015 1749 
2867 1174 1177 1173 
2868 1177 1600 1173 
2869 1173 1600 1180 
2870 1174 1178 1177 
2871 1174 1185 1178 
2872 1174 1749 1185 
2873 1175 2003 1629 
2874 1640 1755 1175 
2875 1755 2003 1175 
2876 1176 1822 1707 
2877 1752 1970 1176 
2878 1176 1970 1822 
2879 1178 1728 1177 
2880 1177 1729 1600 
2881 1728 1729 1177 
2882 1185 1186 1178 
2883 1186 1187 1178 
2884 1187 1728 1178 
2885 1179 1183 1182 
2886 1179 1750 1183 
2887 1723 1750 1179 
2888 1584 1666 1180 
2889 1180 1713 1584 
2890 1600 2122 1180 
2891 1180 2122 1713 
2892 1691 1692 1181 
2893 1692 1735 1181 
2894 1181 1735 1734 
2895 1183 1184 1182 
2896 1184 1381 1182 
2897 1381 1697 1182 
2898 1183 1225 1184 
2899 1183 1227 1225 
2900 1183 1750 1227 
2901 1225 1226 1184 
2902 1226 1756 1184 
2903 1184 1756 1381 
2904 1185 1712 1186 
2905 1185 1948 1712 
2906 1749 1948 1185 
2907 1186 1188 1187 
2908 1186 1190 1188 
2909 1186 1712 1190 
2910 1188 1214 1187 
2911 1214 1215 1187 
2912 1215 1728 1187 
2913 1190 1191 1188 
2914 1191 1727 1188 
2915 1188 1727 1214 
2916 1668 1942 1189 
2917 1189 2076 1680 
2918 1680 2136 1189 
2919 1942 2076 1189 
2920 1190 1192 1191 
2921 1190 1711 1192 
2922 1190 1712 1711 
2923 1192 1193 1191 
2924 1193 1216 1191 
2925 1216 1727 1191 
2926 1192 1194 1193 
2927 1192 1229 1194 
2928 1192 1711 1229 
2929 1194 1195 1193 
2930 1195 1945 1193 
2931 1193 1945 1216 
2932 1194 1196 1195 
2933 1194 1687 1196 
2934 1229 1687 1194 
2935 1196 1197 1195 
2936 1197 1222 1195 
2937 1222 1945 1195 
2938 1196 1198 1197 
2939 1196 1201 1198 
2940 1196 1687 1201 
2941 1198 1199 1197 
2942 1199 1844 1197 
2943 1197 1844 1222 
2944 1198 1200 1199 
2945 1198 1747 1200 
2946 1201 1747 1198 
2947 1200 1223 1199 
2948 1223 1265 1199 
2949 1265 1844 1199 
2950 1200 1224 1223 
2951 1200 1250 1224 
2952 1200 1747 1250 
2953 1625 1686 1201 
2954 1201 1687 1625 
2955 1686 1747 1201 
2956 1202 1218 1203 
2957 1205 1685 1202 
2958 1202 1685 1218 
2959 1218 1219 1203 
2960 1219 1232 1203 
2961 1232 1724 1203 
2962 1567 1568 1204 
2963 1568 1655 1204 
2964 1205 1719 1591 
2965 1591 2058 1205 
2966 1205 2058 1685 
2967 1718 1719 1205 
2968 1206 1677 1676 
2969 1206 1678 1677 
2970 1206 1701 1678 
2971 1208 1773 1207 
2972 1207 1231 1213 
2973 1207 1773 1231 
2974 1245 1246 1208 
2975 1246 1247 1208 
2976 1247 1773 1208 
2977 1644 2087 1209 
2978 1209 2153 1644 
2979 1676 2153 1209 
2980 1209 2087 1738 
2981 1211 1212 1210 
2982 1212 1700 1210 
2983 1210 1700 1699 
2984 1211 1249 1212 
2985 1211 1259 1249 
2986 1211 1753 1259 
2987 1249 1304 1212 
2988 1304 1305 1212 
2989 1305 1700 1212 
2990 1231 1260 1213 
2991 1260 1771 1213 
2992 1213 1771 1723 
2993 1214 1244 1215 
2994 1214 1824 1244 
2995 1727 1824 1214 
2996 1244 1269 1215 
2997 1269 1730 1215 
2998 1215 1730 1728 
2999 1216 1934 1727 
3000 1216 1949 1934 
3001 1945 1949 1216 
3002 1217 1643 1614 
3003 1217 1922 1643 
3004 1734 1922 1217 
3005 1218 1758 1219 
3006 1685 2137 1218 
3007 1218 2137 1758 
3008 1219 1233 1232 
3009 1219 1256 1233 
3010 1219 1758 1256 
3011 1220 1787 1221 
3012 1614 2130 1220 
3013 1220 2130 1787 
3014 1221 1243 1242 
3015 1221 1257 1243 
3016 1221 1787 1257 
3017 1698 1945 1222 
3018 1222 1952 1698 
3019 1844 1952 1222 
3020 1224 1276 1223 
3021 1223 2007 1265 
3022 1276 2007 1223 
3023 1250 1251 1224 
3024 1251 1762 1224 
3025 1224 1762 1276 
3026 1225 1261 1226 
3027 1227 1913 1225 
3028 1225 1913 1261 
3029 1261 1262 1226 
3030 1262 1266 1226 
3031 1266 1756 1226 
3032 1227 1750 1642 
3033 1642 1929 1227 
3034 1227 1929 1913 
3035 1588 1589 1228 
3036 1589 1619 1228 
3037 1229 2106 1687 
3038 1711 1927 1229 
3039 1927 2106 1229 
3040 1230 1651 1649 
3041 1649 1689 1230 
3042 1230 2033 1651 
3043 1689 2015 1230 
3044 1231 1319 1260 
3045 1231 1534 1319 
3046 1231 1773 1534 
3047 1233 1234 1232 
3048 1234 1726 1232 
3049 1232 1726 1724 
3050 1233 1235 1234 
3051 1233 2004 1235 
3052 1256 2004 1233 
3053 1235 1236 1234 
3054 1236 1322 1234 
3055 1322 1726 1234 
3056 1235 1237 1236 
3057 1235 1268 1237 
3058 1235 2004 1268 
3059 1237 1238 1236 
3060 1238 1761 1236 
3061 1236 1761 1322 
3062 1237 1239 1238 
3063 1237 1915 1239 
3064 1268 1915 1237 
3065 1239 1240 1238 
3066 1240 1760 1238 
3067 1760 1761 1238 
3068 1239 1279 1240 
3069 1239 1313 1279 
3070 1239 1915 1313 
3071 1279 1280 1240 
3072 1280 1281 1240 
3073 1281 1760 1240 
3074 1426 1535 1241 
3075 1535 1577 1241 
3076 1577 1669 1241 
3077 1243 1270 1242 
3078 1270 1299 1242 
3079 1299 1731 1242 
3080 1257 1258 1243 
3081 1258 1736 1243 
3082 1243 1736 1270 
3083 1244 1335 1269 
3084 1244 1336 1335 
3085 1244 1824 1336 
3086 1245 1352 1246 
3087 1245 1353 1352 
3088 1245 1721 1353 
3089 1246 1248 1247 
3090 1246 1754 1248 
3091 1352 1754 1246 
3092 1248 1263 1247 
3093 1263 1774 1247 
3094 1247 1774 1773 
3095 1248 1264 1263 
3096 1248 1277 1264 
3097 1248 1754 1277 
3098 1259 1317 1249 
3099 1249 1882 1304 
3100 1317 1882 1249 
3101 1250 1252 1251 
3102 1250 1422 1252 
3103 1250 1747 1422 
3104 1252 1253 1251 
3105 1253 1254 1251 
3106 1254 1762 1251 
3107 1252 1759 1253 
3108 1422 1424 1252 
3109 1424 1759 1252 
3110 1253 1255 1254 
3111 1253 1311 1255 
3112 1253 1759 1311 
3113 1255 1314 1254 
3114 1314 1452 1254 
3115 1452 1762 1254 
3116 1311 1312 1255 
3117 1312 1839 1255 
3118 1255 1839 1314 
3119 1758 2049 1256 
3120 1256 2039 2004 
3121 1256 2049 2039 
3122 1257 1296 1258 
3123 1257 1297 1296 
3124 1257 1787 1297 
3125 1296 1298 1258 
3126 1298 1300 1258 
3127 1300 1736 1258 
3128 1259 1318 1317 
3129 1259 1514 1318 
3130 1259 1753 1514 
3131 1319 1330 1260 
3132 1330 1394 1260 
3133 1394 1771 1260 
3134 1261 1308 1262 
3135 1261 1309 1308 
3136 1261 1913 1309 
3137 1262 1267 1266 
3138 1262 1893 1267 
3139 1308 1893 1262 
3140 1264 1342 1263 
3141 1342 1343 1263 
3142 1343 1774 1263 
3143 1277 1278 1264 
3144 1278 1894 1264 
3145 1264 1894 1342 
3146 1705 1844 1265 
3147 1265 1986 1705 
3148 1265 2007 1986 
3149 1267 1287 1266 
3150 1287 1369 1266 
3151 1369 1756 1266 
3152 1267 1288 1287 
3153 1267 1289 1288 
3154 1267 1893 1289 
3155 1628 1978 1268 
3156 1268 2004 1628 
3157 1268 1978 1915 
3158 1335 1344 1269 
3159 1344 1345 1269 
3160 1345 1730 1269 
3161 1270 1356 1299 
3162 1270 1358 1356 
3163 1270 1736 1358 
3164 1272 1273 1271 
3165 1273 1486 1271 
3166 1486 1717 1271 
3167 1272 1274 1273 
3168 1272 1708 1274 
3169 1707 1708 1272 
3170 1274 1275 1273 
3171 1275 2157 1273 
3172 1273 2157 1486 
3173 1274 1302 1275 
3174 1274 1303 1302 
3175 1274 1708 1303 
3176 1302 1320 1275 
3177 1320 1321 1275 
3178 1321 2157 1275 
3179 1762 1931 1276 
3180 1931 2040 1276 
3181 1276 2040 2007 
3182 1277 1359 1278 
3183 1277 1451 1359 
3184 1277 1754 1451 
3185 1359 1360 1278 
3186 1360 1361 1278 
3187 1361 1894 1278 
3188 1279 1341 1280 
3189 1313 1994 1279 
3190 1279 1994 1341 
3191 1280 1282 1281 
3192 1280 1785 1282 
3193 1341 1785 1280 
3194 1282 1283 1281 
3195 1283 1323 1281 
3196 1323 1760 1281 
3197 1282 1284 1283 
3198 1282 1310 1284 
3199 1282 1785 1310 
3200 1284 1285 1283 
3201 1285 1757 1283 
3202 1283 1757 1323 
3203 1284 1286 1285 
3204 1284 1918 1286 
3205 1310 1918 1284 
3206 1286 1331 1285 
3207 1331 1362 1285 
3208 1362 1757 1285 
3209 1286 1332 1331 
3210 1286 1333 1332 
3211 1286 1918 1333 
3212 1288 1290 1287 
3213 1290 1991 1287 
3214 1287 1991 1369 
3215 1289 1791 1288 
3216 1288 1291 1290 
3217 1288 1791 1291 
3218 1289 1973 1791 
3219 1893 1939 1289 
3220 1939 1973 1289 
3221 1291 1292 1290 
3222 1292 2123 1290 
3223 1622 1991 1290 
3224 1290 2123 1622 
3225 1291 1293 1292 
3226 1291 1348 1293 
3227 1291 1791 1348 
3228 1293 1294 1292 
3229 1294 1380 1292 
3230 1380 2123 1292 
3231 1293 1306 1294 
3232 1293 1924 1306 
3233 1348 1924 1293 
3234 1306 1307 1294 
3235 1307 2140 1294 
3236 1294 2140 1380 
3237 1295 1714 1601 
3238 1601 2072 1295 
3239 1295 2072 1688 
3240 1297 1885 1296 
3241 1296 1349 1298 
3242 1296 1885 1349 
3243 1787 1888 1297 
3244 1297 1886 1885 
3245 1297 1888 1886 
3246 1298 1301 1300 
3247 1298 1926 1301 
3248 1349 1926 1298 
3249 1356 1357 1299 
3250 1357 1509 1299 
3251 1509 1731 1299 
3252 1301 1326 1300 
3253 1326 1995 1300 
3254 1300 1995 1736 
3255 1301 1327 1326 
3256 1301 1375 1327 
3257 1301 1926 1375 
3258 1303 1328 1302 
3259 1302 1921 1320 
3260 1328 1921 1302 
3261 1303 1329 1328 
3262 1303 1790 1329 
3263 1708 1790 1303 
3264 1304 1315 1305 
3265 1304 1883 1315 
3266 1882 1883 1304 
3267 1315 1316 1305 
3268 1316 1784 1305 
3269 1305 1784 1700 
3270 1306 1364 1307 
3271 1306 1429 1364 
3272 1306 1924 1429 
3273 1364 1365 1307 
3274 1365 1386 1307 
3275 1386 2140 1307 
3276 1309 1367 1308 
3277 1367 1459 1308 
3278 1459 1893 1308 
3279 1309 1368 1367 
3280 1309 1506 1368 
3281 1309 1913 1506 
3282 1785 1786 1310 
3283 1786 2044 1310 
3284 1310 2044 1918 
3285 1311 1337 1312 
3286 1311 1379 1337 
3287 1311 1759 1379 
3288 1337 1338 1312 
3289 1338 1339 1312 
3290 1339 1839 1312 
3291 1313 1915 1704 
3292 1704 2027 1313 
3293 1812 1994 1313 
3294 1313 2027 1812 
3295 1314 1453 1452 
3296 1314 1477 1453 
3297 1314 1839 1477 
3298 1315 1382 1316 
3299 1315 1420 1382 
3300 1315 1883 1420 
3301 1382 1383 1316 
3302 1383 1384 1316 
3303 1384 1784 1316 
3304 1318 1376 1317 
3305 1376 1378 1317 
3306 1378 1882 1317 
3307 1318 1377 1376 
3308 1318 2063 1377 
3309 1514 2063 1318 
3310 1319 1393 1330 
3311 1319 1878 1393 
3312 1534 1878 1319 
3313 1320 1324 1321 
3314 1320 1370 1324 
3315 1320 1921 1370 
3316 1324 1325 1321 
3317 1325 1854 1321 
3318 1321 1854 1720 
3319 1720 2157 1321 
3320 1639 2037 1322 
3321 1322 2085 1639 
3322 1322 2037 1726 
3323 1761 2085 1322 
3324 1323 1757 1709 
3325 1709 1979 1323 
3326 1323 1979 1760 
3327 1324 1413 1325 
3328 1370 1950 1324 
3329 1324 1950 1413 
3330 1413 1414 1325 
3331 1414 1415 1325 
3332 1415 1854 1325 
3333 1327 1845 1326 
3334 1845 2056 1326 
3335 1326 2056 1995 
3336 1375 1430 1327 
3337 1430 1431 1327 
3338 1431 1845 1327 
3339 1329 1398 1328 
3340 1398 1476 1328 
3341 1476 1921 1328 
3342 1329 1399 1398 
3343 1329 1400 1399 
3344 1329 1790 1400 
3345 1393 2019 1330 
3346 1330 1395 1394 
3347 1330 2019 1395 
3348 1332 1350 1331 
3349 1350 2025 1331 
3350 1331 2025 1362 
3351 1333 1334 1332 
3352 1334 1909 1332 
3353 1332 1909 1350 
3354 1333 1392 1334 
3355 1333 1474 1392 
3356 1333 1918 1474 
3357 1392 1418 1334 
3358 1418 1419 1334 
3359 1419 1909 1334 
3360 1336 1354 1335 
3361 1335 1892 1344 
3362 1354 1892 1335 
3363 1336 1355 1354 
3364 1336 1455 1355 
3365 1336 1824 1455 
3366 1337 1505 1338 
3367 1379 1695 1337 
3368 1337 1695 1505 
3369 1338 1340 1339 
3370 1338 1917 1340 
3371 1505 1917 1338 
3372 1340 1366 1339 
3373 1366 1938 1339 
3374 1339 1938 1839 
3375 1340 1558 1366 
3376 1340 1559 1558 
3377 1340 1917 1559 
3378 1341 2075 1785 
3379 1813 1815 1341 
3380 1341 1994 1813 
3381 1815 2075 1341 
3382 1342 1351 1343 
3383 1342 1482 1351 
3384 1342 1894 1482 
3385 1351 1421 1343 
3386 1421 1789 1343 
3387 1343 1789 1774 
3388 1344 1346 1345 
3389 1344 1458 1346 
3390 1344 1892 1458 
3391 1346 1347 1345 
3392 1347 1475 1345 
3393 1475 1730 1345 
3394 1346 1460 1347 
3395 1458 1920 1346 
3396 1346 1920 1460 
3397 1460 1480 1347 
3398 1347 1772 1475 
3399 1480 1772 1347 
3400 1791 1792 1348 
3401 1792 1937 1348 
3402 1348 1937 1924 
3403 1885 2024 1349 
3404 1349 1989 1926 
3405 1349 2024 1989 
3406 1909 2102 1350 
3407 1350 2141 2025 
3408 2102 2141 1350 
3409 1351 1569 1421 
3410 1482 2155 1351 
3411 1351 2155 1569 
3412 1353 1483 1352 
3413 1483 1751 1352 
3414 1751 1754 1352 
3415 1353 1484 1483 
3416 1353 1494 1484 
3417 1353 1721 1494 
3418 1355 1897 1354 
3419 1354 2062 1892 
3420 1897 2062 1354 
3421 1455 1456 1355 
3422 1456 1524 1355 
3423 1524 1897 1355 
3424 1356 1570 1357 
3425 1358 2149 1356 
3426 1356 2149 1570 
3427 1357 2081 1509 
3428 1570 1571 1357 
3429 1571 2081 1357 
3430 1736 1995 1358 
3431 1358 1995 1745 
3432 1745 2041 1358 
3433 2041 2149 1358 
3434 1359 1900 1360 
3435 1451 1457 1359 
3436 1457 1900 1359 
3437 1360 1447 1361 
3438 1360 1479 1447 
3439 1360 1900 1479 
3440 1447 1448 1361 
3441 1448 1967 1361 
3442 1361 1967 1894 
3443 1362 1638 1636 
3444 1636 2002 1362 
3445 1362 2025 1638 
3446 1362 2002 1757 
3447 1363 2078 1673 
3448 1724 1725 1363 
3449 1725 2078 1363 
3450 1364 1925 1365 
3451 1429 1512 1364 
3452 1512 1925 1364 
3453 1365 1387 1386 
3454 1365 1388 1387 
3455 1365 1925 1388 
3456 1558 1560 1366 
3457 1560 1575 1366 
3458 1575 1938 1366 
3459 1368 2031 1367 
3460 1367 1519 1459 
3461 1367 2031 1519 
3462 1506 1507 1368 
3463 1507 1572 1368 
3464 1572 2031 1368 
3465 1369 1962 1756 
3466 1369 1968 1962 
3467 1369 1991 1968 
3468 1921 1951 1370 
3469 1370 2121 1950 
3470 1951 2121 1370 
3471 1372 1373 1371 
3472 1373 1601 1371 
3473 1601 1675 1371 
3474 1372 1374 1373 
3475 1372 1432 1374 
3476 1372 1663 1432 
3477 1374 1648 1373 
3478 1373 1602 1601 
3479 1373 1648 1602 
3480 1432 1433 1374 
3481 1433 1434 1374 
3482 1434 1648 1374 
3483 1375 1493 1430 
3484 1375 1538 1493 
3485 1375 1926 1538 
3486 1377 1525 1376 
3487 1376 1907 1378 
3488 1525 1907 1376 
3489 1377 1526 1525 
3490 1377 2077 1526 
3491 2063 2077 1377 
3492 1378 1908 1882 
3493 1378 1907 1903 
3494 1903 1908 1378 
3495 1693 1694 1379 
3496 1379 1759 1693 
3497 1694 1695 1379 
3498 1679 2127 1380 
3499 1380 2140 1679 
3500 1380 2127 2123 
3501 1381 2116 1697 
3502 1756 1962 1381 
3503 1962 2116 1381 
3504 1382 1955 1383 
3505 1420 1565 1382 
3506 1565 1955 1382 
3507 1383 1385 1384 
3508 1383 1450 1385 
3509 1383 1955 1450 
3510 1385 1396 1384 
3511 1396 1530 1384 
3512 1530 1784 1384 
3513 1385 1397 1396 
3514 1385 1889 1397 
3515 1450 1889 1385 
3516 1387 1775 1386 
3517 1677 1679 1386 
3518 1386 1775 1677 
3519 1679 2140 1386 
3520 1388 1389 1387 
3521 1389 1390 1387 
3522 1390 1775 1387 
3523 1388 1461 1389 
3524 1388 1611 1461 
3525 1388 1925 1611 
3526 1389 1391 1390 
3527 1389 1914 1391 
3528 1461 1914 1389 
3529 1391 1423 1390 
3530 1423 1581 1390 
3531 1581 1775 1390 
3532 1391 1615 1423 
3533 1391 1616 1615 
3534 1391 1914 1616 
3535 1392 1511 1418 
3536 1474 1961 1392 
3537 1392 1961 1511 
3538 1878 2000 1393 
3539 2000 2150 1393 
3540 1393 2150 2019 
3541 1395 1417 1394 
3542 1417 1642 1394 
3543 1642 1771 1394 
3544 1395 1428 1417 
3545 1395 1563 1428 
3546 1395 2019 1563 
3547 1397 1435 1396 
3548 1435 1755 1396 
3549 1396 1755 1530 
3550 1397 1436 1435 
3551 1397 1444 1436 
3552 1397 1889 1444 
3553 1399 2035 1398 
3554 1398 1587 1476 
3555 1398 2035 1587 
3556 1400 1401 1399 
3557 1401 1412 1399 
3558 1412 2035 1399 
3559 1400 1402 1401 
3560 1400 1531 1402 
3561 1400 1790 1531 
3562 1402 1403 1401 
3563 1403 1911 1401 
3564 1401 1911 1412 
3565 1402 1404 1403 
3566 1402 1788 1404 
3567 1531 1788 1402 
3568 1404 1405 1403 
3569 1405 1527 1403 
3570 1527 1911 1403 
3571 1404 1406 1405 
3572 1404 1407 1406 
3573 1404 1788 1407 
3574 1406 1916 1405 
3575 1405 1528 1527 
3576 1405 1916 1528 
3577 1407 1408 1406 
3578 1408 1409 1406 
3579 1409 1916 1406 
3580 1407 1584 1408 
3581 1407 1585 1584 
3582 1407 1788 1585 
3583 1408 1410 1409 
3584 1408 1713 1410 
3585 1584 1713 1408 
3586 1410 1411 1409 
3587 1411 1492 1409 
3588 1492 1916 1409 
3589 1410 1598 1411 
3590 1410 1599 1598 
3591 1410 1713 1599 
3592 1411 1557 1492 
3593 1411 2126 1557 
3594 1598 2126 1411 
3595 1877 2035 1412 
3596 1412 2071 1877 
3597 1911 1912 1412 
3598 1912 2071 1412 
3599 1413 1895 1414 
3600 1413 2125 1895 
3601 1950 2125 1413 
3602 1414 1416 1415 
3603 1414 1478 1416 
3604 1414 1895 1478 
3605 1416 1462 1415 
3606 1462 1591 1415 
3607 1591 1854 1415 
3608 1416 1463 1462 
3609 1416 1898 1463 
3610 1478 1898 1416 
3611 1428 1671 1417 
3612 1417 1929 1642 
3613 1671 1929 1417 
3614 1418 1521 1419 
3615 1511 1777 1418 
3616 1418 1777 1521 
3617 1521 1522 1419 
3618 1522 1564 1419 
3619 1564 1909 1419 
3620 1420 1579 1565 
3621 1420 1580 1579 
3622 1420 1883 1580 
3623 1569 1659 1421 
3624 1659 1660 1421 
3625 1660 1789 1421 
3626 1422 1425 1424 
3627 1422 1686 1425 
3628 1422 1747 1686 
3629 1423 1644 1581 
3630 1615 1617 1423 
3631 1617 1644 1423 
3632 1425 1464 1424 
3633 1464 1693 1424 
3634 1693 1759 1424 
3635 1425 1465 1464 
3636 1425 1466 1465 
3637 1425 1686 1466 
3638 1427 1485 1426 
3639 1485 1709 1426 
3640 1426 1709 1535 
3641 1427 1639 1485 
3642 1427 2084 1639 
3643 1655 2084 1427 
3644 1563 1610 1428 
3645 1610 1672 1428 
3646 1428 1672 1671 
3647 1429 1595 1512 
3648 1429 1596 1595 
3649 1429 1924 1596 
3650 1430 1536 1431 
3651 1493 1779 1430 
3652 1430 1779 1536 
3653 1536 1549 1431 
3654 1549 1593 1431 
3655 1593 1845 1431 
3656 1432 1594 1433 
3657 1432 1654 1594 
3658 1432 1663 1654 
3659 1433 1495 1434 
3660 1433 1933 1495 
3661 1594 1933 1433 
3662 1495 1566 1434 
3663 1566 1689 1434 
3664 1434 1689 1648 
3665 1436 1437 1435 
3666 1437 2003 1435 
3667 1435 2003 1755 
3668 1436 1438 1437 
3669 1436 1891 1438 
3670 1444 1891 1436 
3671 1438 1439 1437 
3672 1439 1481 1437 
3673 1481 2003 1437 
3674 1438 1440 1439 
3675 1438 1449 1440 
3676 1438 1891 1449 
3677 1440 1441 1439 
3678 1441 2069 1439 
3679 1439 2069 1481 
3680 1440 1442 1441 
3681 1440 1830 1442 
3682 1449 1830 1440 
3683 1442 1443 1441 
3684 1443 1833 1441 
3685 1833 2069 1441 
3686 1442 1445 1443 
3687 1442 1547 1445 
3688 1442 1830 1547 
3689 1445 1446 1443 
3690 1446 1487 1443 
3691 1487 1833 1443 
3692 1889 2018 1444 
3693 1444 2061 1891 
3694 2018 2061 1444 
3695 1445 1932 1446 
3696 1547 1548 1445 
3697 1548 1932 1445 
3698 1446 1488 1487 
3699 1446 1489 1488 
3700 1446 1932 1489 
3701 1447 1868 1448 
3702 1479 1513 1447 
3703 1513 1868 1447 
3704 1782 1967 1448 
3705 1448 2082 1782 
3706 1868 2082 1448 
3707 1449 2119 1830 
3708 1891 2089 1449 
3709 2089 2119 1449 
3710 1450 1955 1835 
3711 1835 2108 1450 
3712 1450 1890 1889 
3713 1450 2108 1890 
3714 1451 1606 1457 
3715 1451 1751 1606 
3716 1451 1754 1751 
3717 1453 1454 1452 
3718 1454 1931 1452 
3719 1452 1931 1762 
3720 1453 2080 1454 
3721 1477 1510 1453 
3722 1510 2080 1453 
3723 1454 2073 1931 
3724 1454 2145 2073 
3725 2080 2145 1454 
3726 1455 1496 1456 
3727 1455 1934 1496 
3728 1824 1934 1455 
3729 1496 1497 1456 
3730 1497 1977 1456 
3731 1456 1977 1524 
3732 1606 1609 1457 
3733 1609 1901 1457 
3734 1457 1901 1900 
3735 1892 2144 1458 
3736 1458 1928 1920 
3737 1458 2144 1928 
3738 1519 1520 1459 
3739 1520 1939 1459 
3740 1459 1939 1893 
3741 1460 1576 1480 
3742 1460 1608 1576 
3743 1460 1920 1608 
3744 1611 1612 1461 
3745 1612 1947 1461 
3746 1461 1947 1914 
3747 1463 1541 1462 
3748 1541 2058 1462 
3749 1462 2058 1591 
3750 1463 1542 1541 
3751 1463 1543 1542 
3752 1463 1898 1543 
3753 1465 1683 1464 
3754 1683 1684 1464 
3755 1684 1693 1464 
3756 1466 1467 1465 
3757 1467 1537 1465 
3758 1537 1683 1465 
3759 1466 1468 1467 
3760 1466 1625 1468 
3761 1466 1686 1625 
3762 1468 1469 1467 
3763 1469 1656 1467 
3764 1467 1656 1537 
3765 1468 1470 1469 
3766 1468 1662 1470 
3767 1625 1662 1468 
3768 1470 1471 1469 
3769 1471 1472 1469 
3770 1472 1656 1469 
3771 1470 1473 1471 
3772 1470 1491 1473 
3773 1470 1662 1491 
3774 1471 1529 1472 
3775 1473 1658 1471 
3776 1471 1658 1529 
3777 1529 1670 1472 
3778 1472 1657 1656 
3779 1472 1670 1657 
3780 1491 1504 1473 
3781 1504 1613 1473 
3782 1613 1658 1473 
3783 1918 2044 1474 
3784 1930 1961 1474 
3785 1474 2044 1930 
3786 1729 1730 1475 
3787 1475 1941 1729 
3788 1772 1941 1475 
3789 1587 1646 1476 
3790 1646 1951 1476 
3791 1476 1951 1921 
3792 1477 1987 1510 
3793 1839 1938 1477 
3794 1938 1987 1477 
3795 1866 1898 1478 
3796 1478 1992 1866 
3797 1895 1992 1478 
3798 1479 1605 1513 
3799 1479 1944 1605 
3800 1900 1944 1479 
3801 1576 1623 1480 
3802 1598 1772 1480 
3803 1480 2126 1598 
3804 1623 2126 1480 
3805 1629 2003 1481 
3806 1481 2135 1629 
3807 2069 2135 1481 
3808 1782 1783 1482 
3809 1482 1967 1782 
3810 1783 2155 1482 
3811 1894 1967 1482 
3812 1484 1971 1483 
3813 1483 1910 1751 
3814 1483 1971 1910 
3815 1494 2054 1484 
3816 1484 2054 1682 
3817 1682 2142 1484 
3818 1484 2142 1971 
3819 1639 2085 1485 
3820 1485 1979 1709 
3821 1485 2085 1979 
3822 1486 1718 1717 
3823 1486 1719 1718 
3824 1486 1720 1719 
3825 1486 2157 1720 
3826 1488 1922 1487 
3827 1735 1833 1487 
3828 1487 1922 1735 
3829 1489 1490 1488 
3830 1490 1643 1488 
3831 1643 1922 1488 
3832 1489 1515 1490 
3833 1489 1603 1515 
3834 1489 1932 1603 
3835 1515 1516 1490 
3836 1516 1517 1490 
3837 1517 1643 1490 
3838 1491 1533 1504 
3839 1491 1927 1533 
3840 1662 1927 1491 
3841 1557 1626 1492 
3842 1626 1954 1492 
3843 1492 1954 1916 
3844 1538 2046 1493 
3845 1493 2131 1779 
3846 2046 2131 1493 
3847 1641 1645 1494 
3848 1494 1721 1641 
3849 1645 2054 1494 
3850 1495 1948 1566 
3851 1933 2146 1495 
3852 1495 2146 1948 
3853 1496 1498 1497 
3854 1496 1949 1498 
3855 1934 1949 1496 
3856 1498 1499 1497 
3857 1499 1532 1497 
3858 1532 1977 1497 
3859 1498 1500 1499 
3860 1498 1698 1500 
3861 1498 1949 1698 
3862 1500 1501 1499 
3863 1501 2052 1499 
3864 1499 2052 1532 
3865 1500 1502 1501 
3866 1500 1952 1502 
3867 1698 1952 1500 
3868 1502 1503 1501 
3869 1503 1592 1501 
3870 1592 2052 1501 
3871 1502 1508 1503 
3872 1502 1705 1508 
3873 1502 1952 1705 
3874 1508 1539 1503 
3875 1539 1919 1503 
3876 1503 1919 1592 
3877 1533 1933 1504 
3878 1504 1933 1594 
3879 1594 2029 1504 
3880 1504 2029 1613 
3881 1695 1696 1505 
3882 1696 1964 1505 
3883 1505 1964 1917 
3884 1506 1671 1507 
3885 1506 1929 1671 
3886 1913 1929 1506 
3887 1507 1573 1572 
3888 1507 1672 1573 
3889 1671 1672 1507 
3890 1508 1540 1539 
3891 1508 1986 1540 
3892 1705 1986 1508 
3893 1668 1731 1509 
3894 1509 1942 1668 
3895 1509 2081 1942 
3896 1987 2068 1510 
3897 1510 2068 2055 
3898 2055 2080 1510 
3899 1511 2114 1777 
3900 1961 2051 1511 
3901 2051 2114 1511 
3902 1595 1597 1512 
3903 1597 1959 1512 
3904 1512 1959 1925 
3905 1605 1607 1513 
3906 1607 2011 1513 
3907 1513 2011 1868 
3908 1514 1753 1738 
3909 1738 2087 1514 
3910 1514 2087 2063 
3911 1515 1923 1516 
3912 1603 1706 1515 
3913 1706 1923 1515 
3914 1516 1518 1517 
3915 1516 1561 1518 
3916 1516 1923 1561 
3917 1518 1586 1517 
3918 1586 1614 1517 
3919 1614 1643 1517 
3920 1561 1562 1518 
3921 1562 2074 1518 
3922 1518 2074 1586 
3923 1519 1998 1520 
3924 1832 1998 1519 
3925 1519 2031 1832 
3926 1520 1940 1939 
3927 1520 1988 1940 
3928 1520 1998 1988 
3929 1521 1523 1522 
3930 1521 2012 1523 
3931 1777 2012 1521 
3932 1523 1999 1522 
3933 1522 2014 1564 
3934 1999 2014 1522 
3935 1523 2001 1999 
3936 1523 2148 2001 
3937 2012 2148 1523 
3938 1524 1977 1858 
3939 1858 1980 1524 
3940 1524 1957 1897 
3941 1524 1980 1957 
3942 1526 1604 1525 
3943 1604 2005 1525 
3944 1525 2005 1907 
3945 1526 1732 1604 
3946 1526 2088 1732 
3947 2077 2088 1526 
3948 1528 1590 1527 
3949 1590 1972 1527 
3950 1527 1972 1911 
3951 1528 1710 1590 
3952 1528 1954 1710 
3953 1916 1954 1528 
3954 1658 2076 1529 
3955 1529 2081 1670 
3956 1529 2076 1942 
3957 1942 2081 1529 
3958 1640 1748 1530 
3959 1530 1755 1640 
3960 1748 1784 1530 
3961 1531 1970 1788 
3962 1790 1822 1531 
3963 1822 1970 1531 
3964 1851 2006 1532 
3965 1532 2052 1851 
3966 1858 1977 1532 
3967 1532 2006 1858 
3968 1927 1935 1533 
3969 1533 2146 1933 
3970 1935 2146 1533 
3971 1773 1774 1534 
3972 1774 1789 1534 
3973 1789 1878 1534 
3974 1535 1636 1577 
3975 1535 2002 1636 
3976 1709 2002 1535 
3977 1536 1574 1549 
3978 1536 2030 1574 
3979 1779 2030 1536 
3980 1656 1996 1537 
3981 1537 2086 1683 
3982 1996 2086 1537 
3983 1538 1989 1806 
3984 1806 2046 1538 
3985 1926 1989 1538 
3986 1540 1630 1539 
3987 1630 2059 1539 
3988 1539 2059 1919 
3989 1540 1631 1630 
3990 1540 1632 1631 
3991 1540 1986 1632 
3992 1542 1881 1541 
3993 1685 2058 1541 
3994 1541 2137 1685 
3995 1881 2137 1541 
3996 1543 1544 1542 
3997 1544 1545 1542 
3998 1545 1881 1542 
3999 1543 1899 1544 
4000 1543 1898 1865 
4001 1865 1899 1543 
4002 1544 1546 1545 
4003 1544 1583 1546 
4004 1544 1899 1583 
4005 1546 1550 1545 
4006 1550 2049 1545 
4007 1545 2049 1881 
4008 1546 1551 1550 
4009 1546 1884 1551 
4010 1583 1884 1546 
4011 1547 1880 1548 
4012 1547 1830 1829 
4013 1829 1880 1547 
4014 1548 1880 1842 
4015 1842 1965 1548 
4016 1548 1965 1932 
4017 1574 2064 1549 
4018 1549 2091 1593 
4019 2064 2091 1549 
4020 1551 1552 1550 
4021 1552 2039 1550 
4022 2039 2049 1550 
4023 1551 1553 1552 
4024 1551 1618 1553 
4025 1551 1884 1618 
4026 1553 1554 1552 
4027 1554 1628 1552 
4028 1628 2039 1552 
4029 1553 1555 1554 
4030 1553 2038 1555 
4031 1618 2038 1553 
4032 1555 1556 1554 
4033 1556 1978 1554 
4034 1554 1978 1628 
4035 1555 1702 1556 
4036 1555 2109 1702 
4037 2038 2109 1555 
4038 1702 1703 1556 
4039 1703 1704 1556 
4040 1704 1978 1556 
4041 1623 2028 1557 
4042 1557 2126 1623 
4043 1557 2156 1626 
4044 2028 2156 1557 
4045 1559 1582 1558 
4046 1558 2050 1560 
4047 1582 2050 1558 
4048 1559 1664 1582 
4049 1559 1665 1664 
4050 1559 1917 1665 
4051 1560 1627 1575 
4052 1560 1943 1627 
4053 1560 2050 1943 
4054 1561 2065 1562 
4055 1923 2118 1561 
4056 1561 2118 2065 
4057 1562 2065 1993 
4058 1993 2083 1562 
4059 1562 2083 2074 
4060 1563 2020 1610 
4061 1563 2019 1821 
4062 1821 2113 1563 
4063 1563 2113 2020 
4064 1564 2102 1909 
4065 2014 2022 1564 
4066 2022 2102 1564 
4067 1579 1690 1565 
4068 1690 2079 1565 
4069 1565 2079 1955 
4070 1566 2015 1689 
4071 1566 1948 1749 
4072 1749 2015 1566 
4073 1567 2078 1568 
4074 1667 1673 1567 
4075 1673 2078 1567 
4076 1568 2084 1655 
4077 1725 2037 1568 
4078 1568 2078 1725 
4079 2037 2084 1568 
4080 1569 2117 1659 
4081 1569 2097 1804 
4082 1804 2117 1569 
4083 1569 2155 2097 
4084 1570 2090 1571 
4085 1741 2090 1570 
4086 1570 2149 1741 
4087 1670 2081 1571 
4088 1571 2124 1670 
4089 1571 2090 2043 
4090 2043 2124 1571 
4091 1573 1647 1572 
4092 1647 2104 1572 
4093 1572 2104 2031 
4094 1573 1843 1647 
4095 1672 2036 1573 
4096 1573 2036 1843 
4097 1574 2030 1769 
4098 1769 2047 1574 
4099 2047 2064 1574 
4100 1627 2128 1575 
4101 1575 1987 1938 
4102 1575 2128 1987 
4103 1608 2110 1576 
4104 1576 1624 1623 
4105 1576 2110 1624 
4106 1636 1637 1577 
4107 1637 2111 1577 
4108 1577 2111 1669 
4109 1578 2054 1645 
4110 1682 2054 1578 
4111 1580 2100 1579 
4112 1579 1855 1690 
4113 1579 2100 1855 
4114 1883 1908 1580 
4115 1908 2013 1580 
4116 2013 2100 1580 
4117 1644 2153 1581 
4118 1676 1775 1581 
4119 1581 2153 1676 
4120 1664 1953 1582 
4121 1953 2151 1582 
4122 1582 2151 2050 
4123 1859 1884 1583 
4124 1583 2133 1859 
4125 1899 2133 1583 
4126 1585 1666 1584 
4127 1585 1752 1666 
4128 1585 1970 1752 
4129 1788 1970 1585 
4130 1586 2130 1614 
4131 1586 2074 1888 
4132 1888 2130 1586 
4133 1587 2105 1646 
4134 1587 2035 1877 
4135 1877 2105 1587 
4136 1588 1962 1589 
4137 1674 2116 1588 
4138 1588 2116 1962 
4139 1589 1968 1619 
4140 1962 1968 1589 
4141 1710 2070 1590 
4142 1590 2070 2016 
4143 1719 1854 1591 
4144 1851 2052 1592 
4145 1592 2154 1851 
4146 1919 2154 1592 
4147 1593 2032 1845 
4148 1654 2029 1594 
4149 1596 2120 1595 
4150 1595 1966 1597 
4151 1595 2120 1966 
4152 1924 1937 1596 
4153 1937 2009 1596 
4154 2009 2120 1596 
4155 1966 2107 1597 
4156 1599 1772 1598 
4157 1713 2122 1599 
4158 1599 1941 1772 
4159 1599 2122 1941 
4160 1729 1941 1600 
4161 1941 2122 1600 
4162 1602 2072 1601 
4163 1601 1714 1675 
4164 1648 1649 1602 
4165 1649 1650 1602 
4166 1650 2072 1602 
4167 1603 2132 1706 
4168 1932 1965 1603 
4169 1965 2132 1603 
4170 1793 2005 1604 
4171 1605 1944 1896 
4172 1606 2098 1609 
4173 1751 1910 1606 
4174 1770 2011 1607 
4175 1607 2147 1770 
4176 1608 2057 1869 
4177 1920 2057 1608 
4178 1609 2021 1901 
4179 1610 2036 1672 
4180 1610 2020 1825 
4181 1611 2092 1612 
4182 1925 1959 1611 
4183 1612 2026 1947 
4184 1612 2092 2026 
4185 1613 1680 1658 
4186 1616 2088 1615 
4187 1615 2077 1617 
4188 1615 2088 2077 
4189 1616 1733 1732 
4190 1732 2088 1616 
4191 1616 1990 1733 
4192 1914 1990 1616 
4193 1617 2063 1644 
4194 1617 2077 2063 
4195 1852 2038 1618 
4196 1619 1968 1620 
4197 1620 1622 1621 
4198 1620 1991 1622 
4199 1968 1991 1620 
4200 1622 2127 1621 
4201 1621 2127 1701 
4202 2123 2127 1622 
4203 1624 2028 1623 
4204 1624 2110 1976 
4205 1625 2106 1662 
4206 1687 2106 1625 
4207 1626 2156 1874 
4208 2004 2039 1628 
4209 1629 2135 1691 
4210 1631 2053 1630 
4211 1808 2059 1630 
4212 1632 1633 1631 
4213 1633 1634 1631 
4214 1634 2053 1631 
4215 1632 2040 1633 
4216 1986 2007 1632 
4217 2007 2040 1632 
4218 1633 1635 1634 
4219 1633 2073 1635 
4220 2040 2073 1633 
4221 1635 1737 1634 
4222 1737 1840 1634 
4223 1840 2053 1634 
4224 1635 2103 1737 
4225 2073 2145 1635 
4226 1635 2145 2103 
4227 1636 1638 1637 
4228 1638 2115 1637 
4229 1981 2111 1637 
4230 1637 2115 1981 
4231 2010 2115 1638 
4232 1638 2141 2010 
4233 2025 2141 1638 
4234 1639 2084 2037 
4235 1750 1771 1642 
4236 2063 2087 1644 
4237 1646 2105 1875 
4238 1646 1969 1951 
4239 1648 1689 1649 
4240 1649 1651 1650 
4241 1651 1652 1650 
4242 1652 1688 1650 
4243 1688 2072 1650 
4244 1651 1653 1652 
4245 1651 2033 1653 
4246 1653 1960 1652 
4247 1652 1958 1688 
4248 1652 1960 1958 
4249 1663 2158 1654 
4250 1657 1996 1656 
4251 1670 2124 1657 
4252 1657 2112 1996 
4253 1657 2124 2112 
4254 1680 2076 1658 
4255 1659 1661 1660 
4256 1659 2134 1661 
4257 2117 2134 1659 
4258 1661 2000 1660 
4259 1660 1878 1789 
4260 1660 2000 1878 
4261 1661 2134 1818 
4262 1819 2000 1661 
4263 1662 2106 1927 
4264 1665 1905 1664 
4265 1917 1964 1665 
4266 1697 2116 1674 
4267 1677 1775 1676 
4268 1678 1679 1677 
4269 1678 2127 1679 
4270 1701 2127 1678 
4271 1681 2142 1682 
4272 1683 2139 1684 
4273 2086 2139 1683 
4274 1684 1694 1693 
4275 1684 2152 1694 
4276 2139 2152 1684 
4277 1691 2135 1692 
4278 1692 1833 1735 
4279 1692 2069 1833 
4280 1692 2135 2069 
4281 1694 2101 1695 
4282 1695 2101 1696 
4283 1766 2045 1696 
4284 1696 2101 1766 
4285 1696 2045 1964 
4286 1698 1949 1945 
4287 1700 1748 1699 
4288 1700 1784 1748 
4289 1702 2034 1703 
4290 1702 2109 1826 
4291 1703 2027 1704 
4292 1810 2027 1703 
4293 1703 2034 1810 
4294 1915 1978 1704 
4295 1705 1952 1844 
4296 1706 2132 2017 
4297 1707 1822 1708 
4298 1708 1822 1790 
4299 1757 2002 1709 
4300 1712 1935 1711 
4301 1711 1935 1927 
4302 1712 1948 1935 
4303 1715 2086 1996 
4304 1716 2112 2043 
4305 1720 1854 1719 
4306 1722 2152 2139 
4307 1723 1771 1750 
4308 1724 1726 1725 
4309 1726 2037 1725 
4310 1727 1934 1824 
4311 1728 1730 1729 
4312 1735 1922 1734 
4313 1737 2129 1840 
4314 1910 1971 1739 
4315 1740 2090 1741 
4316 1741 2041 1742 
4317 1741 2149 2041 
4318 1742 1744 1743 
4319 1742 1745 1744 
4320 1742 2041 1745 
4321 1744 1746 1743 
4322 1745 2056 1744 
4323 1744 2032 1746 
4324 1744 2056 2032 
4325 1995 2056 1745 
4326 1881 2049 1758 
4327 1758 2137 1881 
4328 1760 1979 1761 
4329 1979 2085 1761 
4330 1763 1765 1764 
4331 1763 2010 1765 
4332 1765 2022 1764 
4333 2010 2141 1765 
4334 1765 2102 2022 
4335 1765 2141 2102 
4336 1767 2151 1953 
4337 1768 2148 2012 
4338 1777 2114 1776 
4339 1776 2114 1794 
4340 1779 2131 1778 
4341 1778 2131 1795 
4342 1781 2082 1780 
4343 1780 2082 1868 
4344 1782 2082 1781 
4345 1803 2097 1783 
4346 2097 2155 1783 
4347 1785 2075 1786 
4348 1786 2066 2044 
4349 1786 2067 2066 
4350 1786 2075 2067 
4351 1787 2130 1888 
4352 1791 1973 1792 
4353 1792 2138 1937 
4354 1973 2048 1792 
4355 2048 2138 1792 
4356 1794 2114 2051 
4357 1795 2131 2046 
4358 1797 1798 1796 
4359 1798 1799 1796 
4360 1797 1930 1798 
4361 1797 1961 1930 
4362 1797 2051 1961 
4363 1798 1997 1799 
4364 1930 2066 1798 
4365 1798 2066 1997 
4366 1801 2055 1800 
4367 2055 2068 1800 
4368 1802 2055 1801 
4369 1802 2080 2055 
4370 1802 2145 2080 
4371 2103 2145 1802 
4372 1804 2097 1803 
4373 1806 1807 1805 
4374 1807 1936 1805 
4375 1806 1989 1807 
4376 1887 2023 1807 
4377 1807 2024 1887 
4378 1807 2023 1936 
4379 1989 2024 1807 
4380 1810 2034 1809 
4381 1811 1812 1810 
4382 1812 2027 1810 
4383 1811 1813 1812 
4384 1811 1814 1813 
4385 1811 1841 1814 
4386 1813 1994 1812 
4387 1814 1815 1813 
4388 1814 2008 1815 
4389 1841 1963 1814 
4390 1963 2008 1814 
4391 2008 2067 1815 
4392 2067 2075 1815 
4393 1817 1993 1816 
4394 1817 2023 1887 
4395 1887 2083 1817 
4396 1817 2083 1993 
4397 1820 1821 1819 
4398 1821 2150 1819 
4399 1819 2150 2000 
4400 1820 2113 1821 
4401 2019 2150 1821 
4402 2065 2118 1823 
4403 1827 2154 1919 
4404 1829 1946 1828 
4405 1830 2119 1829 
4406 1829 2119 1946 
4407 1831 1998 1832 
4408 2031 2104 1832 
4409 1834 2108 1835 
4410 1955 2079 1835 
4411 1836 2009 1837 
4412 1837 2138 1838 
4413 1837 2009 1937 
4414 1937 2138 1837 
4415 1838 1975 1853 
4416 1838 2048 1975 
4417 1838 2138 2048 
4418 1880 2042 1842 
4419 2032 2056 1845 
4420 1847 1848 1846 
4421 1848 1879 1846 
4422 1847 2061 1848 
4423 1946 2089 1847 
4424 1847 2089 2061 
4425 1848 2060 1879 
4426 2018 2060 1848 
4427 1848 2061 2018 
4428 1853 1975 1849 
4429 1975 1988 1849 
4430 1850 2006 1851 
4431 1856 1903 1902 
4432 1856 2013 1903 
4433 1857 1980 1858 
4434 1861 1957 1860 
4435 1862 2062 1861 
4436 1897 1957 1861 
4437 1861 2062 1897 
4438 1863 1928 1862 
4439 1928 2144 1862 
4440 1862 2144 2062 
4441 1864 1899 1865 
4442 1865 1898 1866 
4443 1866 1992 1867 
4444 1870 1956 1871 
4445 1871 1950 1872 
4446 1871 2125 1950 
4447 1956 2125 1871 
4448 1872 1969 1873 
4449 1950 2121 1872 
4450 1872 2121 1969 
4451 1877 2071 1876 
4452 1876 2071 1974 
4453 1882 1908 1883 
4454 1886 1887 1885 
4455 1887 2024 1885 
4456 1886 2083 1887 
4457 1888 2074 1886 
4458 2074 2083 1886 
4459 1890 2018 1889 
4460 1890 2060 2018 
4461 1890 2108 2060 
4462 2061 2089 1891 
4463 2062 2144 1892 
4464 1956 1992 1895 
4465 1895 2125 1956 
4466 1901 1944 1900 
4467 1903 2099 1902 
4468 1907 2099 1903 
4469 1903 2013 1908 
4470 1904 2014 1999 
4471 1906 2091 2064 
4472 2005 2099 1907 
4473 1911 1972 1912 
4474 1974 2071 1912 
4475 1947 1990 1914 
4476 1928 2057 1920 
4477 2044 2066 1930 
4478 1931 2073 2040 
4479 1948 2146 1935 
4480 1940 1973 1939 
4481 1940 2048 1973 
4482 1940 1988 1975 
4483 1975 2048 1940 
4484 1946 2119 2089 
4485 1969 2121 1951 
4486 1987 2128 2068 
4487 1997 2067 2008 
4488 2066 2067 1997 
4489 2112 2124 2043 
3 1 4 6575
4490 1006 1129 662 1673 
4491 389 383 1934 390 
4492 417 418 1258 1298 
4493 662 919 1129 1006 
4494 383 1934 1216 389 
4495 416 1257 417 1258 
4496 1760 349 342 1240 
4497 469 331 1248 1263 
4498 383 1727 1934 390 
4499 105 26 27 1044 
4500 1760 1238 349 1240 
4501 438 437 1259 1211 
4502 458 1223 2007 457 
4503 418 417 419 1298 
4504 1216 1727 1934 383 
4505 1477 782 467 1314 
4506 1300 1258 418 1298 
4507 1207 309 1138 307 
4508 556 1261 1262 555 
4509 469 1248 1264 1263 
4510 1044 201 27 1873 
4511 1211 1259 438 1249 
4512 872 3 4 1088 
4513 349 342 1238 1760 
4514 1251 463 462 1254 
4515 438 437 1211 1249 
4516 416 1257 415 417 
4517 1257 1296 417 1258 
4518 1914 520 851 1389 
4519 458 388 1223 457 
4520 1178 1177 571 602 
4521 1208 309 1138 1207 
4522 1918 405 1284 347 
4523 104 26 25 1072 
4524 25 24 103 1836 
4525 830 26 25 1870 
4526 1248 332 469 1264 
4527 1496 1949 389 470 
4528 1223 1265 2007 457 
4529 469 331 332 1248 
4530 104 25 26 1870 
4531 554 1262 1308 1893 
4532 106 105 27 1044 
4533 1870 201 26 1044 
4534 430 423 429 1755 
4535 2155 1783 931 2097 
4536 1117 1129 1006 1673 
4537 1350 1331 2025 500 
4538 1300 418 419 1298 
4539 1262 556 555 554 
4540 822 332 1278 1264 
4541 24 812 1076 1867 
4542 1251 1252 1250 461 
4543 1247 1248 331 1263 
4544 834 66 228 1906 
4545 490 1400 998 1790 
4546 201 27 26 1044 
4547 309 1207 317 307 
4548 668 1243 1242 412 
4549 1873 201 27 814 
4550 1477 467 1839 1314 
4551 1221 1242 1243 412 
4552 462 1762 1251 1254 
4553 71 156 173 699 
4554 105 27 26 1966 
4555 380 1192 378 379 
4556 453 1307 2140 455 
4557 2125 954 831 1956 
4558 1870 25 830 1076 
4559 700 1174 1173 1172 
4560 851 661 520 1914 
4561 466 1839 1312 468 
4562 74 160 1981 1019 
4563 230 1058 848 642 
4564 1208 309 1207 317 
4565 1003 902 1421 890 
4566 561 562 559 1929 
4567 1028 103 24 1836 
4568 348 1331 1332 375 
4569 2102 1909 519 1564 
4570 737 554 1308 1893 
4571 1265 1223 388 457 
4572 435 1210 1699 1145 
4573 1144 437 705 1210 
4574 122 42 41 1834 
4575 463 1251 462 461 
4576 668 1270 1243 670 
4577 833 746 1406 1409 
4578 132 52 51 1026 
4579 954 2125 1871 1956 
4580 1885 527 722 1297 
4581 830 201 26 1870 
4582 1305 432 447 434 
4583 840 367 1325 373 
4584 1296 415 1257 417 
4585 378 1192 1229 379 
4586 359 362 820 2137 
4587 1076 103 24 1867 
4588 1233 355 1232 353 
4589 1906 66 228 1056 
4590 93 14 15 1809 
4591 52 134 53 1823 
4592 1930 1961 923 1474 
4593 1837 593 1838 2138 
4594 1026 52 51 786 
4595 332 822 469 1264 
4596 2055 1802 780 2080 
4597 1846 1847 946 1848 
4598 1909 1334 375 519 
4599 1309 563 749 1368 
4600 1500 1502 687 1501 
4601 14 93 92 1809 
4602 1352 315 1353 1245 
4603 1278 332 479 1277 
4604 2140 454 453 455 
4605 394 1455 390 839 
4606 519 1334 584 1419 
4607 336 335 337 1427 
4608 1400 1329 998 1790 
4609 1332 1909 1334 375 
4610 320 321 422 1437 
4611 1223 1276 459 458 
4612 322 324 1788 1404 
4613 1949 1496 1498 470 
4614 1250 1252 485 461 
4615 329 315 1353 1352 
4616 1375 1430 751 1327 
4617 412 1221 1167 411 
4618 1784 1305 432 447 
4619 2107 219 27 795 
4620 1243 416 668 670 
4621 1069 796 827 1847 
4622 442 1317 438 1259 
4623 207 62 61 1767 
4624 131 50 51 1033 
4625 1784 1305 447 1316 
4626 106 27 105 1966 
4627 1245 315 309 1208 
4628 1836 104 25 1072 
4629 1918 1333 1474 723 
4630 1069 796 1847 1946 
4631 1359 1278 479 1277 
4632 81 4 3 1088 
4633 478 681 532 1606 
4634 1353 315 314 1245 
4635 132 133 52 1026 
4636 1415 365 363 836 
4637 1416 836 591 1414 
4638 107 106 27 1873 
4639 1332 1331 348 374 
4640 355 706 1232 353 
4641 1367 1459 738 1308 
4642 381 385 800 1195 
4643 42 122 1027 1834 
4644 1178 1177 602 601 
4645 1308 1459 738 556 
4646 93 15 14 1029 
4647 349 426 342 1240 
4648 462 1251 1762 461 
4649 1051 207 61 1767 
4650 1350 1331 500 375 
4651 450 750 446 1423 
4652 1219 706 358 1203 
4653 1308 738 1367 556 
4654 1470 1469 244 621 
4655 1855 39 185 981 
4656 104 25 1870 1076 
4657 72 157 699 1089 
4658 966 1184 1225 558 
4659 1276 1224 1223 459 
4660 520 761 851 1389 
4661 750 547 922 1615 
4662 1461 1914 851 1389 
4663 824 825 1440 1438 
4664 558 1261 557 555 
4665 1497 1977 548 1456 
4666 946 180 1846 1848 
4667 1396 423 430 1755 
4668 1018 170 160 1722 
4669 527 415 722 1297 
4670 1981 171 74 1019 
4671 751 1430 574 1327 
4672 1847 796 827 566 
4673 355 1232 1219 1233 
4674 92 93 14 1029 
4675 796 1847 1946 566 
4676 437 440 1753 1144 
4677 324 322 328 1404 
4678 1331 1332 1286 374 
4679 412 1167 410 411 
4680 438 439 442 1259 
4681 314 329 315 1353 
4682 1282 405 346 1284 
4683 1344 1345 1346 708 
4684 43 124 180 1879 
4685 749 563 1309 557 
4686 389 471 1496 470 
4687 1821 1819 2150 671 
4688 1332 348 375 374 
4689 346 1283 1282 1284 
4690 1027 123 42 789 
4691 911 532 986 1457 
4692 1501 1502 687 821 
4693 1177 571 602 601 
4694 362 1541 820 2137 
4695 1760 342 426 1240 
4696 2131 774 2046 1493 
4697 43 42 123 789 
4698 124 44 180 1846 
4699 437 1211 1212 435 
4700 52 1026 1823 786 
4701 866 1226 1225 555 
4702 557 1913 1261 558 
4703 933 188 2131 1493 
4704 1034 11 89 1963 
4705 439 438 437 1259 
4706 2102 519 779 1564 
4707 1212 1211 1210 435 
4708 1424 485 655 1422 
4709 168 152 153 1016 
4710 901 1345 535 1475 
4711 1913 1225 1261 558 
4712 1208 1245 315 1246 
4713 439 437 1753 1211 
4714 1360 822 479 1278 
4715 694 1786 1310 636 
4716 462 1762 1931 460 
4717 415 1787 1257 412 
4718 124 44 43 180 
4719 43 44 124 187 
4720 1211 437 1753 1144 
4721 1248 331 332 1754 
4722 1694 715 850 1693 
4723 1138 296 1136 307 
4724 1455 1824 394 390 
4725 1489 1932 541 1603 
4726 25 181 1836 1072 
4727 1382 447 1316 729 
4728 346 1281 1283 692 
4729 558 1225 1261 555 
4730 642 569 1917 1559 
4731 1351 1421 1569 1003 
4732 668 1731 1299 587 
4733 2014 908 229 1904 
4734 77 230 1058 848 
4735 1879 43 123 789 
4736 478 332 330 1754 
4737 1909 2102 519 779 
4738 347 1918 405 723 
4739 381 800 1945 1195 
4740 1418 584 1334 1419 
4741 446 1581 450 1423 
4742 1219 1232 706 1203 
4743 181 25 26 1072 
4744 1324 1370 498 611 
4745 633 1163 1135 303 
4746 1632 755 734 921 
4747 182 49 129 1064 
4748 481 483 1443 1441 
4749 2017 1026 51 786 
4750 1177 1728 1178 571 
4751 26 105 1870 1044 
4752 382 470 1945 800 
4753 38 118 39 1855 
4754 4 5 205 82 
4755 1398 1587 2035 647 
4756 117 38 37 1022 
4757 1502 391 1952 687 
4758 954 831 1956 830 
4759 1226 1266 554 553 
4760 1289 854 1939 1893 
4761 1879 124 180 1846 
4762 1122 1128 295 292 
4763 353 1235 1233 352 
4764 574 1431 475 1327 
4765 1248 332 1264 1277 
4766 331 330 1754 1246 
4767 716 485 1424 1252 
4768 1031 89 792 1818 
4769 738 749 2031 1367 
4770 1705 733 391 1502 
4771 123 1027 1879 789 
4772 1681 173 156 699 
4773 824 318 320 1439 
4774 190 776 2114 819 
4775 1931 462 460 838 
4776 1111 335 336 1427 
4777 233 1004 1953 875 
4778 1502 733 391 821 
4779 822 534 1360 479 
4780 496 1463 495 570 
4781 1308 1261 1262 556 
4782 41 42 122 222 
4783 434 1305 1212 436 
4784 187 44 124 1860 
4785 72 157 156 699 
4786 936 796 1828 1946 
4787 1785 405 693 1282 
4788 466 1255 1839 465 
4789 190 84 1776 1794 
4790 840 367 1321 1325 
4791 1324 498 840 611 
4792 1101 1667 1102 284 
4793 364 2058 363 361 
4794 1435 422 321 1437 
4795 187 124 43 1042 
4796 77 164 1057 1904 
4797 1740 168 153 1016 
4798 1222 800 385 1195 
4799 1871 954 1956 830 
4800 14 92 91 944 
4801 390 1455 1934 839 
4802 121 41 1071 1834 
4803 1242 1731 1299 668 
4804 1270 1356 670 667 
4805 1481 320 318 1439 
4806 1181 327 1692 917 
4807 1184 1226 1225 866 
4808 1143 440 1142 505 
4809 353 1233 2004 352 
4810 850 715 1379 1693 
4811 39 118 38 1976 
4812 1781 191 84 1780 
4813 359 1685 362 2137 
4814 1144 705 440 1143 
4815 800 470 1945 1698 
4816 1955 1835 2079 799 
4817 53 134 52 1061 
4818 1284 1310 405 1918 
4819 1044 27 106 1873 
4820 164 165 77 848 
4821 362 1463 496 1542 
4822 1945 1949 470 382 
4823 105 26 104 1072 
4824 170 74 160 1722 
4825 1120 837 1119 1010 
4826 1308 556 554 737 
4827 463 716 1253 1252 
4828 27 1966 2107 795 
4829 153 152 69 1017 
4830 1142 441 440 1753 
4831 387 733 1265 457 
4832 283 1105 1102 1104 
4833 808 45 125 1074 
4834 532 479 1359 1900 
4835 1304 1305 434 436 
4836 776 2114 819 2051 
4837 1921 1951 498 1370 
4838 412 1787 1221 411 
4839 552 553 1266 1369 
4840 378 1935 549 376 
4841 1226 1266 1262 554 
4842 25 24 1836 793 
4843 687 1502 391 821 
4844 1787 1220 1221 411 
4845 156 71 72 699 
4846 782 465 467 1314 
4847 1314 1453 539 1452 
4848 1194 1192 380 379 
4849 173 155 156 71 
4850 830 1871 201 1870 
4851 1356 1270 1299 667 
4852 1850 182 129 1064 
4853 668 416 1243 412 
4854 268 1174 700 1172 
4855 440 1142 1144 1143 
4856 746 833 477 1409 
4857 1214 1215 396 1187 
4858 1823 134 53 1065 
4859 1451 479 332 1277 
4860 1037 923 211 1797 
4861 1305 1304 1212 436 
4862 759 1417 562 581 
4863 1759 716 1424 1252 
4864 1117 1129 919 1006 
4865 534 1360 1361 822 
4866 556 1308 1459 737 
4867 7 84 190 1794 
4868 105 104 26 1870 
4869 1930 923 841 1474 
4870 1917 1665 642 1559 
4871 541 1489 1490 513 
4872 53 194 1823 1065 
4873 1660 1421 902 890 
4874 827 1846 1847 946 
4875 1537 238 240 1465 
4876 1823 194 52 786 
4877 2091 690 1549 1593 
4878 693 1281 1283 346 
4879 1419 585 519 1564 
4880 1470 1469 621 1468 
4881 1278 1894 822 1264 
4882 102 200 24 1867 
4883 1598 400 401 1599 
4884 1194 384 381 1195 
4885 1530 430 429 1755 
4886 359 358 360 1218 
4887 563 1309 1506 1368 
4888 330 331 315 1246 
4889 110 31 30 894 
4890 1211 437 1210 435 
4891 462 1931 1762 1452 
4892 2041 1358 421 1745 
4893 240 242 1469 1467 
4894 1239 427 349 1240 
4895 84 191 6 1780 
4896 541 1488 1489 513 
4897 458 1276 460 464 
4898 403 1131 360 1203 
4899 923 211 776 1037 
4900 481 327 1833 1487 
4901 1949 1945 470 1698 
4902 1277 1248 332 1754 
4903 2040 1276 458 464 
4904 471 1498 1496 470 
4905 331 1247 1263 472 
4906 1894 469 822 1264 
4907 1013 819 1511 1418 
4908 1931 462 838 1452 
4909 311 1629 1155 305 
4910 110 31 894 1059 
4911 469 331 1263 472 
4912 1828 213 796 936 
4913 483 1442 1443 1441 
4914 1037 211 86 1796 
4915 556 1459 738 737 
4916 822 1360 1361 1278 
4917 527 1296 1349 417 
4918 24 1028 1836 793 
4919 851 1612 894 1947 
4920 439 437 440 1753 
4921 1753 1259 439 1211 
4922 1276 460 459 458 
4923 1219 358 357 1758 
4924 1310 405 694 636 
4925 2007 2040 458 755 
4926 1264 332 1278 1277 
4927 143 61 206 62 
4928 1138 1136 1137 307 
4929 842 580 1771 1394 
4930 93 15 94 1035 
4931 125 44 45 808 
4932 1072 1966 26 795 
4933 1312 1255 1839 466 
4934 812 830 25 1076 
4935 1723 1213 988 1771 
4936 1224 1276 460 459 
4937 412 415 1787 414 
4938 544 469 1894 1342 
4939 560 854 1289 1893 
4940 47 128 2042 1023 
4941 72 156 157 235 
4942 1839 1339 1312 468 
4943 503 696 366 1718 
4944 52 133 134 1823 
4945 1142 443 1141 505 
4946 2109 198 2038 1555 
4947 733 387 1265 1705 
4948 1035 93 15 1809 
4949 1379 508 850 1759 
4950 1718 696 366 1486 
4951 976 1404 1403 1402 
4952 2004 354 353 352 
4953 1257 1243 416 412 
4954 931 599 2155 2097 
4955 656 295 1128 292 
4956 1143 705 440 505 
4957 733 1265 457 1986 
4958 152 69 168 153 
4959 348 1331 1286 374 
4960 84 7 191 1781 
4961 455 1307 1364 537 
4962 1827 50 131 1033 
4963 1441 1443 481 1833 
4964 296 1136 295 294 
4965 1186 654 1188 1190 
4966 1446 481 1443 482 
4967 497 386 1196 1198 
4968 792 89 12 1818 
4969 1330 1319 672 1393 
4970 1648 260 263 1434 
4971 1838 593 920 2138 
4972 1451 1359 479 1277 
4973 554 1262 1893 1267 
4974 792 11 89 1031 
4975 518 519 1334 584 
4976 2049 1881 357 499 
4977 1210 437 705 435 
4978 398 316 397 1584 
4979 1334 375 519 518 
4980 386 385 384 1197 
4981 500 1331 348 375 
4982 1742 2041 1741 846 
4983 553 552 551 1369 
4984 358 1219 1218 1758 
4985 699 226 72 1089 
4986 1407 322 1788 1404 
4987 44 125 1860 808 
4988 2111 1577 676 1637 
4989 211 86 8 1037 
4990 11 12 89 1963 
4991 1249 437 1211 436 
4992 998 868 1400 490 
4993 716 463 485 1252 
4994 1580 2100 2013 798 
4995 1966 27 26 795 
4996 782 1477 1453 1314 
4997 656 1123 291 292 
4998 1370 1951 498 550 
4999 62 1086 1767 875 
5000 2013 2100 797 798 
5001 708 1346 1344 564 
5002 71 156 72 235 
5003 332 478 479 1451 
5004 1667 1101 876 284 
5005 966 866 1184 558 
5006 1846 827 180 946 
5007 547 750 1423 1615 
5008 734 1540 1632 921 
5009 1222 1945 800 1195 
5010 53 194 52 1823 
5011 238 1465 1683 301 
5012 1953 1983 233 875 
5013 715 1694 1379 1693 
5014 1232 706 355 1219 
5015 31 111 220 1059 
5016 563 1507 1506 759 
5017 352 1235 1237 350 
5018 850 508 716 1759 
5019 1229 1192 1194 379 
5020 111 32 31 220 
5021 383 1216 1193 382 
5022 1545 499 1546 843 
5023 1211 1212 1249 436 
5024 1243 1257 1221 412 
5025 1768 4 873 1085 
5026 1404 976 324 1402 
5027 380 1191 1193 383 
5028 408 410 1731 1162 
5029 1893 560 554 1267 
5030 441 1142 1738 1753 
5031 1004 1082 233 1953 
5032 60 142 768 1778 
5033 1471 243 242 1469 
5034 315 816 309 1208 
5035 222 42 122 1863 
5036 447 432 1784 1316 
5037 1057 2014 229 1904 
5038 723 1333 1474 540 
5039 1546 507 1551 1884 
5040 157 72 158 1089 
5041 1506 1309 563 557 
5042 1266 554 552 1267 
5043 1256 354 355 1233 
5044 1469 242 244 621 
5045 842 988 1213 1771 
5046 1795 774 140 1038 
5047 296 1641 1136 294 
5048 827 44 125 1846 
5049 700 1600 1177 476 
5050 1824 1455 1934 390 
5051 752 1375 751 1301 
5052 1537 240 1467 1465 
5053 1029 805 14 2159 
5054 1247 1773 1774 712 
5055 1487 327 1735 512 
5056 1141 1143 1142 505 
5057 35 115 804 1060 
5058 1022 38 37 797 
5059 571 1729 1730 535 
5060 1237 823 350 1239 
5061 1446 1445 481 783 
5062 633 1135 634 303 
5063 2024 777 527 1349 
5064 707 1153 1152 1151 
5065 1870 1871 201 1044 
5066 1956 830 812 1076 
5067 332 479 822 1278 
5068 118 38 117 1022 
5069 547 520 661 1914 
5070 1997 1798 781 978 
5071 410 668 1242 412 
5072 222 122 41 1075 
5073 1243 1242 1270 668 
5074 1089 1669 226 1054 
5075 358 357 355 1219 
5076 1444 565 753 1436 
5077 494 1249 1304 436 
5078 2051 923 1037 1797 
5079 2025 1362 1638 500 
5080 553 1756 1266 1369 
5081 1541 1463 362 1542 
5082 235 157 72 1715 
5083 1142 443 441 1738 
5084 1255 1839 465 1314 
5085 1235 2004 1233 352 
5086 1421 1351 545 1003 
5087 665 676 1577 1637 
5088 841 1798 211 1797 
5089 827 125 45 1069 
5090 257 261 1495 1933 
5091 2030 689 933 1536 
5092 1819 1821 195 671 
5093 944 210 1811 1841 
5094 1841 12 210 1963 
5095 886 1938 1575 1987 
5096 612 2102 779 1564 
5097 275 624 1116 1108 
5098 795 2107 219 1597 
5099 1523 1999 613 1522 
5100 548 471 1497 1456 
5101 559 1506 1929 759 
5102 185 38 39 1855 
5103 1333 1918 374 723 
5104 248 251 639 1680 
5105 330 315 1352 1246 
5106 1227 561 559 1929 
5107 693 1281 346 692 
5108 35 115 36 804 
5109 1208 315 816 1246 
5110 581 759 1671 871 
5111 6 7 191 84 
5112 357 356 1256 2049 
5113 571 1730 901 535 
5114 1051 142 61 770 
5115 1042 187 124 1860 
5116 2123 853 1380 456 
5117 430 1530 1396 1755 
5118 966 1225 1184 1183 
5119 1309 1367 749 556 
5120 424 566 1449 1891 
5121 1629 311 312 305 
5122 349 1237 350 1239 
5123 481 483 1442 1443 
5124 327 1487 482 512 
5125 211 9 86 1796 
5126 46 127 213 1828 
5127 1329 1398 998 576 
5128 901 1345 708 535 
5129 1197 386 387 1199 
5130 1345 901 1730 1475 
5131 1022 185 38 797 
5132 346 1283 1284 1285 
5133 1979 1760 342 692 
5134 1221 1220 1167 411 
5135 988 1213 308 842 
5136 1640 1175 707 1151 
5137 1471 242 244 1469 
5138 54 53 135 905 
5139 1469 1656 240 1467 
5140 1693 669 1424 1759 
5141 1407 328 322 1404 
5142 776 923 1037 2051 
5143 544 469 1342 543 
5144 988 308 1213 1723 
5145 889 54 136 1816 
5146 90 12 1841 1963 
5147 1344 1345 708 402 
5148 1699 480 435 1145 
5149 296 295 1136 307 
5150 850 669 1693 1759 
5151 1798 1796 211 1797 
5152 1144 1211 437 1210 
5153 780 1802 880 2080 
5154 547 450 520 1391 
5155 1181 1692 327 1735 
5156 1286 1918 347 374 
5157 1251 463 1253 1252 
5158 944 91 13 1841 
5159 1987 886 1938 1477 
5160 455 1364 1306 807 
5161 1359 479 532 1451 
5162 1193 380 383 382 
5163 441 440 443 1142 
5164 1431 689 573 1549 
5165 82 205 4 1770 
5166 2010 171 1763 614 
5167 153 69 168 1740 
5168 359 360 361 1202 
5169 142 61 60 768 
5170 1437 424 320 1439 
5171 1947 1059 894 1990 
5172 569 1917 568 642 
5173 612 779 519 1564 
5174 1181 1692 319 917 
5175 808 125 1860 1074 
5176 825 824 424 1438 
5177 349 350 823 1239 
5178 1063 91 92 944 
5179 240 242 1656 1469 
5180 1338 1337 468 509 
5181 1118 1120 1119 1010 
5182 716 669 850 1759 
5183 1785 405 636 693 
5184 295 1137 1136 307 
5185 1215 1730 901 979 
5186 424 824 320 1439 
5187 475 474 420 1326 
5188 1575 772 886 2128 
5189 662 1110 1006 1673 
5190 1173 700 1172 1171 
5191 182 129 48 1850 
5192 954 1872 611 1011 
5193 1833 1443 481 1487 
5194 533 911 1944 1900 
5195 53 135 905 1065 
5196 920 2138 1792 2048 
5197 1135 1163 1121 303 
5198 327 319 1692 917 
5199 220 894 1990 661 
5200 1761 1979 340 2085 
5201 1531 1790 490 1822 
5202 1365 1364 1307 537 
5203 1966 26 105 1072 
5204 1840 134 53 1061 
5205 1022 37 117 1856 
5206 466 467 1839 468 
5207 1173 700 1171 397 
5208 800 1698 1952 687 
5209 675 1878 674 902 
5210 796 45 126 1069 
5211 1391 520 1914 1389 
5212 1462 1415 363 836 
5213 736 983 1808 1630 
5214 933 1779 2030 1536 
5215 1302 371 1303 1274 
5216 1316 1383 1382 729 
5217 129 48 49 182 
5218 653 380 1191 1192 
5219 444 691 1139 1140 
5220 624 299 275 1116 
5221 1374 259 1434 1433 
5222 733 1265 1986 1705 
5223 1260 583 842 1394 
5224 805 195 14 2159 
5225 633 2033 1163 272 
5226 1177 1173 1600 700 
5227 1781 85 7 775 
5228 417 1349 777 1298 
5229 221 126 45 1074 
5230 324 1788 1402 325 
5231 1745 421 2041 515 
5232 604 477 1411 1409 
5233 220 894 1059 1990 
5234 1443 1445 481 1446 
5235 1881 2049 1545 499 
5236 1195 1194 384 1196 
5237 1086 62 63 875 
5238 1036 8 85 775 
5239 169 69 152 1017 
5240 1417 562 1671 759 
5241 1114 291 1123 292 
5242 1212 1211 437 436 
5243 1243 416 670 1736 
5244 1242 1731 668 410 
5245 1685 1541 362 2137 
5246 1846 125 827 1069 
5247 854 737 1939 1893 
5248 1473 615 1491 1470 
5249 1556 728 1702 725 
5250 752 751 419 1301 
5251 2074 1562 718 2083 
5252 586 1182 1184 1381 
5253 1694 715 511 850 
5254 1374 258 259 1433 
5255 131 51 132 1033 
5256 68 169 69 152 
5257 1110 620 619 1006 
5258 44 125 45 827 
5259 358 355 706 1219 
5260 40 1045 974 1869 
5261 24 23 200 102 
5262 1914 547 520 1391 
5263 1339 1338 468 510 
5264 1186 1178 602 1185 
5265 1196 386 384 1197 
5266 583 2019 1393 671 
5267 2145 2073 838 1454 
5268 329 704 330 1352 
5269 1472 242 243 1469 
5270 836 591 1414 941 
5271 1773 1247 816 712 
5272 1165 1135 695 633 
5273 1340 1917 510 569 
5274 337 627 1639 1427 
5275 516 1356 1570 1357 
5276 759 1671 1417 581 
5277 332 478 1451 1754 
5278 1653 1163 2033 272 
5279 546 1274 1272 1708 
5280 1873 1872 201 814 
5281 893 135 53 1840 
5282 1827 217 50 1033 
5283 1301 752 1375 1926 
5284 1352 1754 330 1246 
5285 797 1022 185 2100 
5286 360 358 403 1203 
5287 1752 695 1176 1970 
5288 195 805 1029 2159 
5289 894 1947 1990 661 
5290 357 356 355 1256 
5291 1437 320 321 2003 
5292 1281 426 1760 692 
5293 1522 585 1419 1564 
5294 242 241 1656 1469 
5295 1045 974 1869 711 
5296 1932 1446 1489 541 
5297 1927 1935 378 376 
5298 1391 450 520 1390 
5299 1246 1248 331 1247 
5300 1591 1415 365 363 
5301 236 235 1715 1079 
5302 1414 1415 836 373 
5303 1152 657 707 1151 
5304 330 332 331 1754 
5305 107 27 28 1873 
5306 1072 26 181 795 
5307 587 668 1731 410 
5308 457 755 734 1986 
5309 902 1878 674 1789 
5310 796 126 46 1828 
5311 1785 636 428 693 
5312 1327 1431 475 1845 
5313 1756 553 551 1369 
5314 418 420 421 1995 
5315 1325 367 1854 373 
5316 1023 2042 47 788 
5317 90 13 12 794 
5318 226 158 72 1089 
5319 772 189 1575 771 
5320 435 1212 437 436 
5321 1281 1282 693 1283 
5322 448 1209 2153 446 
5323 1030 889 136 1816 
5324 904 2001 234 1999 
5325 144 62 63 1086 
5326 359 361 1685 1202 
5327 2075 636 590 1341 
5328 1736 418 421 1995 
5329 242 241 240 1656 
5330 2044 1474 1930 723 
5331 615 1473 246 1470 
5332 1818 90 12 794 
5333 1794 776 85 1037 
5334 89 12 11 792 
5335 635 240 238 1465 
5336 601 700 1177 476 
5337 1334 1333 1332 518 
5338 1202 358 1203 1218 
5339 1202 360 358 1218 
5340 1431 574 475 573 
5341 1388 851 761 1389 
5342 1016 168 1742 846 
5343 456 1294 1293 486 
5344 1337 508 509 715 
5345 213 1023 788 1829 
5346 417 1296 1349 1298 
5347 1255 465 463 1254 
5348 1443 1487 1446 482 
5349 62 143 61 1767 
5350 1288 1791 526 1291 
5351 1435 423 422 1397 
5352 472 1774 1343 545 
5353 1483 704 329 1352 
5354 852 1361 1967 1894 
5355 1432 1372 258 1663 
5356 528 1458 1344 1892 
5357 1781 1036 85 775 
5358 1462 1463 495 362 
5359 1356 1358 1270 670 
5360 1013 943 584 1521 
5361 135 53 54 893 
5362 235 71 156 1716 
5363 1191 1216 1193 383 
5364 1510 886 2068 1987 
5365 535 476 1729 1941 
5366 1983 233 1082 1953 
5367 479 532 533 1900 
5368 216 102 24 1028 
5369 1398 647 998 576 
5370 797 37 1022 1856 
5371 46 45 126 796 
5372 676 665 677 1637 
5373 1175 707 429 1640 
5374 1446 1932 783 541 
5375 485 1252 1250 1422 
5376 1356 1358 670 516 
5377 485 655 669 1424 
5378 426 349 427 1240 
5379 1537 240 239 1656 
5380 1260 583 1394 1330 
5381 1359 479 1360 1900 
5382 556 1262 1308 554 
5383 731 447 1315 1382 
5384 1152 1663 657 1149 
5385 488 302 279 1115 
5386 1441 481 326 1833 
5387 410 1167 1731 1162 
5388 82 5 205 1048 
5389 1724 403 706 1203 
5390 171 74 161 75 
5391 1952 1500 1502 687 
5392 383 380 1191 653 
5393 1122 1114 1123 292 
5394 381 384 385 1195 
5395 1437 1438 424 1439 
5396 1043 200 102 1867 
5397 1828 127 213 1023 
5398 1442 1445 481 1443 
5399 2065 1561 194 2118 
5400 393 1824 1727 390 
5401 565 422 753 1436 
5402 437 439 1259 1211 
5403 718 722 1888 1886 
5404 1523 613 585 1522 
5405 1541 820 2137 1881 
5406 907 2150 1819 671 
5407 121 41 40 1071 
5408 1044 1872 201 1873 
5409 190 84 6 1776 
5410 465 1839 467 1314 
5411 1800 1801 138 780 
5412 1632 734 755 1986 
5413 494 438 1249 436 
5414 432 1305 1784 434 
5415 902 675 1878 1660 
5416 314 309 1721 1245 
5417 571 1728 1178 602 
5418 689 1431 1536 1549 
5419 1026 133 52 1823 
5420 1373 618 267 626 
5421 1881 820 357 499 
5422 60 61 142 770 
5423 1035 15 192 1809 
5424 555 1226 1262 554 
5425 944 1063 91 1841 
5426 1488 1490 1489 513 
5427 1902 36 115 804 
5428 2109 727 198 1555 
5429 557 1261 1309 556 
5430 294 1122 295 292 
5431 647 1399 1329 998 
5432 873 208 4 1768 
5433 86 9 204 1803 
5434 687 529 1499 688 
5435 1316 432 1784 1384 
5436 1776 83 6 773 
5437 591 1416 1414 1478 
5438 893 54 135 2129 
5439 414 415 1787 1297 
5440 343 340 1322 2085 
5441 496 820 362 1542 
5442 1366 1340 925 623 
5443 1285 1284 346 347 
5444 1244 393 394 1824 
5445 1274 546 828 1708 
5446 1472 243 255 1529 
5447 1393 672 583 671 
5448 707 598 429 1640 
5449 544 852 1967 1894 
5450 286 287 1674 289 
5451 1128 1137 295 308 
5452 133 52 134 1061 
5453 399 400 398 1713 
5454 211 781 1798 841 
5455 2051 2114 819 1511 
5456 1406 1408 833 1409 
5457 557 563 1506 559 
5458 423 753 422 1397 
5459 234 908 1999 1081 
5460 1105 283 280 1104 
5461 932 1512 1364 807 
5462 776 85 7 1794 
5463 1800 138 57 780 
5464 1632 1540 1631 921 
5465 1758 357 355 1256 
5466 251 248 1613 1680 
5467 1323 1757 346 341 
5468 481 1446 783 482 
5469 776 8 85 1037 
5470 477 400 506 1410 
5471 1570 516 1357 596 
5472 1963 1034 11 785 
5473 1329 1398 647 998 
5474 1349 777 527 417 
5475 493 1401 1911 649 
5476 1451 478 532 1606 
5477 1528 1527 950 1405 
5478 419 752 1301 1926 
5479 1788 1402 325 1531 
5480 1348 593 1937 1792 
5481 1153 1155 1629 305 
5482 50 130 49 801 
5483 1412 1911 1401 649 
5484 804 115 1902 1060 
5485 588 427 1994 428 
5486 1669 226 858 1089 
5487 819 2114 1013 1511 
5488 1506 1913 557 559 
5489 756 893 1634 1737 
5490 416 418 1736 1258 
5491 29 30 109 1875 
5492 841 1930 1474 723 
5493 688 1501 687 821 
5494 805 14 15 1029 
5495 707 598 1640 1151 
5496 345 341 2002 344 
5497 781 1796 211 1798 
5498 533 1360 479 1900 
5499 63 145 1 2095 
5500 375 1334 1332 518 
5501 1602 2072 622 968 
5502 1997 781 177 978 
5503 1411 477 506 1410 
5504 419 420 1300 1301 
5505 102 216 1853 1028 
5506 1424 655 1425 1422 
5507 363 2058 1462 362 
5508 355 1219 1758 1256 
5509 1857 46 127 811 
5510 678 171 74 1981 
5511 1531 490 425 1822 
5512 61 143 1051 1767 
5513 1863 122 222 1075 
5514 189 1575 1627 772 
5515 1194 380 1193 381 
5516 1364 1512 932 1925 
5517 560 737 854 1893 
5518 1572 888 791 1573 
5519 8 7 85 775 
5520 706 644 1724 1726 
5521 934 490 1790 1822 
5522 172 71 235 1716 
5523 749 742 738 2031 
5524 1250 1224 461 459 
5525 1337 1312 1338 468 
5526 1064 49 130 801 
5527 1 145 63 2093 
5528 1704 849 404 823 
5529 30 110 894 2026 
5530 286 1100 288 1098 
5531 1945 1193 382 381 
5532 1900 1359 532 1457 
5533 149 66 1906 1056 
5534 1048 83 5 769 
5535 5 6 83 773 
5536 415 1257 1787 1297 
5537 705 1210 435 1145 
5538 1735 327 1181 917 
5539 1798 781 1799 1997 
5540 1803 204 86 1036 
5541 103 104 25 1836 
5542 112 33 32 802 
5543 1779 933 2131 1493 
5544 1149 956 658 1147 
5545 580 579 1771 1394 
5546 1669 676 226 1054 
5547 350 1236 1238 343 
5548 1253 1255 463 1254 
5549 51 50 131 2017 
5550 889 136 55 1030 
5551 45 126 221 46 
5552 116 218 1902 1856 
5553 2096 3 1 969 
5554 41 121 122 1834 
5555 1185 1174 1178 938 
5556 1224 1762 461 460 
5557 8 9 86 211 
5558 260 1374 1373 1372 
5559 1467 240 635 1465 
5560 130 50 1827 801 
5561 1763 1765 2010 614 
5562 693 428 1785 1280 
5563 962 1964 230 642 
5564 1187 1215 396 979 
5565 979 1187 1178 602 
5566 911 1900 1457 1901 
5567 712 902 1789 545 
5568 526 870 1791 1288 
5569 2041 1742 515 846 
5570 321 1435 1437 2003 
5571 1700 1784 432 1748 
5572 51 132 1026 2017 
5573 1671 1506 1507 759 
5574 537 1364 932 1925 
5575 385 386 387 1197 
5576 1220 1166 1167 411 
5577 478 532 479 1451 
5578 1131 1130 502 360 
5579 394 1244 1824 1336 
5580 1260 1319 673 1330 
5581 135 53 134 1065 
5582 126 796 1069 1828 
5583 822 1361 852 1894 
5584 164 163 77 1057 
5585 440 443 1142 505 
5586 1517 1516 960 719 
5587 1825 94 15 926 
5588 291 1697 287 1114 
5589 561 558 966 1183 
5590 244 243 242 1471 
5591 1555 2038 1553 726 
5592 1966 2107 795 1597 
5593 1288 526 610 1291 
5594 1487 1443 481 482 
5595 1007 787 1744 744 
5596 69 153 1017 1739 
5597 2041 1742 1745 515 
5598 51 50 217 1033 
5599 637 250 1533 1933 
5600 1188 654 392 1190 
5601 1418 518 819 1392 
5602 1463 496 1543 570 
5603 291 1182 1123 877 
5604 853 701 1622 605 
5605 866 1225 1184 558 
5606 1283 1282 693 346 
5607 661 1990 860 1616 
5608 1364 932 807 537 
5609 401 399 476 1941 
5610 483 481 326 1441 
5611 1 3 2094 970 
5612 15 805 1825 926 
5613 757 1633 464 2073 
5614 1191 392 653 1190 
5615 1839 467 466 465 
5616 1003 1421 1659 890 
5617 1747 1250 685 1200 
5618 780 940 2055 2080 
5619 1474 1961 923 540 
5620 1123 1697 1182 291 
5621 1827 1064 130 801 
5622 554 555 1226 553 
5623 1203 360 358 1202 
5624 921 734 1540 1630 
5625 332 1451 1277 1754 
5626 1718 1717 696 1486 
5627 843 1545 820 1542 
5628 2014 613 908 1904 
5629 331 816 1246 1247 
5630 93 94 15 1825 
5631 1164 639 251 1680 
5632 1918 1310 405 723 
5633 727 1702 728 725 
5634 922 547 1616 1615 
5635 1792 1348 593 526 
5636 218 36 116 1902 
5637 700 1173 1174 601 
5638 1952 391 800 687 
5639 1104 1102 283 282 
5640 1695 1337 509 715 
5641 509 1338 1505 568 
5642 399 400 1713 1599 
5643 1391 547 450 1423 
5644 145 2 1 2095 
5645 481 577 1445 1442 
5646 215 41 42 1834 
5647 55 136 2129 1032 
5648 569 1340 1558 623 
5649 2024 527 887 1885 
5650 368 370 369 2157 
5651 102 23 200 1043 
5652 418 670 416 1736 
5653 554 1266 1262 1267 
5654 414 1888 722 1297 
5655 238 240 239 1537 
5656 1334 518 584 1418 
5657 456 1293 487 486 
5658 1730 1215 1728 979 
5659 1102 1667 283 284 
5660 1587 2035 647 648 
5661 1362 2025 348 500 
5662 1772 401 535 1475 
5663 1487 1735 1922 512 
5664 1800 209 139 1039 
5665 466 1312 1311 468 
5666 1789 902 1878 1660 
5667 1 2 145 2093 
5668 1059 894 110 2026 
5669 452 514 1678 984 
5670 755 2040 458 464 
5671 830 1956 1870 1076 
5672 1772 1598 401 1599 
5673 58 140 774 1038 
5674 1529 255 1472 1670 
5675 921 736 734 1630 
5676 1474 923 841 540 
5677 901 1728 571 979 
5678 86 204 8 1036 
5679 804 765 2099 918 
5680 322 316 833 1584 
5681 1006 1110 1117 1673 
5682 865 1848 946 2061 
5683 1200 1250 685 459 
5684 774 140 59 1795 
5685 2030 933 689 768 
5686 1116 1688 275 1108 
5687 1603 1932 541 784 
5688 352 1237 1268 350 
5689 446 444 1209 445 
5690 1236 1238 1237 350 
5691 773 83 5 1049 
5692 2114 1013 190 819 
5693 2096 1 146 969 
5694 1900 532 911 1457 
5695 193 109 30 2026 
5696 1241 1577 1535 665 
5697 1309 1308 1367 556 
5698 25 104 103 1076 
5699 269 1168 1169 306 
5700 478 681 1606 1751 
5701 1633 757 1635 2073 
5702 2159 1029 195 1820 
5703 1310 694 405 723 
5704 1360 1479 533 534 
5705 961 1287 1290 1002 
5706 1174 268 700 601 
5707 1339 1839 467 468 
5708 163 164 77 1058 
5709 1244 394 395 1336 
5710 817 1091 1578 1092 
5711 938 1185 1749 603 
5712 1 146 972 2095 
5713 626 1373 618 1601 
5714 206 61 143 1050 
5715 409 1161 1162 407 
5716 1979 342 339 692 
5717 393 1727 392 390 
5718 1467 635 256 1465 
5719 260 262 263 1434 
5720 393 394 395 1244 
5721 1495 261 2146 1933 
5722 2036 1573 791 760 
5723 1338 509 510 568 
5724 1219 357 355 1758 
5725 1945 1193 381 1195 
5726 116 36 37 1874 
5727 758 731 1420 798 
5728 144 62 1086 1767 
5729 852 544 822 1894 
5730 1402 1400 493 325 
5731 507 1546 607 1884 
5732 2069 1481 318 1439 
5733 1617 922 750 714 
5734 80 3 1 2096 
5735 2008 785 1814 1815 
5736 216 23 102 1853 
5737 1344 708 564 402 
5738 1263 1264 469 1342 
5739 613 904 1999 1523 
5740 1607 205 1770 872 
5741 220 111 32 2143 
5742 1098 1101 288 1204 
5743 339 1709 338 1485 
5744 1314 539 465 1452 
5745 1157 999 319 1691 
5746 2143 112 32 802 
5747 838 757 2073 2145 
5748 2007 2040 755 1632 
5749 1929 1671 562 759 
5750 866 586 1184 1381 
5751 160 161 74 170 
5752 1440 824 1438 1439 
5753 365 1415 1854 373 
5754 344 679 665 1636 
5755 951 94 15 1035 
5756 299 1688 275 1116 
5757 22 23 101 813 
5758 1233 354 355 353 
5759 673 583 1260 1330 
5760 665 1535 344 1636 
5761 1153 1629 312 305 
5762 464 755 2040 1633 
5763 547 750 450 1423 
5764 420 418 1300 1995 
5765 61 142 1050 768 
5766 160 161 170 1018 
5767 1384 1316 432 729 
5768 389 1934 1496 839 
5769 446 750 1644 1423 
5770 1854 1321 367 1325 
5771 94 16 15 926 
5772 472 1343 1342 543 
5773 1 3 80 2094 
5774 74 160 159 1981 
5775 362 2058 1685 361 
5776 578 1696 2101 745 
5777 475 474 1326 2056 
5778 883 1550 356 507 
5779 414 1787 412 411 
5780 1166 1220 413 411 
5781 24 23 102 216 
5782 769 1048 83 1780 
5783 495 363 1462 362 
5784 603 259 1495 1566 
5785 907 1819 195 671 
5786 1873 27 28 814 
5787 1502 1508 733 821 
5788 1323 1709 341 339 
5789 848 78 233 1082 
5790 1121 634 1135 303 
5791 982 1595 1512 1429 
5792 1366 1340 1339 925 
5793 476 535 401 1941 
5794 513 1488 1922 482 
5795 723 374 1333 540 
5796 558 866 1225 555 
5797 1184 1182 586 966 
5798 422 424 1437 1436 
5799 218 116 37 1856 
5800 429 321 707 1175 
5801 1218 357 358 1758 
5802 539 838 1452 1454 
5803 508 1337 1379 715 
5804 853 2123 701 456 
5805 565 865 2061 1444 
5806 1830 483 825 1440 
5807 534 1361 1447 852 
5808 1313 589 849 823 
5809 1034 88 177 1799 
5810 638 2144 1458 528 
5811 931 1783 204 2097 
5812 1027 215 42 1834 
5813 467 1938 886 1477 
5814 870 526 610 1288 
5815 518 1333 1332 374 
5816 1260 1231 1213 953 
5817 533 1479 592 534 
5818 8 9 204 86 
5819 1603 2132 784 916 
5820 1033 51 132 983 
5821 482 1922 513 512 
5822 1117 620 1110 1006 
5823 1275 369 370 2157 
5824 1511 1777 1013 1418 
5825 81 4 1768 1085 
5826 1149 956 1147 1148 
5827 171 2010 845 614 
5828 448 691 1139 444 
5829 547 661 860 1616 
5830 433 1748 1150 1699 
5831 1451 532 1359 1457 
5832 1411 1492 604 1409 
5833 977 866 1756 1381 
5834 1616 661 1990 1914 
5835 243 1471 1472 1469 
5836 1270 1243 670 1736 
5837 1824 1214 393 1727 
5838 434 1212 1700 435 
5839 950 1406 1916 1405 
5840 535 1730 901 1475 
5841 566 946 1847 2061 
5842 1982 2001 873 1085 
5843 84 6 7 190 
5844 2058 1591 364 363 
5845 30 110 1046 930 
5846 1944 600 911 533 
5847 1616 547 661 1914 
5848 350 1238 1237 349 
5849 1509 587 1731 1668 
5850 408 1731 587 1668 
5851 1465 238 635 301 
5852 1748 431 433 1150 
5853 1269 901 396 1215 
5854 46 126 221 1857 
5855 1641 296 1721 659 
5856 121 40 974 1869 
5857 1269 1730 901 1215 
5858 311 318 2135 1629 
5859 498 371 1921 1320 
5860 541 1446 1488 482 
5861 229 613 908 2014 
5862 474 420 1326 1995 
5863 1639 627 337 340 
5864 861 1483 704 521 
5865 1968 489 551 1589 
5866 850 511 1694 1693 
5867 1362 679 1638 500 
5868 631 286 288 1098 
5869 2050 623 1560 770 
5870 343 1238 350 349 
5871 1683 1465 1464 301 
5872 1569 2117 1804 900 
5873 1449 566 936 2119 
5874 1358 670 421 1736 
5875 1303 998 1329 1790 
5876 580 579 842 1771 
5877 724 2004 1268 352 
5878 1918 347 374 723 
5879 904 613 585 1523 
5880 1551 1552 1553 869 
5881 1678 1679 2127 454 
5882 1929 562 1671 1417 
5883 250 1533 1933 1504 
5884 540 1961 819 1392 
5885 142 1050 768 1778 
5886 271 1650 622 1602 
5887 407 1160 1668 300 
5888 1434 263 1648 1689 
5889 446 1644 1581 1423 
5890 339 341 1323 692 
5891 156 155 173 1681 
5892 1555 198 2038 726 
5893 1921 371 1328 1302 
5894 348 2025 1331 500 
5895 611 1370 498 550 
5896 932 982 1597 1512 
5897 1427 1639 337 1485 
5898 444 1139 1209 1140 
5899 15 805 1029 1825 
5900 1504 1933 252 1594 
5901 1849 101 22 898 
5902 1799 87 10 781 
5903 1891 424 565 1436 
5904 551 489 643 1589 
5905 706 403 358 1203 
5906 1434 260 259 1374 
5907 1556 849 1703 725 
5908 1152 657 1153 707 
5909 508 466 1311 468 
5910 2033 1168 270 633 
5911 2143 220 111 1059 
5912 702 1205 361 1202 
5913 769 83 6 1780 
5914 1855 119 39 981 
5915 1275 371 369 1320 
5916 1728 901 1730 979 
5917 2121 1370 611 550 
5918 1549 690 573 1593 
5919 1811 1063 944 1841 
5920 881 177 1997 2008 
5921 1165 306 1168 633 
5922 1100 1101 288 1098 
5923 1703 849 728 725 
5924 2004 354 1233 353 
5925 696 503 1717 1718 
5926 973 95 16 1826 
5927 942 591 1478 996 
5928 1806 2046 774 1538 
5929 1306 1294 455 486 
5930 37 36 116 218 
5931 559 563 1506 759 
5932 920 1975 898 1838 
5933 60 188 141 1778 
5934 1727 1214 393 392 
5935 321 429 1755 1175 
5936 898 1849 101 1853 
5937 75 162 161 1763 
5938 1476 1398 1328 576 
5939 576 998 1329 1303 
5940 6 5 83 769 
5941 407 1161 1160 641 
5942 177 11 88 1034 
5943 405 1785 1310 1282 
5944 1447 534 852 879 
5945 946 566 565 2061 
5946 2101 1766 170 949 
5947 1197 387 385 1844 
5948 177 1799 781 1997 
5949 1109 1105 619 278 
5950 152 168 68 1743 
5951 1372 267 260 616 
5952 88 10 177 1799 
5953 309 1721 1245 1138 
5954 1848 865 2018 2061 
5955 421 1358 2041 515 
5956 861 1971 1483 521 
5957 303 633 1163 272 
5958 1209 1644 446 445 
5959 773 1776 83 1049 
5960 1487 481 327 482 
5961 1029 805 195 1820 
5962 1697 586 1182 291 
5963 2061 2089 566 1891 
5964 746 950 1406 1916 
5965 77 230 163 1058 
5966 1256 1758 357 2049 
5967 270 271 265 1651 
5968 2108 754 1890 789 
5969 1910 169 1017 1739 
5970 751 420 1301 1326 
5971 296 314 309 1721 
5972 663 1172 700 1171 
5973 1323 1757 1283 346 
5974 812 24 200 1867 
5975 371 1328 523 1921 
5976 1933 1495 257 1433 
5977 2017 1706 1026 786 
5978 252 250 1933 1504 
5979 1929 1506 1671 759 
5980 2121 611 1872 1011 
5981 56 138 1801 780 
5982 1702 727 1556 725 
5983 2061 566 565 1891 
5984 1010 837 1119 524 
5985 1355 548 1456 914 
5986 1987 1510 782 1477 
5987 1415 365 836 373 
5988 209 58 139 1039 
5989 439 441 1514 1753 
5990 2153 1581 449 446 
5991 1898 495 1463 570 
5992 54 135 136 1816 
5993 572 1845 573 1593 
5994 819 923 2051 1961 
5995 1467 256 242 1468 
5996 369 840 1321 1320 
5997 1226 1262 1261 555 
5998 482 1487 1922 512 
5999 741 1940 2048 1973 
6000 719 1516 960 835 
6001 1463 1462 1541 362 
6002 165 78 848 1082 
6003 1279 427 1239 1240 
6004 1766 162 75 745 
6005 228 834 1906 1056 
6006 1544 1545 1546 843 
6007 85 7 8 776 
6008 1423 1391 547 1615 
6009 1298 777 419 1926 
6010 1400 1329 868 998 
6011 2083 718 2074 1886 
6012 1559 642 569 862 
6013 1196 1201 497 1198 
6014 1429 630 1924 486 
6015 1142 1140 443 1738 
6016 1243 416 1736 1258 
6017 867 2078 1725 1568 
6018 2017 51 212 786 
6019 136 55 54 889 
6020 308 295 1128 656 
6021 676 226 858 1669 
6022 438 437 1249 436 
6023 1017 681 169 1910 
6024 387 1197 1199 1844 
6025 1808 1033 132 983 
6026 358 359 357 1218 
6027 1318 1317 442 1259 
6028 1721 309 296 1138 
6029 1020 1971 697 912 
6030 1739 1910 169 861 
6031 707 312 1153 1175 
6032 1440 825 1449 1438 
6033 1322 1761 343 2085 
6034 1891 1449 424 1438 
6035 1074 221 126 1857 
6036 2158 305 253 1154 
6037 539 838 462 1452 
6038 1600 476 399 1941 
6039 1091 1578 522 817 
6040 1855 185 38 1022 
6041 702 361 360 1202 
6042 197 21 100 1070 
6043 1384 432 1784 430 
6044 1374 1648 260 1373 
6045 2068 940 886 1510 
6046 831 1992 1956 812 
6047 598 1152 657 1149 
6048 1026 2118 1823 786 
6049 2079 730 1955 799 
6050 1455 914 1456 839 
6051 485 669 716 1424 
6052 2125 1413 1895 831 
6053 1202 359 360 1218 
6054 592 1479 1447 534 
6055 318 824 2069 1439 
6056 531 1673 2078 1567 
6057 1222 385 391 1844 
6058 77 165 78 848 
6059 734 733 1986 1508 
6060 1675 1146 990 1371 
6061 1080 1091 863 1090 
6062 674 1534 1319 1009 
6063 1268 1235 1237 352 
6064 1840 893 135 2129 
6065 1385 1889 1450 504 
6066 428 427 1994 1279 
6067 362 820 1541 1542 
6068 925 1340 510 623 
6069 992 1448 191 2082 
6070 1829 936 1828 1946 
6071 384 379 1194 381 
6072 1795 141 188 1778 
6073 1747 685 1422 1686 
6074 135 54 905 1816 
6075 445 444 1209 2087 
6076 705 1144 1210 1145 
6077 1414 1413 373 941 
6078 826 213 788 1829 
6079 819 1013 584 1418 
6080 1372 266 258 1663 
6081 362 363 2058 361 
6082 1164 251 1613 1680 
6083 829 128 1040 1850 
6084 435 1210 1700 1699 
6085 288 631 1098 1204 
6086 216 1837 593 1838 
6087 1558 1340 569 1559 
6088 1602 2072 968 1601 
6089 252 250 637 1933 
6090 883 1552 1550 507 
6091 1395 1394 583 1330 
6092 866 1756 1226 553 
6093 2024 1989 777 1349 
6094 1523 585 943 1521 
6095 1662 645 377 2106 
6096 1186 1188 654 703 
6097 1128 1137 308 1723 
6098 656 1128 308 1723 
6099 135 134 53 1840 
6100 860 1733 802 1732 
6101 2089 566 1847 2061 
6102 652 1528 1527 950 
6103 434 1305 1304 758 
6104 1231 1260 673 953 
6105 168 68 1743 744 
6106 577 481 483 1442 
6107 906 1716 235 1079 
6108 1786 1785 1310 636 
6109 836 1462 1416 495 
6110 127 47 213 1023 
6111 1704 1313 849 823 
6112 1278 479 1360 1359 
6113 1184 1756 1226 866 
6114 1254 465 462 1452 
6115 1649 263 1648 618 
6116 459 1200 1223 388 
6117 532 1451 1606 1457 
6118 2075 2067 1815 590 
6119 716 508 1311 1759 
6120 253 657 305 2158 
6121 509 1505 1695 578 
6122 1184 1182 966 1183 
6123 851 762 1461 1388 
6124 792 1818 794 1001 
6125 497 386 384 1196 
6126 426 342 1760 692 
6127 837 1120 1134 501 
6128 1728 1187 1178 979 
6129 1104 280 1106 279 
6130 348 1286 1285 347 
6131 1784 1700 432 434 
6132 811 127 1857 1040 
6133 203 139 1038 1805 
6134 1429 1512 982 807 
6135 1319 1878 674 672 
6136 1247 1774 1263 472 
6137 1398 1329 1328 576 
6138 820 1881 1545 499 
6139 1589 551 1968 1962 
6140 1715 235 157 1079 
6141 106 27 1966 2107 
6142 1979 342 1761 340 
6143 1667 876 283 284 
6144 869 1553 2038 726 
6145 893 53 196 1840 
6146 1705 391 1952 1502 
6147 1629 2135 311 1691 
6148 1754 1248 331 1246 
6149 418 421 670 1736 
6150 510 468 1339 925 
6151 135 905 1065 1816 
6152 2056 474 1744 572 
6153 1981 171 1019 980 
6154 941 1895 1413 831 
6155 1178 602 1185 938 
6156 396 1214 1187 703 
6157 380 1194 379 381 
6158 847 1008 2154 801 
6159 246 249 1473 615 
6160 699 156 1681 1080 
6161 865 1890 2060 2018 
6162 339 338 337 1485 
6163 1763 75 162 945 
6164 836 363 1462 495 
6165 535 1345 708 1475 
6166 523 1951 1476 1646 
6167 565 865 946 2061 
6168 953 1213 1260 842 
6169 1426 664 336 1241 
6170 990 1146 617 1371 
6171 81 3 80 1088 
6172 1431 475 1845 573 
6173 1911 493 649 650 
6174 1310 2044 694 723 
6175 1323 1283 1281 692 
6176 1231 1319 1534 1009 
6177 1713 398 397 1584 
6178 953 1207 1137 307 
6179 600 1944 1479 533 
6180 1711 653 654 1190 
6181 109 30 29 193 
6182 2094 167 1 970 
6183 439 1318 442 1259 
6184 1241 1535 664 665 
6185 585 612 519 1564 
6186 156 157 235 1079 
6187 1842 130 49 927 
6188 1806 774 947 1538 
6189 1878 675 672 2000 
6190 718 1888 722 414 
6191 1161 1159 1160 641 
6192 2150 2000 672 907 
6193 1198 1199 1200 895 
6194 51 52 132 983 
6195 1306 1307 1364 455 
6196 1325 1414 1413 373 
6197 1199 1198 386 895 
6198 574 689 1431 1536 
6199 111 31 32 224 
6200 1823 2118 194 786 
6201 1141 691 1133 1714 
6202 47 128 48 2042 
6203 1170 269 1168 1169 
6204 224 111 31 1876 
6205 1787 1221 1257 412 
6206 700 1177 1173 601 
6207 267 260 1373 1372 
6208 470 529 1498 687 
6209 971 167 1 2093 
6210 88 11 174 1031 
6211 436 434 1304 758 
6212 380 1193 1191 1192 
6213 102 103 24 1028 
6214 1944 227 1055 1901 
6215 1516 1923 1515 989 
6216 325 324 1788 323 
6217 906 235 236 1079 
6218 127 47 46 213 
6219 2139 1684 237 1683 
6220 641 1159 1158 640 
6221 483 1830 1442 1440 
6222 516 670 1356 667 
6223 971 1 63 2093 
6224 392 1191 1188 1190 
6225 77 163 229 1057 
6226 95 17 16 1068 
6227 259 257 1495 1433 
6228 829 48 128 1850 
6229 1337 508 468 509 
6230 501 1120 1134 1271 
6231 1308 1309 1261 556 
6232 1242 1299 1270 668 
6233 540 518 1333 1392 
6234 2031 1519 738 1367 
6235 1767 207 62 875 
6236 988 1750 1179 1723 
6237 943 1013 1777 1521 
6238 1327 475 751 1326 
6239 1994 589 427 588 
6240 2100 1579 185 798 
6241 716 1311 466 1253 
6242 1330 672 583 1393 
6243 1773 1207 1231 317 
6244 1827 50 217 801 
6245 1883 758 1420 798 
6246 1390 1391 450 1423 
6247 2058 1541 1462 362 
6248 219 932 982 1597 
6249 599 1351 1569 1003 
6250 1110 662 283 1667 
6251 2099 765 1907 918 
6252 1510 782 886 1987 
6253 1350 1909 375 779 
6254 1291 487 610 1292 
6255 11 12 1963 785 
6256 418 1736 1300 1995 
6257 977 643 298 2116 
6258 1011 201 1872 814 
6259 834 148 66 1906 
6260 743 911 1901 2021 
6261 1853 898 1975 1838 
6262 1584 833 322 1407 
6263 389 1949 1216 382 
6264 2058 364 1205 361 
6265 227 1944 911 1901 
6266 1440 483 824 1441 
6267 939 690 2091 1593 
6268 371 828 1303 1274 
6269 138 56 57 780 
6270 1209 1644 445 2087 
6271 1250 1200 1224 459 
6272 837 1121 1120 1119 
6273 465 1254 1314 1452 
6274 1536 574 933 1430 
6275 1479 1360 1447 534 
6276 420 419 751 1301 
6277 325 490 425 1531 
6278 1937 525 593 1348 
6279 1437 424 1438 1436 
6280 1941 401 399 1599 
6281 1961 2051 819 1511 
6282 619 1110 283 1105 
6283 174 10 11 88 
6284 1828 213 936 1829 
6285 736 1540 734 1630 
6286 1720 367 366 365 
6287 70 173 155 1020 
6288 229 2022 612 2014 
6289 1257 416 415 412 
6290 369 367 368 2157 
6291 1127 575 1118 620 
6292 1746 67 228 744 
6293 69 168 68 152 
6294 556 557 1261 555 
6295 1742 168 1016 1743 
6296 643 551 1589 1962 
6297 1947 851 1612 1461 
6298 2030 1779 933 768 
6299 1113 293 294 304 
6300 619 290 620 1112 
6301 509 468 1338 510 
6302 528 2144 1458 1892 
6303 361 1685 362 359 
6304 845 1765 2141 779 
6305 1149 598 1152 1151 
6306 1421 1660 1659 890 
6307 615 249 1473 1491 
6308 898 101 23 1853 
6309 1941 535 401 1475 
6310 87 1799 1796 781 
6311 242 1469 1467 1468 
6312 753 1444 1436 1397 
6313 341 346 1323 692 
6314 821 688 1501 847 
6315 2001 873 234 1982 
6316 386 1199 895 388 
6317 2122 1941 399 1599 
6318 840 369 498 1320 
6319 76 75 162 745 
6320 560 552 554 1267 
6321 1514 1318 439 1259 
6322 636 2075 1785 1341 
6323 349 1238 1237 1239 
6324 907 1819 2000 1001 
6325 52 133 132 983 
6326 1760 1979 1323 692 
6327 81 80 3 1085 
6328 821 1501 1503 847 
6329 371 523 1328 576 
6330 664 336 1093 372 
6331 782 467 886 1477 
6332 1815 785 1814 590 
6333 1110 662 619 283 
6334 1691 1157 999 1155 
6335 1849 197 1975 898 
6336 1351 1342 1343 543 
6337 1146 1145 1143 990 
6338 1425 669 655 1424 
6339 594 741 2048 1973 
6340 635 256 240 1467 
6341 583 580 1394 1395 
6342 413 1643 1217 964 
6343 968 1675 1714 517 
6344 432 1530 431 1748 
6345 1631 755 1632 921 
6346 766 1318 1376 442 
6347 1247 331 816 472 
6348 1511 819 1961 1392 
6349 13 14 91 944 
6350 1140 444 443 1738 
6351 533 1944 1479 1900 
6352 895 1199 1200 388 
6353 2061 865 2018 1444 
6354 725 724 1554 1978 
6355 908 1999 1081 1904 
6356 1849 197 100 1070 
6357 1768 208 5 1049 
6358 816 1208 1773 317 
6359 100 22 197 1849 
6360 722 1888 1886 1297 
6361 2138 593 920 1792 
6362 1016 168 152 1743 
6363 515 1741 2041 846 
6364 165 164 1905 848 
6365 1709 1323 1979 339 
6366 433 1700 432 1748 
6367 305 312 1153 707 
6368 1633 755 2040 1632 
6369 1788 325 323 1531 
6370 877 1182 1123 1179 
6371 139 57 209 1800 
6372 787 1744 474 572 
6373 1043 101 23 813 
6374 560 961 1267 1288 
6375 770 1051 142 1943 
6376 260 258 259 1374 
6377 1716 156 235 1079 
6378 224 32 111 1974 
6379 983 196 1808 1630 
6380 1813 590 588 1341 
6381 2015 1170 269 1230 
6382 1602 618 1648 1373 
6383 1232 706 1724 1726 
6384 698 168 69 1740 
6385 541 1490 542 513 
6386 1436 422 753 1397 
6387 265 1230 270 1651 
6388 62 206 143 1769 
6389 1214 392 1188 703 
6390 841 978 1798 2066 
6391 623 2050 1558 937 
6392 785 991 1814 590 
6393 1110 619 620 1112 
6394 63 144 145 1087 
6395 951 15 192 1035 
6396 1393 2150 672 671 
6397 1344 564 1458 528 
6398 357 2137 1881 1758 
6399 10 11 88 177 
6400 635 1464 1465 301 
6401 1358 670 516 421 
6402 1016 1742 1741 846 
6403 1029 93 15 1825 
6404 1955 790 1835 799 
6405 1415 1591 1462 363 
6406 1408 477 833 1409 
6407 190 776 1794 2114 
6408 567 333 1096 335 
6409 1185 602 1186 680 
6410 972 63 1 2095 
6411 180 2060 1848 865 
6412 1559 569 1558 937 
6413 1292 487 610 701 
6414 525 896 1596 1937 
6415 1310 1785 405 636 
6416 1286 1285 1331 348 
6417 1337 1695 1379 715 
6418 672 2000 2150 1393 
6419 1488 1487 1922 482 
6420 800 1945 382 381 
6421 790 729 1383 504 
6422 1162 408 410 409 
6423 1584 316 397 1666 
6424 280 619 1105 278 
6425 2069 326 318 1692 
6426 542 1489 1490 541 
6427 2002 1757 341 345 
6428 1162 410 1167 409 
6429 714 1377 766 713 
6430 170 74 1722 629 
6431 766 1376 1525 765 
6432 1941 399 1600 2122 
6433 615 1470 1468 1662 
6434 883 1553 1552 869 
6435 1434 1495 259 1566 
6436 536 401 535 1772 
6437 1705 1508 733 1502 
6438 669 716 1424 1759 
6439 46 47 127 811 
6440 833 328 1407 1406 
6441 155 173 70 71 
6442 414 2130 1787 411 
6443 777 419 417 1298 
6444 850 669 1464 1693 
6445 1989 1538 947 1926 
6446 1509 1357 667 994 
6447 1320 498 840 1324 
6448 1215 901 396 979 
6449 88 174 10 1804 
6450 1110 283 1105 1667 
6451 664 666 1241 665 
6452 82 205 1770 1048 
6453 1282 405 693 346 
6454 1045 40 974 711 
6455 1353 329 1484 484 
6456 1940 741 854 1973 
6457 1826 973 95 1062 
6458 1304 1249 494 1882 
6459 1055 66 227 818 
6460 188 933 2131 1779 
6461 1703 728 1556 725 
6462 318 2135 2069 1692 
6463 1516 1515 542 989 
6464 1184 1756 866 1381 
6465 1202 1685 359 1218 
6466 2088 860 803 1732 
6467 585 584 1521 1419 
6468 24 103 102 1867 
6469 351 1236 1235 350 
6470 695 425 1176 1970 
6471 2140 454 455 456 
6472 1567 2078 531 867 
6473 319 1157 1181 640 
6474 1449 566 2089 1891 
6475 294 1645 1113 304 
6476 960 1516 542 835 
6477 903 56 138 1936 
6478 348 679 1362 500 
6479 303 1163 1653 272 
6480 337 1639 340 1485 
6481 868 1329 1399 998 
6482 306 270 1168 633 
6483 55 137 175 1030 
6484 1414 1325 1415 373 
6485 787 1742 168 846 
6486 137 176 56 1801 
6487 761 537 762 1388 
6488 1673 1363 502 531 
6489 1930 841 2044 723 
6490 485 1424 1252 1422 
6491 2135 318 311 1691 
6492 1603 541 1489 916 
6493 732 730 2079 799 
6494 1656 241 1472 1469 
6495 2063 1377 714 713 
6496 2137 359 1218 1758 
6497 832 2013 797 798 
6498 1236 1237 1235 350 
6499 369 367 2157 1321 
6500 906 2112 1716 1079 
6501 685 655 1422 1686 
6502 1342 469 1263 472 
6503 722 718 721 1886 
6504 832 494 1908 798 
6505 1315 1305 447 758 
6506 1402 1400 1401 493 
6507 2116 977 643 1962 
6508 2023 903 175 778 
6509 1617 750 922 1615 
6510 146 1 2 2095 
6511 146 2 1 2096 
6512 88 174 1804 1031 
6513 63 145 144 1086 
6514 1752 306 1169 1165 
6515 188 933 859 1493 
6516 917 1734 1735 512 
6517 658 433 431 1150 
6518 924 114 35 1060 
6519 116 36 1874 1047 
6520 1213 1207 1137 953 
6521 770 142 60 1943 
6522 1284 1286 1918 347 
6523 817 863 1091 1090 
6524 1320 1275 371 1302 
6525 1700 1784 1305 434 
6526 1895 831 942 1992 
6527 288 631 1204 967 
6528 439 713 1318 1514 
6529 1356 516 667 1357 
6530 1456 471 1496 839 
6531 1116 625 299 1125 
6532 618 267 1648 1373 
6533 100 22 21 197 
6534 877 966 1182 1183 
6535 635 1464 669 1425 
6536 1338 1312 1339 468 
6537 80 1 2 2096 
6538 1567 531 1673 876 
6539 75 74 161 170 
6540 387 391 1844 1705 
6541 574 1431 689 573 
6542 2117 1569 174 900 
6543 765 767 804 2099 
6544 717 2130 1888 414 
6545 326 319 318 1692 
6546 1448 1447 1361 852 
6547 712 1774 472 545 
6548 566 1946 936 2119 
6549 852 1448 1447 879 
6550 1298 1349 777 1926 
6551 629 159 1722 1053 
6552 448 1206 1139 683 
6553 961 552 560 1267 
6554 2072 1688 273 622 
6555 169 69 1017 1739 
6556 2023 1807 903 778 
6557 407 1160 406 641 
6558 1459 739 1519 738 
6559 400 398 1713 1410 
6560 397 1171 1173 1180 
6561 444 441 443 1738 
6562 59 58 140 774 
6563 448 1139 1209 444 
6564 1713 2122 399 1599 
6565 684 1201 1747 895 
6566 830 831 1956 812 
6567 209 2055 940 2068 
6568 426 1760 1240 1281 
6569 1800 2055 209 2068 
6570 229 2022 2014 1057 
6571 460 461 1224 459 
6572 1559 1558 1582 937 
6573 338 1709 344 1535 
6574 305 657 1152 1154 
6575 42 122 123 1027 
6576 158 72 157 1715 
6577 317 1207 1231 953 
6578 182 49 1064 801 
6579 336 1111 1426 1241 
6580 1840 53 196 1061 
6581 241 242 1472 1469 
6582 306 1752 695 1165 
6583 649 1412 1911 650 
6584 411 1166 1167 409 
6585 1327 751 1301 1326 
6586 1936 175 137 1030 
6587 1284 405 346 347 
6588 80 2 1 2094 
6589 1348 525 593 526 
6590 956 480 1147 1146 
6591 747 604 1492 1916 
6592 557 1309 749 556 
6593 1129 1363 502 1673 
6594 647 868 1399 998 
6595 1022 1855 185 2100 
6596 838 460 1931 464 
6597 1119 1118 575 1112 
6598 1320 1370 498 1324 
6599 1555 1556 727 725 
6600 767 765 2005 2099 
6601 1387 520 451 1390 
6602 391 387 733 1705 
6603 1925 762 537 1388 
6604 1687 497 384 1196 
6605 1625 1466 621 684 
6606 1625 959 645 497 
6607 455 1294 2140 456 
6608 2042 48 47 788 
6609 719 1561 1516 835 
6610 487 1348 1293 1291 
6611 18 198 1852 1062 
6612 1634 1840 893 2053 
6613 589 1313 1994 427 
6614 575 1118 1119 1010 
6615 257 261 259 1495 
6616 1947 894 851 661 
6617 989 1923 1706 786 
6618 280 1105 1106 278 
6619 501 1273 368 1271 
6620 352 351 1235 350 
6621 953 1260 673 842 
6622 312 1629 1153 1175 
6623 535 1729 1730 1475 
6624 1099 286 1674 289 
6625 1320 371 1921 1302 
6626 122 121 41 1075 
6627 424 422 565 1436 
6628 544 469 822 1894 
6629 1294 1307 1306 455 
6630 1789 902 1421 545 
6631 1872 611 1950 954 
6632 13 91 90 1841 
6633 530 829 811 2006 
6634 1805 903 138 1936 
6635 580 842 583 1394 
6636 457 2007 458 755 
6637 1727 1214 392 1188 
6638 1265 1199 387 388 
6639 1900 911 1944 1901 
6640 294 1113 1122 292 
6641 404 1915 1704 823 
6642 600 1479 1605 592 
6643 139 58 203 1038 
6644 1595 982 630 1429 
6645 1815 1814 991 590 
6646 773 190 1776 1013 
6647 227 150 66 1055 
6648 1768 873 208 2148 
6649 1526 2077 1377 997 
6650 1772 535 536 1475 
6651 550 1011 2121 1969 
6652 583 2019 1330 1393 
6653 1759 1311 716 1253 
6654 2005 765 1907 2099 
6655 1888 2074 718 1886 
6656 990 617 626 1371 
6657 1325 840 373 909 
6658 34 33 113 178 
6659 261 257 637 1933 
6660 1915 1268 1237 350 
6661 754 1450 1889 504 
6662 1016 1740 168 846 
6663 498 523 1951 1921 
6664 702 502 1130 360 
6665 1269 396 395 1244 
6666 139 203 57 1805 
6667 604 747 746 1916 
6668 224 111 1876 1974 
6669 1150 658 433 1699 
6670 1662 621 959 1625 
6671 1017 1606 681 1910 
6672 430 1784 1384 1530 
6673 276 274 1958 275 
6674 1484 1483 329 1353 
6675 371 498 369 1320 
6676 2031 749 888 1368 
6677 306 1169 269 310 
6678 502 1363 1131 403 
6679 1766 2101 1696 745 
6680 1500 1952 1698 687 
6681 954 1871 201 830 
6682 811 47 127 1040 
6683 2135 318 319 1692 
6684 1652 272 1651 273 
6685 645 1687 1625 497 
6686 400 401 806 1598 
6687 1133 1125 856 985 
6688 1790 1708 934 1822 
6689 1495 261 259 603 
6690 1140 443 691 1141 
6691 456 455 1294 486 
6692 1634 893 1840 1737 
6693 903 1936 1807 2023 
6694 2071 224 649 1877 
6695 1114 1674 287 289 
6696 1728 571 979 602 
6697 368 367 366 1720 
6698 1388 1461 851 1389 
6699 2043 2090 1571 597 
6700 843 496 1544 1542 
6701 1750 877 988 1179 
6702 576 371 828 1303 
6703 1997 177 1034 2008 
6704 404 352 1268 350 
6705 1357 667 1299 1509 
6706 2003 312 321 1175 
6707 824 424 1438 1439 
6708 1268 1915 404 350 
6709 697 70 154 1020 
6710 1815 2008 785 590 
6711 233 78 166 1082 
6712 301 1464 1684 1693 
6713 1329 1328 576 1303 
6714 893 1840 1737 2129 
6715 911 533 532 1900 
6716 812 200 1992 1867 
6717 1999 904 2001 1523 
6718 853 1622 2127 605 
6719 1530 429 431 1640 
6720 586 1182 291 877 
6721 2154 1592 1008 847 
6722 1934 1455 1496 839 
6723 780 880 940 2080 
6724 1769 144 62 874 
6725 283 280 1104 282 
6726 1704 849 725 404 
6727 420 751 475 1326 
6728 1754 330 478 1751 
6729 2157 368 370 1273 
6730 56 175 137 1936 
6731 493 1400 868 325 
6732 1877 2105 1046 930 
6733 707 321 312 1175 
6734 1918 1286 1333 374 
6735 2019 2150 1393 671 
6736 163 76 229 1764 
6737 1836 181 25 793 
6738 1309 1506 1913 557 
6739 1379 1311 508 1759 
6740 807 455 1364 537 
6741 951 973 1826 727 
6742 1597 1959 932 1512 
6743 2008 881 785 590 
6744 569 510 1340 623 
6745 1438 424 1891 1436 
6746 1084 148 834 1906 
6747 1612 894 193 851 
6748 1292 2123 1380 456 
6749 2004 724 354 352 
6750 594 854 741 1973 
6751 672 2150 907 671 
6752 299 1295 1116 1125 
6753 816 1208 1247 1773 
6754 407 409 1161 660 
6755 582 1395 583 2019 
6756 816 1773 712 317 
6757 1721 296 314 659 
6758 1995 1326 474 2056 
6759 1456 1355 914 1455 
6760 1724 706 1232 1203 
6761 1852 96 18 1062 
6762 385 387 391 1844 
6763 542 1515 1489 916 
6764 873 3 970 1085 
6765 770 1560 2050 1943 
6766 1394 579 1771 1642 
6767 510 1917 1338 568 
6768 771 1938 1575 886 
6769 169 69 1739 697 
6770 132 51 131 2017 
6771 568 510 1917 569 
6772 1938 1366 1339 925 
6773 420 1300 1301 1326 
6774 737 560 554 1893 
6775 357 359 2137 1758 
6776 831 942 1992 812 
6777 100 21 22 897 
6778 1434 262 263 1689 
6779 618 271 622 1602 
6780 370 1275 2157 1273 
6781 1283 1323 346 692 
6782 175 56 137 55 
6783 622 1688 273 299 
6784 641 1158 406 640 
6785 388 387 1265 457 
6786 587 1299 667 1509 
6787 1092 1095 609 334 
6788 1801 137 176 1032 
6789 947 777 1989 1926 
6790 881 2067 2075 590 
6791 1139 985 448 683 
6792 1857 1980 221 963 
6793 326 824 1441 2069 
6794 1386 1307 2140 453 
6795 196 983 736 1630 
6796 1996 906 236 1079 
6797 914 763 394 1336 
6798 944 13 210 1841 
6799 309 314 315 1245 
6800 473 628 1725 2037 
6801 1509 667 587 994 
6802 1538 859 774 752 
6803 1170 269 1169 310 
6804 2111 1981 1637 980 
6805 1729 535 1941 1475 
6806 506 844 1557 2126 
6807 418 416 417 1258 
6808 1562 1518 2074 718 
6809 64 1 146 972 
6810 178 113 34 1793 
6811 342 1238 343 349 
6812 117 37 38 1077 
6813 1603 1489 1515 916 
6814 1804 2097 1569 900 
6815 136 54 55 2129 
6816 2032 1845 572 1593 
6817 1233 1256 354 2004 
6818 755 1633 1631 1632 
6819 627 567 628 2084 
6820 604 477 506 1411 
6821 110 109 30 1046 
6822 622 618 1602 968 
6823 1997 881 2008 2067 
6824 654 1712 1711 1190 
6825 1436 1435 422 1397 
6826 1721 1494 1641 659 
6827 817 1578 609 1092 
6828 1096 1204 631 567 
6829 604 506 1557 1411 
6830 73 159 629 1053 
6831 1860 187 44 808 
6832 714 750 1617 445 
6833 1876 110 31 930 
6834 1488 1489 1446 541 
6835 705 1143 1145 990 
6836 1777 1013 2114 1511 
6837 761 1365 537 1388 
6838 1762 1224 1276 460 
6839 1976 118 38 1077 
6840 1984 1087 874 972 
6841 2130 1614 1220 411 
6842 1428 581 1671 871 
6843 1163 1165 1168 633 
6844 2010 2115 171 845 
6845 447 1305 1315 1316 
6846 335 1094 1111 336 
6847 1556 849 725 1704 
6848 622 1650 2072 1602 
6849 1934 389 390 839 
6850 2001 234 1999 1081 
6851 329 1483 1484 521 
6852 271 1649 265 1651 
6853 973 17 95 1062 
6854 1683 1684 237 301 
6855 653 380 1192 378 
6856 523 1951 1646 815 
6857 173 70 697 1020 
6858 591 495 1416 1898 
6859 674 1534 712 1789 
6860 646 523 1476 1646 
6861 355 356 354 1256 
6862 185 797 2100 798 
6863 919 1129 502 662 
6864 539 462 465 1452 
6865 353 351 1235 352 
6866 1337 1505 1695 509 
6867 722 415 414 1297 
6868 1473 1471 244 1470 
6869 1159 1181 640 917 
6870 401 1772 1941 1475 
6871 1306 1429 486 807 
6872 430 432 1784 1530 
6873 1901 911 227 2021 
6874 976 651 1403 1405 
6875 1552 1551 507 869 
6876 370 546 828 1274 
6877 720 1561 194 2065 
6878 263 267 1648 618 
6879 1925 537 1365 1388 
6880 192 15 14 1809 
6881 802 803 860 1732 
6882 1127 503 575 620 
6883 528 1344 402 1335 
6884 230 163 76 77 
6885 860 220 1990 661 
6886 1861 864 187 808 
6887 2069 824 1441 1439 
6888 814 28 1873 1078 
6889 392 654 1188 703 
6890 1691 999 311 1155 
6891 2113 195 1821 995 
6892 2068 886 209 2128 
6893 2036 791 1573 1843 
6894 153 69 154 1739 
6895 170 1018 1766 2101 
6896 1946 566 2089 2119 
6897 738 749 1367 556 
6898 207 862 1953 2151 
6899 30 29 202 1875 
6900 496 495 1463 362 
6901 473 1234 1232 353 
6902 618 1648 1649 1602 
6903 902 674 712 1789 
6904 510 1339 1340 925 
6905 1711 654 653 549 
6906 908 613 234 1999 
6907 657 266 598 1149 
6908 365 1854 367 373 
6909 1876 1046 110 930 
6910 953 1231 317 1009 
6911 144 1769 1087 874 
6912 486 455 1306 807 
6913 1730 901 1345 1269 
6914 1373 1602 618 1601 
6915 1285 346 345 347 
6916 1103 285 282 1588 
6917 1531 425 323 1970 
6918 434 447 1305 758 
6919 1910 1483 704 861 
6920 1228 282 643 1588 
6921 161 171 75 1763 
6922 499 1546 843 607 
6923 441 439 440 1753 
6924 1672 1671 1507 759 
6925 1522 2014 612 1564 
6926 14 92 1029 2159 
6927 1406 950 328 1405 
6928 1722 1018 170 629 
6929 328 746 950 1406 
6930 657 305 2158 1154 
6931 1169 313 306 1752 
6932 721 718 1562 2083 
6933 425 695 323 1970 
6934 1751 330 704 1352 
6935 1796 9 87 781 
6936 1410 1713 400 1599 
6937 1130 702 503 1127 
6938 1223 459 388 458 
6939 1332 375 518 374 
6940 962 1696 1505 578 
6941 194 53 905 1065 
6942 1548 965 788 577 
6943 1331 1350 1332 375 
6944 1930 694 2066 2044 
6945 678 74 159 1981 
6946 804 924 1060 2005 
6947 1663 266 657 1149 
6948 1152 657 2158 1154 
6949 669 1464 301 850 
6950 173 1681 863 699 
6951 1107 1104 1106 279 
6952 656 1123 1128 1179 
6953 1449 2089 566 2119 
6954 2059 1033 1808 983 
6955 379 1194 1687 384 
6956 1080 699 157 1089 
6957 87 9 10 781 
6958 858 1080 863 1090 
6959 499 1545 820 843 
6960 344 341 1709 338 
6961 670 1358 1270 1736 
6962 1971 861 697 912 
6963 1516 1518 1561 719 
6964 626 1675 990 1371 
6965 1134 634 1135 1121 
6966 1302 1275 371 1274 
6967 739 1459 1939 737 
6968 1716 172 2043 906 
6969 163 229 76 77 
6970 1991 1290 1287 1002 
6971 310 313 1169 1666 
6972 2002 679 344 1636 
6973 1622 1621 2127 605 
6974 1952 800 391 1222 
6975 1105 1109 1106 278 
6976 599 545 1351 1003 
6977 823 1915 1237 350 
6978 593 920 216 1838 
6979 267 260 1648 1373 
6980 662 1129 502 1673 
6981 258 254 1432 1663 
6982 1507 888 563 1368 
6983 1530 432 1784 1748 
6984 269 264 2015 1230 
6985 1791 594 1973 1289 
6986 716 1759 1253 1252 
6987 2076 1942 245 1529 
6988 1184 586 866 966 
6989 1159 1181 1157 640 
6990 2 1 167 2093 
6991 667 668 1299 587 
6992 1880 826 788 1829 
6993 630 896 2120 1596 
6994 341 1709 2002 344 
6995 1103 282 1228 1588 
6996 2101 1766 949 745 
6997 498 1951 523 550 
6998 566 424 1449 825 
6999 468 467 1339 925 
7000 613 904 234 1999 
7001 1136 1128 295 1122 
7002 95 94 16 1826 
7003 1019 2115 171 2010 
7004 1183 877 561 1750 
7005 204 599 931 2097 
7006 1465 256 1467 1466 
7007 901 402 1345 1269 
7008 1728 1730 901 571 
7009 1895 831 1992 1956 
7010 2106 377 1229 379 
7011 795 982 1595 1597 
7012 298 1674 287 2116 
7013 1541 2058 1685 362 
7014 764 1378 918 832 
7015 463 466 1255 1253 
7016 1952 1698 800 1222 
7017 195 1821 1819 1820 
7018 892 222 974 2057 
7019 201 1872 954 1011 
7020 1335 402 395 1269 
7021 1317 442 764 1378 
7022 2129 882 55 1032 
7023 1982 873 970 1085 
7024 301 511 850 1693 
7025 2128 886 1575 1987 
7026 53 52 196 1061 
7027 1146 1147 956 1148 
7028 1738 444 441 2087 
7029 488 279 281 1619 
7030 1732 2088 860 1616 
7031 827 180 44 1846 
7032 311 319 999 1691 
7033 1200 685 1747 895 
7034 1707 634 425 1176 
7035 55 176 137 1032 
7036 879 1513 592 1005 
7037 622 2072 1688 299 
7038 1296 1885 527 1349 
7039 395 1335 1269 1244 
7040 342 1979 339 340 
7041 1662 1468 621 1625 
7042 527 722 887 1885 
7043 1657 2112 2124 906 
7044 359 357 1218 1758 
7045 974 41 121 1075 
7046 569 1340 1917 1559 
7047 758 1420 1315 1883 
7048 805 2020 1825 926 
7049 794 1819 195 907 
7050 1338 1339 1340 510 
7051 148 66 65 834 
7052 1871 1872 1950 954 
7053 1324 840 1325 909 
7054 1040 47 128 829 
7055 210 1814 1841 1963 
7056 2092 109 193 2026 
7057 776 1794 2114 2051 
7058 574 933 689 1536 
7059 338 664 336 1426 
7060 1742 168 1743 787 
7061 64 146 1 969 
7062 584 518 819 1418 
7063 773 5 208 1049 
7064 2076 245 1942 300 
7065 886 772 209 2128 
7066 309 296 1138 307 
7067 266 1149 956 658 
7068 640 1181 319 917 
7069 426 427 1279 1240 
7070 1931 838 464 2073 
7071 1449 936 566 825 
7072 334 609 1092 372 
7073 1994 588 428 1341 
7074 428 590 636 1341 
7075 1917 1505 1338 568 
7076 808 1957 221 1074 
7077 823 1237 1915 1239 
7078 399 398 397 1713 
7079 1880 788 1023 1829 
7080 315 329 330 1352 
7081 1464 301 850 1693 
7082 23 22 101 898 
7083 2123 1292 701 456 
7084 1722 74 159 629 
7085 203 903 1805 1807 
7086 1429 1306 1364 807 
7087 167 1 2 2094 
7088 988 1750 1723 1771 
7089 1958 274 1652 275 
7090 1568 567 1655 2084 
7091 1403 976 1402 493 
7092 1035 1702 2034 728 
7093 1420 1315 731 758 
7094 712 1773 1534 1009 
7095 1120 837 1010 501 
7096 1061 1808 196 1630 
7097 470 1949 389 382 
7098 1919 735 1503 847 
7099 894 31 220 1059 
7100 107 27 106 2107 
7101 1415 1462 1416 836 
7102 888 2104 2031 1572 
7103 1626 1047 223 1954 
7104 486 1429 630 807 
7105 2066 841 694 1930 
7106 1800 209 2055 780 
7107 429 430 1530 431 
7108 1691 319 1157 1181 
7109 896 2120 181 630 
7110 1625 1687 1201 497 
7111 580 1417 1395 581 
7112 961 552 1267 1287 
7113 1477 1510 782 1453 
7114 1348 525 487 1293 
7115 1204 1567 288 967 
7116 1823 194 2065 1065 
7117 631 333 1096 567 
7118 1964 962 568 642 
7119 241 243 255 1472 
7120 1296 527 415 417 
7121 1220 1787 2130 411 
7122 1183 561 558 1227 
7123 194 1561 835 2118 
7124 1267 1289 560 1288 
7125 2015 262 268 1566 
7126 1762 462 461 460 
7127 1530 430 432 431 
7128 1996 236 1715 1079 
7129 1804 10 87 900 
7130 465 466 1255 463 
7131 1434 1648 260 1374 
7132 447 432 1316 729 
7133 1879 180 43 789 
7134 1714 1141 691 517 
7135 1192 380 1193 1194 
7136 637 2146 261 1933 
7137 1985 872 1088 969 
7138 1473 244 246 1470 
7139 615 246 244 1470 
7140 853 2127 1380 454 
7141 679 345 2002 344 
7142 1737 756 893 882 
7143 1526 1732 803 997 
7144 1007 228 1746 1056 
7145 123 122 42 1863 
7146 718 717 1888 414 
7147 1539 1540 734 736 
7148 911 743 227 2021 
7149 2017 212 1706 786 
7150 1112 1960 290 524 
7151 949 1766 170 745 
7152 2055 940 2068 1510 
7153 1469 242 621 1468 
7154 833 746 328 1406 
7155 1972 1590 1527 651 
7156 1185 938 680 603 
7157 1886 1885 722 1297 
7158 3 2094 970 1085 
7159 1883 1908 494 798 
7160 932 219 1959 1597 
7161 1504 248 249 1473 
7162 1231 1773 317 1009 
7163 2148 208 2012 904 
7164 1021 70 154 698 
7165 1555 727 198 726 
7166 59 141 188 1795 
7167 1734 1181 1159 917 
7168 2147 1607 1770 872 
7169 895 1200 685 459 
7170 1203 1131 360 1202 
7171 435 434 1212 436 
7172 60 141 189 1943 
7173 541 542 1489 916 
7174 442 1317 1376 1378 
7175 1224 1762 1251 461 
7176 454 2140 1380 456 
7177 209 58 57 139 
7178 2059 735 217 736 
7179 343 1761 1238 342 
7180 334 1096 333 335 
7181 1675 1601 968 1714 
7182 94 15 16 951 
7183 1520 740 1998 1519 
7184 419 420 418 1300 
7185 1379 850 1693 1759 
7186 1039 209 772 2128 
7187 440 437 705 1144 
7188 217 735 1919 847 
7189 392 383 1191 653 
7190 642 1559 1664 862 
7191 764 438 1317 1882 
7192 382 1193 380 381 
7193 683 448 1206 984 
7194 1684 2152 2139 511 
7195 616 267 617 1371 
7196 772 140 58 1039 
7197 426 427 428 1279 
7198 1280 426 428 1279 
7199 1169 1171 1170 310 
7200 1751 681 1910 704 
7201 1478 1866 942 996 
7202 258 266 1372 616 
7203 773 208 943 2012 
7204 1257 416 1243 1258 
7205 38 118 1855 1022 
7206 188 2131 774 1795 
7207 531 1567 867 876 
7208 943 1777 773 2012 
7209 1508 1540 734 735 
7210 1718 364 702 1205 
7211 137 56 176 55 
7212 541 783 1446 482 
7213 1645 609 659 2054 
7214 1265 387 1844 1705 
7215 1927 1935 1711 378 
7216 1230 265 1649 1651 
7217 612 585 1522 1564 
7218 675 674 1878 672 
7219 1192 1191 653 1190 
7220 1420 731 1315 1382 
7221 629 2139 2152 511 
7222 1251 1250 1224 461 
7223 978 841 694 2066 
7224 424 1449 825 1438 
7225 191 1448 879 2082 
7226 110 30 31 930 
7227 1922 1217 964 512 
7228 566 424 565 1891 
7229 1263 1343 1342 472 
7230 474 1745 787 515 
7231 1520 739 740 1519 
7232 635 1425 655 1466 
7233 644 2078 1725 867 
7234 1883 1580 1908 798 
7235 1098 333 631 1097 
7236 124 123 43 1042 
7237 189 1575 1560 1627 
7238 851 762 1611 1461 
7239 520 450 451 1390 
7240 395 763 1335 1336 
7241 1232 706 473 353 
7242 1019 171 161 1763 
7243 1402 976 324 493 
7244 319 326 327 1692 
7245 319 318 2135 1691 
7246 34 113 186 2016 
7247 959 615 621 1662 
7248 679 677 1638 500 
7249 1859 199 1583 899 
7250 166 78 234 1081 
7251 208 943 2012 904 
7252 2152 949 1018 629 
7253 937 623 2050 770 
7254 1853 216 898 1838 
7255 72 225 235 1715 
7256 221 45 808 1074 
7257 1625 645 1662 2106 
7258 29 815 1875 1078 
7259 163 162 76 1764 
7260 1250 685 485 1422 
7261 838 1931 1452 1454 
7262 403 1724 1131 1203 
7263 1215 1187 1728 979 
7264 787 1745 1742 515 
7265 903 138 57 1805 
7266 1453 2080 539 1454 
7267 44 124 125 1846 
7268 518 1334 1333 1392 
7269 1177 1178 1174 601 
7270 893 1634 2053 756 
7271 549 1711 1935 378 
7272 1632 1540 734 1986 
7273 1123 656 877 1179 
7274 1158 1156 639 640 
7275 794 1661 1819 1001 
7276 1387 761 520 1389 
7277 845 2010 1765 614 
7278 345 1362 1285 348 
7279 345 1757 346 1285 
7280 339 1323 1979 692 
7281 1948 1749 1185 603 
7282 763 914 1355 1336 
7283 772 1627 140 1039 
7284 2083 721 718 1886 
7285 830 1956 1871 1870 
7286 1271 368 696 1486 
7287 700 663 1171 397 
7288 791 1647 1572 1573 
7289 314 329 1353 484 
7290 406 2136 1189 1680 
7291 615 1470 621 1468 
7292 1897 864 1354 2062 
7293 1981 2111 678 980 
7294 834 65 148 1084 
7295 511 301 1684 1693 
7296 4 81 82 1770 
7297 678 171 1981 980 
7298 1135 1165 1163 633 
7299 1725 644 628 473 
7300 1421 1343 1789 545 
7301 585 943 904 1523 
7302 1898 1463 1543 570 
7303 1137 1136 1128 295 
7304 1226 1261 1225 555 
7305 571 1177 1729 476 
7306 113 186 33 34 
7307 2133 199 897 1000 
7308 124 43 123 1879 
7309 70 155 154 1020 
7310 943 2012 904 1523 
7311 1560 623 189 770 
7312 742 1519 738 2031 
7313 696 501 368 1271 
7314 1878 1534 674 1789 
7315 153 154 69 1740 
7316 1757 1283 346 1285 
7317 1957 1980 221 1074 
7318 1975 1988 197 1849 
7319 1695 509 578 715 
7320 1724 1363 644 403 
7321 340 343 1761 2085 
7322 1134 1272 501 1271 
7323 1869 974 121 1075 
7324 819 923 1961 540 
7325 1013 1776 773 1777 
7326 656 291 1123 877 
7327 545 1351 1343 543 
7328 381 1193 1194 1195 
7329 1945 1216 1949 382 
7330 1483 1910 1971 861 
7331 347 348 1286 374 
7332 205 1607 878 872 
7333 331 816 315 1246 
7334 643 282 285 1588 
7335 1596 630 896 525 
7336 494 1249 438 1882 
7337 1018 161 170 1766 
7338 170 161 75 1766 
7339 125 126 45 1069 
7340 610 1290 1292 701 
7341 422 424 320 1437 
7342 514 1206 1678 984 
7343 306 313 1169 310 
7344 1295 856 968 1714 
7345 763 1354 2062 1892 
7346 1 79 167 971 
7347 2034 1035 192 1809 
7348 1514 713 2063 2087 
7349 695 1176 1135 1165 
7350 1465 1464 635 1425 
7351 1014 1579 1420 798 
7352 170 1018 949 629 
7353 608 1551 507 1884 
7354 923 776 819 2051 
7355 400 399 401 1599 
7356 647 1398 1587 646 
7357 1556 727 1702 1555 
7358 1224 1200 1223 459 
7359 761 453 1365 1387 
7360 785 177 881 2008 
7361 223 37 36 1874 
7362 1272 1273 370 501 
7363 580 579 1394 1642 
7364 1199 386 387 388 
7365 609 484 659 2054 
7366 1382 447 1315 1316 
7367 714 1377 2077 997 
7368 1431 574 1536 1430 
7369 314 1494 1721 659 
7370 1476 1398 576 646 
7371 591 1898 1478 996 
7372 879 1868 1513 1005 
7373 925 1938 1366 771 
7374 1157 1156 1158 640 
7375 1764 162 76 945 
7376 1732 860 1733 1616 
7377 449 1676 2153 446 
7378 1611 1612 193 851 
7379 1587 2105 646 1646 
7380 1733 220 1990 860 
7381 1140 691 1133 1141 
7382 1924 1306 1429 486 
7383 45 126 125 1074 
7384 101 102 23 1853 
7385 1745 474 421 515 
7386 320 312 2003 1481 
7387 645 377 615 1662 
7388 609 522 1578 817 
7389 41 1071 1834 799 
7390 1880 788 826 1547 
7391 2042 129 48 1842 
7392 167 79 1 970 
7393 399 700 1600 1180 
7394 1398 1399 1329 647 
7395 1225 966 558 1183 
7396 746 477 604 1409 
7397 1162 1160 1668 407 
7398 787 1743 1744 744 
7399 1458 564 638 528 
7400 865 1889 2018 1444 
7401 641 1734 1159 917 
7402 1617 2063 714 445 
7403 979 1178 1728 602 
7404 234 79 166 1982 
7405 307 1137 953 308 
7406 2019 1395 583 1330 
7407 1007 1746 2032 1056 
7408 684 497 1201 895 
7409 795 1072 1966 2120 
7410 1928 2057 222 975 
7411 1322 340 686 2085 
7412 1264 1894 469 1342 
7413 561 1750 1642 1227 
7414 1250 485 685 461 
7415 50 131 2017 1066 
7416 367 1720 1854 365 
7417 2060 2108 1890 789 
7418 1260 583 673 842 
7419 1984 147 231 1084 
7420 1425 1464 669 1424 
7421 1686 1747 685 684 
7422 533 1360 534 479 
7423 1816 889 1993 1817 
7424 1889 865 753 1444 
7425 742 888 2104 2031 
7426 483 826 577 1442 
7427 2066 1798 841 1930 
7428 444 445 441 2087 
7429 1560 1575 189 771 
7430 1048 5 205 769 
7431 583 582 2019 671 
7432 1418 1334 518 1392 
7433 1978 1704 725 404 
7434 1341 428 1994 1279 
7435 1343 472 545 543 
7436 272 271 1651 273 
7437 931 204 1783 992 
7438 1313 589 2027 849 
7439 32 220 2143 802 
7440 784 2132 212 916 
7441 1235 1234 351 353 
7442 1650 271 1649 1602 
7443 188 141 59 60 
7444 567 1568 628 2084 
7445 1744 474 1745 787 
7446 157 156 699 1080 
7447 2104 928 179 742 
7448 658 480 1699 1147 
7449 1562 1518 718 720 
7450 1508 1502 1503 821 
7451 137 55 136 1030 
7452 285 284 1100 1103 
7453 64 147 231 1984 
7454 69 154 1739 697 
7455 392 1214 393 703 
7456 335 627 337 1427 
7457 1929 562 559 759 
7458 1256 356 354 2039 
7459 396 1244 1215 1214 
7460 497 1687 1201 1196 
7461 206 689 2030 1574 
7462 389 1216 383 382 
7463 1865 897 813 606 
7464 1575 772 771 886 
7465 2084 627 1639 2037 
7466 1974 1912 224 929 
7467 584 1777 1013 1521 
7468 1259 1317 438 1249 
7469 454 1386 2140 453 
7470 50 131 130 1827 
7471 277 1108 1106 279 
7472 1655 567 1096 335 
7473 377 378 1229 379 
7474 1212 1210 1700 435 
7475 555 866 1226 553 
7476 863 817 858 1090 
7477 634 695 1135 633 
7478 1936 903 175 2023 
7479 651 950 1527 1405 
7480 480 705 435 1145 
7481 1917 1338 1340 510 
7482 900 9 87 1803 
7483 1666 313 1169 1752 
7484 89 90 12 1818 
7485 252 253 251 2029 
7486 242 240 256 1467 
7487 872 1985 1088 2147 
7488 1295 622 2072 968 
7489 2013 797 218 832 
7490 704 1483 1751 1352 
7491 1482 544 1342 543 
7492 1607 1513 2011 1005 
7493 1832 928 2104 742 
7494 794 1818 1661 1001 
7495 111 31 110 1059 
7496 504 430 1384 1396 
7497 785 1034 177 2008 
7498 630 2120 795 1595 
7499 201 1872 1871 954 
7500 1025 928 179 2104 
7501 1306 1293 1294 486 
7502 1923 1026 1706 786 
7503 905 2065 194 1065 
7504 1197 1196 386 1198 
7505 729 1382 447 730 
7506 1348 487 526 1291 
7507 1139 1132 985 683 
7508 40 41 121 974 
7509 218 37 797 1856 
7510 1847 1946 566 2089 
7511 868 1401 1400 493 
7512 232 65 147 1083 
7513 2071 1912 224 1974 
7514 582 581 1395 1428 
7515 318 319 311 1691 
7516 2119 936 1449 825 
7517 1887 1807 887 2024 
7518 1343 1263 1774 472 
7519 904 2012 2148 1523 
7520 1122 1641 1113 294 
7521 1703 849 1556 1704 
7522 1725 644 867 628 
7523 318 2135 1629 1481 
7524 665 1577 1535 1636 
7525 1375 1538 859 1493 
7526 1825 2020 1610 926 
7527 1556 1702 728 1703 
7528 428 636 1785 1341 
7529 823 404 1915 350 
7530 1777 773 1013 943 
7531 607 1583 199 899 
7532 1692 326 327 1833 
7533 1731 1242 1167 410 
7534 1910 681 169 861 
7535 702 1130 503 1718 
7536 1620 489 488 491 
7537 472 1342 469 543 
7538 451 449 1775 450 
7539 2112 906 1996 1079 
7540 181 1072 795 2120 
7541 887 722 721 1887 
7542 425 1531 1822 1970 
7543 898 216 920 1838 
7544 287 586 1697 291 
7545 1909 1332 1350 375 
7546 495 1416 836 591 
7547 1353 1494 314 484 
7548 673 674 1319 1009 
7549 117 38 118 1077 
7550 1051 61 207 770 
7551 1033 217 51 983 
7552 200 1866 813 996 
7553 1428 582 581 595 
7554 1214 1188 1187 703 
7555 255 2081 596 1670 
7556 1631 1633 755 756 
7557 2005 1060 804 2099 
7558 1765 845 614 779 
7559 68 169 152 2098 
7560 439 1514 1259 1753 
7561 2145 838 880 1454 
7562 505 1141 1675 517 
7563 298 285 1674 2116 
7564 1872 2121 1011 1969 
7565 1619 281 489 1589 
7566 698 168 1740 846 
7567 1606 1451 478 1751 
7568 22 100 101 1849 
7569 1217 1922 1734 512 
7570 907 794 1819 1001 
7571 1162 1668 408 407 
7572 1894 822 1361 1278 
7573 1173 700 397 1180 
7574 1627 140 59 772 
7575 28 107 1873 1078 
7576 1504 249 1533 1491 
7577 78 165 77 908 
7578 2060 1848 865 2018 
7579 1549 573 1431 1593 
7580 870 594 1791 1289 
7581 1137 1213 953 308 
7582 1403 1404 976 1405 
7583 2002 1362 345 679 
7584 2090 538 1571 597 
7585 402 395 528 1335 
7586 902 1789 1421 1660 
7587 624 275 277 1108 
7588 1189 1668 1160 300 
7589 411 1167 410 409 
7590 1953 862 1582 2151 
7591 1596 525 1937 1924 
7592 1711 1712 654 549 
7593 1493 1779 933 1430 
7594 1717 1120 1010 1271 
7595 313 306 1752 695 
7596 253 252 1654 2029 
7597 338 344 664 1535 
7598 1739 1971 697 1020 
7599 1860 1861 187 808 
7600 2104 1025 928 1832 
7601 591 495 1898 570 
7602 961 560 870 1288 
7603 584 585 519 1419 
7604 367 368 2157 1720 
7605 115 35 114 1060 
7606 546 634 1707 1134 
7607 1808 132 133 983 
7608 829 1040 811 2006 
7609 726 1555 1556 1554 
7610 209 1039 2068 2128 
7611 2148 2001 873 904 
7612 12 90 89 1963 
7613 291 1123 1697 1114 
7614 1455 394 914 839 
7615 48 128 47 829 
7616 610 1290 1291 1292 
7617 1811 1814 210 991 
7618 751 574 475 1327 
7619 1295 299 856 1125 
7620 1909 1334 519 1419 
7621 1829 1880 826 1547 
7622 1963 210 1814 785 
7623 1342 1894 544 1482 
7624 1204 631 1098 1096 
7625 1731 587 410 408 
7626 119 39 118 1855 
7627 1674 287 285 298 
7628 1700 432 434 433 
7629 1325 1854 1415 373 
7630 631 1099 286 1098 
7631 1465 1537 238 1683 
7632 1665 1905 642 1004 
7633 1271 1273 368 1486 
7634 982 1595 1597 1512 
7635 257 252 637 1933 
7636 1209 1644 2153 446 
7637 548 471 1456 839 
7638 723 1474 841 540 
7639 1016 1741 1740 846 
7640 752 947 1538 1926 
7641 2082 191 1782 775 
7642 1177 1174 1173 601 
7643 1266 554 553 552 
7644 1606 681 169 1017 
7645 29 109 193 2092 
7646 1669 676 1577 665 
7647 614 2022 2102 612 
7648 1557 1492 604 1411 
7649 72 158 225 1715 
7650 1842 183 1965 927 
7651 407 1668 408 300 
7652 243 241 242 1472 
7653 1318 1376 1377 766 
7654 1076 812 1992 1867 
7655 1036 1782 204 775 
7656 873 970 234 1982 
7657 2149 1358 516 515 
7658 2060 754 1890 865 
7659 1986 1540 734 1508 
7660 621 959 1625 684 
7661 768 188 60 1778 
7662 16 94 1068 926 
7663 1214 396 393 703 
7664 130 1842 1066 927 
7665 1478 1414 591 941 
7666 1958 277 1106 278 
7667 1305 1212 1700 434 
7668 231 147 65 1084 
7669 823 1313 427 1239 
7670 1992 942 200 812 
7671 631 333 1098 1096 
7672 516 667 1357 596 
7673 519 375 1909 779 
7674 507 883 1552 869 
7675 720 721 1562 1993 
7676 1113 293 304 1097 
7677 1521 1523 585 1522 
7678 228 150 67 1746 
7679 272 1652 274 273 
7680 982 630 1429 807 
7681 769 191 1868 1780 
7682 1972 651 1911 650 
7683 385 391 800 1222 
7684 185 1690 1855 981 
7685 127 46 126 1828 
7686 920 741 2048 594 
7687 152 169 1017 2098 
7688 900 87 1804 1803 
7689 1317 442 438 764 
7690 71 172 155 1716 
7691 1964 230 2045 962 
7692 125 124 44 1860 
7693 1930 841 694 2044 
7694 1884 1859 1583 899 
7695 776 7 190 1794 
7696 1482 543 2155 931 
7697 1536 933 1779 1430 
7698 833 328 322 1407 
7699 727 1826 951 1702 
7700 737 1459 1939 1893 
7701 548 1355 1524 914 
7702 1495 1948 261 603 
7703 2080 880 539 1454 
7704 1770 205 4 872 
7705 909 941 1413 831 
7706 919 503 702 1127 
7707 235 172 1716 906 
7708 2106 645 377 379 
7709 940 2080 539 1453 
7710 1435 321 423 1755 
7711 1535 344 664 665 
7712 2033 1163 1168 633 
7713 699 1681 863 1080 
7714 734 733 457 1986 
7715 1590 1972 186 651 
7716 78 165 908 1081 
7717 383 1191 1727 392 
7718 57 58 203 139 
7719 244 615 1470 621 
7720 1413 1324 1325 909 
7721 583 580 1395 582 
7722 922 860 803 2088 
7723 275 273 1652 1688 
7724 360 502 1131 403 
7725 921 1540 1631 1630 
7726 2029 253 251 1164 
7727 1272 1273 501 1271 
7728 1077 117 37 1874 
7729 2043 948 2090 597 
7730 1033 2059 217 983 
7731 672 674 1319 673 
7732 1203 358 1219 1218 
7733 13 90 1067 794 
7734 637 1533 250 376 
7735 524 1653 1960 274 
7736 433 480 435 1699 
7737 480 956 617 1146 
7738 1035 951 94 1826 
7739 411 413 1166 409 
7740 471 529 530 1497 
7741 1093 1092 817 372 
7742 99 20 21 199 
7743 1143 1675 1146 990 
7744 776 211 8 1037 
7745 1127 503 1130 1718 
7746 1885 2024 527 1349 
7747 940 886 209 2068 
7748 1537 239 238 1996 
7749 1662 959 645 1625 
7750 1899 897 1865 606 
7751 599 2155 543 931 
7752 869 2038 198 726 
7753 1603 1706 2132 916 
7754 161 162 75 1766 
7755 66 67 150 227 
7756 425 323 325 1531 
7757 527 778 777 2024 
7758 956 1149 266 1148 
7759 1752 1585 313 1970 
7760 594 854 1973 1289 
7761 1466 621 1468 1625 
7762 851 1611 1612 1461 
7763 1726 686 2037 1322 
7764 2115 677 980 845 
7765 1466 256 621 684 
7766 1556 1555 726 725 
7767 1110 620 1117 1112 
7768 1531 323 1788 1970 
7769 1830 826 483 1442 
7770 1279 1280 426 1240 
7771 872 1985 232 969 
7772 592 1447 1513 879 
7773 1088 872 3 969 
7774 2086 238 236 1537 
7775 923 1797 1961 1930 
7776 1319 1231 673 1009 
7777 811 1857 221 963 
7778 1391 1616 547 1615 
7779 1942 1509 1668 632 
7780 833 398 477 1408 
7781 1097 1098 333 1096 
7782 1157 319 999 640 
7783 6 190 1776 773 
7784 299 625 856 1125 
7785 2124 1657 906 855 
7786 2131 774 1795 2046 
7787 318 311 312 1629 
7788 413 1220 1614 411 
7789 1902 218 36 804 
7790 950 747 1528 1916 
7791 442 766 1318 713 
7792 713 1318 442 439 
7793 1885 722 1887 1886 
7794 1646 646 523 815 
7795 1969 550 1011 814 
7796 1201 497 1198 895 
7797 949 578 2101 745 
7798 879 1448 1868 2082 
7799 778 887 1807 2024 
7800 1519 739 740 738 
7801 1856 797 218 2013 
7802 1628 724 2004 1268 
7803 1339 467 1938 925 
7804 1785 693 1280 1282 
7805 1426 338 1709 1485 
7806 443 691 1141 517 
7807 428 588 590 1341 
7808 1205 1591 364 2058 
7809 1764 229 163 1057 
7810 228 67 150 66 
7811 1372 267 616 1371 
7812 582 2019 671 995 
7813 1419 1521 585 1522 
7814 234 79 78 166 
7815 90 1818 1067 794 
7816 1275 370 371 1274 
7817 552 1287 492 1369 
7818 1111 1094 1093 336 
7819 581 1395 580 582 
7820 1811 210 1814 1841 
7821 1166 1220 1614 413 
7822 1656 239 1537 1996 
7823 981 732 2079 799 
7824 618 1649 271 1602 
7825 342 1761 1238 1760 
7826 1132 1139 1206 683 
7827 749 1367 1309 1368 
7828 513 1922 1643 964 
7829 1472 255 241 1670 
7830 1389 1391 520 1390 
7831 328 976 1404 1405 
7832 2072 1295 968 1601 
7833 1592 1503 1501 847 
7834 254 258 266 1663 
7835 257 252 1933 1594 
7836 1572 888 1507 1368 
7837 325 1400 868 490 
7838 1568 1725 867 628 
7839 1608 892 1869 2057 
7840 51 212 50 2017 
7841 1289 870 560 1288 
7842 2029 1654 253 1164 
7843 1775 451 450 1390 
7844 1913 558 559 1227 
7845 1111 1655 335 1427 
7846 433 435 1700 1699 
7847 1562 718 721 720 
7848 922 547 860 1616 
7849 565 1444 1891 1436 
7850 520 1387 1389 1390 
7851 611 1950 2121 1872 
7852 1573 888 791 760 
7853 1558 2050 623 1560 
7854 1311 466 508 716 
7855 2014 612 613 1522 
7856 1121 1134 634 837 
7857 753 504 1889 1397 
7858 1063 1810 748 944 
7859 1107 1106 1108 279 
7860 1189 247 406 1680 
7861 423 504 1397 1396 
7862 49 183 1842 927 
7863 1628 883 724 1554 
7864 136 55 137 1032 
7865 1293 525 487 486 
7866 939 572 573 1593 
7867 713 445 2063 2087 
7868 940 782 1510 1453 
7869 1567 288 1101 1204 
7870 1690 732 2079 981 
7871 1773 1231 1534 1009 
7872 598 1149 658 1150 
7873 1171 663 1170 310 
7874 1982 166 234 1081 
7875 292 1113 1114 289 
7876 2088 922 860 1616 
7877 1107 281 279 1619 
7878 366 1719 1720 365 
7879 988 656 308 1723 
7880 1649 265 263 618 
7881 1497 471 529 1498 
7882 992 1782 1448 2082 
7883 836 1416 1415 1414 
7884 1096 334 1094 335 
7885 1496 471 389 839 
7886 1674 1114 1099 289 
7887 698 69 154 1740 
7888 852 1448 191 992 
7889 951 16 94 1826 
7890 1629 312 318 1481 
7891 677 665 679 1636 
7892 1182 877 1183 1179 
7893 1507 1672 759 760 
7894 1090 1092 817 1093 
7895 184 39 38 1976 
7896 1015 33 112 802 
7897 1579 1580 1420 798 
7898 2040 1276 2007 458 
7899 2120 795 181 630 
7900 1254 1255 465 1314 
7901 1434 259 262 1566 
7902 1721 296 1136 1138 
7903 1529 255 2081 632 
7904 1152 1153 305 1154 
7905 395 763 528 1335 
7906 701 1292 487 456 
7907 1539 1540 736 1630 
7908 1995 474 421 1745 
7909 575 1118 620 1112 
7910 1109 1958 1106 278 
7911 651 1972 186 650 
7912 1413 2125 909 831 
7913 1652 1653 272 274 
7914 1850 829 182 1851 
7915 598 431 1640 1150 
7916 592 600 1479 533 
7917 385 1222 1197 1844 
7918 1070 740 197 987 
7919 1166 1161 409 660 
7920 789 2060 180 865 
7921 1987 782 886 1477 
7922 1969 1011 1872 814 
7923 351 473 1234 1322 
7924 819 1511 1418 1392 
7925 1892 1344 528 1335 
7926 516 1570 538 596 
7927 1688 273 1650 2072 
7928 1424 1464 669 1693 
7929 441 713 439 1514 
7930 1325 1321 840 1324 
7931 316 313 1666 1585 
7932 530 885 829 2006 
7933 1535 664 338 1426 
7934 1245 1352 315 1246 
7935 1000 1544 843 606 
7936 2118 1923 835 786 
7937 686 343 340 1322 
7938 1198 1747 1201 895 
7939 1134 1272 546 501 
7940 78 165 166 1082 
7941 1935 1533 637 376 
7942 1920 564 709 975 
7943 1601 1295 968 1714 
7944 913 187 1042 1862 
7945 1335 1344 402 1269 
7946 1410 477 398 1408 
7947 917 1735 327 512 
7948 1455 1456 1496 839 
7949 1923 1516 835 989 
7950 915 1626 604 1557 
7951 1081 165 908 1904 
7952 263 267 260 1648 
7953 959 645 615 1662 
7954 1725 473 2037 1726 
7955 1301 1300 419 1298 
7956 1535 2002 344 1636 
7957 1539 735 1503 1919 
7958 1825 1610 1068 926 
7959 1744 1745 474 2056 
7960 1160 1162 1161 407 
7961 1963 12 210 785 
7962 1162 1166 1161 409 
7963 396 1187 979 703 
7964 607 608 507 1884 
7965 924 35 804 1060 
7966 2141 1350 500 779 
7967 835 1516 542 989 
7968 1992 1956 812 1076 
7969 1234 1235 1233 353 
7970 1552 1553 726 1554 
7971 70 155 172 1021 
7972 2040 1931 464 2073 
7973 1459 739 1520 1519 
7974 2000 672 1878 1393 
7975 1181 1734 1735 917 
7976 1516 1490 1517 960 
7977 740 742 1832 1519 
7978 224 649 650 2071 
7979 876 662 1673 1667 
7980 1320 840 1321 1324 
7981 1136 1641 296 1721 
7982 1572 888 1573 760 
7983 1468 621 615 1662 
7984 897 100 21 1073 
7985 1258 1296 417 1298 
7986 370 546 1274 1272 
7987 660 1217 1734 512 
7988 1380 2127 1679 454 
7989 1501 688 1592 847 
7990 70 154 155 1021 
7991 1244 396 393 1214 
7992 768 1779 188 1778 
7993 821 1508 733 735 
7994 155 156 71 1716 
7995 1819 195 1067 794 
7996 1062 1826 973 2109 
7997 375 500 1350 779 
7998 689 206 2030 768 
7999 1119 837 1121 524 
8000 1023 47 213 788 
8001 1251 1253 463 1254 
8002 453 452 1386 451 
8003 1914 1616 547 1391 
8004 2082 1868 191 1780 
8005 1382 1420 731 1565 
8006 1153 657 305 707 
8007 343 351 1236 1322 
8008 1336 1824 394 1455 
8009 503 364 702 1718 
8010 12 792 1818 794 
8011 391 1952 1222 1844 
8012 1826 1035 951 1702 
8013 1355 1897 914 763 
8014 690 939 573 1593 
8015 1381 977 2116 1962 
8016 2148 1768 873 1085 
8017 1413 373 941 909 
8018 1066 212 50 927 
8019 821 1503 1508 735 
8020 348 1285 345 347 
8021 129 130 49 1842 
8022 1588 285 298 2116 
8023 1742 787 515 846 
8024 1183 558 1225 1227 
8025 478 681 1751 704 
8026 1756 553 977 551 
8027 796 827 45 1069 
8028 1764 76 229 945 
8029 683 1206 514 984 
8030 453 761 451 1387 
8031 757 838 880 2145 
8032 1340 1366 1558 623 
8033 950 1527 652 651 
8034 84 7 85 1794 
8035 304 1645 1113 1097 
8036 968 618 1602 1601 
8037 564 709 1346 1920 
8038 603 1495 1948 1566 
8039 1370 1324 1950 611 
8040 813 101 22 1864 
8041 1367 749 2031 1368 
8042 1067 13 195 2159 
8043 1916 1528 950 1405 
8044 796 46 213 1828 
8045 1003 1659 1569 2117 
8046 1319 1878 672 1393 
8047 443 1141 505 517 
8048 420 474 421 1995 
8049 1403 651 1527 1405 
8050 600 227 1944 911 
8051 1840 196 893 2053 
8052 1642 580 562 1417 
8053 403 502 1363 531 
8054 2132 1965 784 927 
8055 824 1440 1441 1439 
8056 779 614 2102 612 
8057 1335 763 1354 1336 
8058 484 329 1484 521 
8059 323 313 1585 1970 
8060 737 1308 1459 1893 
8061 1858 530 811 2006 
8062 1146 956 617 1148 
8063 857 1490 1643 513 
8064 654 653 392 1190 
8065 1664 1665 642 1004 
8066 1119 1960 1112 524 
8067 2091 834 939 1056 
8068 1583 607 1884 899 
8069 2063 1318 1377 713 
8070 1034 177 11 785 
8071 540 819 518 1392 
8072 111 110 31 1876 
8073 861 169 1739 697 
8074 202 29 815 1875 
8075 199 99 20 1859 
8076 59 141 189 60 
8077 50 49 130 927 
8078 791 214 2036 760 
8079 2103 1737 757 1635 
8080 1627 189 141 1943 
8081 2057 892 222 975 
8082 887 2023 175 778 
8083 568 962 1505 578 
8084 463 716 466 1253 
8085 87 88 10 1804 
8086 824 825 483 1440 
8087 7 84 85 1781 
8088 467 1938 771 886 
8089 95 16 94 1068 
8090 1199 1265 1223 388 
8091 1307 1294 2140 455 
8092 1385 1383 729 504 
8093 879 1868 191 2082 
8094 629 2139 237 1053 
8095 2020 1029 805 1825 
8096 2080 940 1510 1453 
8097 637 549 1935 376 
8098 590 1813 1815 1341 
8099 2133 199 1583 1859 
8100 646 2105 202 1646 
8101 1807 1805 203 1806 
8102 1461 762 1611 1388 
8103 1021 172 70 698 
8104 1525 1526 1377 997 
8105 1598 401 806 1772 
8106 1293 1924 525 486 
8107 1767 1953 207 875 
8108 481 327 326 1833 
8109 1580 1579 2100 798 
8110 1282 1310 405 1284 
8111 1959 884 219 932 
8112 1395 582 1428 1563 
8113 964 513 1922 512 
8114 1614 2130 717 411 
8115 2116 298 977 1381 
8116 1353 1484 1494 484 
8117 1729 571 476 535 
8118 1517 1614 717 857 
8119 441 1738 1514 1753 
8120 1746 151 67 744 
8121 1046 2105 202 930 
8122 206 61 1050 768 
8123 1114 287 291 289 
8124 1537 238 236 1996 
8125 1572 2031 888 1368 
8126 541 1603 784 916 
8127 529 1499 1497 1498 
8128 913 1863 222 1928 
8129 882 893 1737 2129 
8130 374 518 1333 540 
8131 49 130 129 1064 
8132 475 474 2056 572 
8133 137 138 56 1936 
8134 91 92 14 2159 
8135 729 432 1384 430 
8136 295 1137 307 308 
8137 1839 1339 467 1938 
8138 983 1808 196 1061 
8139 559 1506 1913 1929 
8140 634 695 1176 1135 
8141 336 1094 1093 372 
8142 2147 1985 232 872 
8143 1954 747 1492 1916 
8144 1868 1513 1447 879 
8145 1623 844 806 2126 
8146 1075 974 222 2057 
8147 2149 538 1741 515 
8148 448 2153 1676 446 
8149 1257 415 1296 1297 
8150 1066 50 130 927 
8151 1077 37 38 810 
8152 502 662 1673 531 
8153 2134 174 1659 890 
8154 2094 3 80 1085 
8155 739 1939 1940 854 
8156 1655 567 627 2084 
8157 1548 788 1880 577 
8158 402 396 395 1269 
8159 1769 206 143 1050 
8160 496 1544 1543 843 
8161 1645 1113 1641 294 
8162 634 695 425 1176 
8163 725 726 1556 1554 
8164 1848 946 180 865 
8165 1958 1109 276 278 
8166 1199 1223 1200 388 
8167 39 119 118 1976 
8168 1579 1690 185 1014 
8169 825 2119 936 1830 
8170 82 81 4 1768 
8171 906 239 2112 1996 
8172 1496 1497 471 1456 
8173 603 262 259 1566 
8174 2096 1088 3 969 
8175 116 37 117 1874 
8176 1874 36 223 1047 
8177 1481 1437 320 1439 
8178 1949 1216 1934 389 
8179 2044 1310 1918 723 
8180 1205 702 1130 1202 
8181 288 876 1101 284 
8182 609 1645 1578 2054 
8183 1093 817 666 372 
8184 1362 2025 1331 348 
8185 766 1377 1318 713 
8186 8 85 86 1036 
8187 1426 337 338 1485 
8188 1143 1141 1675 505 
8189 212 2132 784 927 
8190 1452 1453 539 1454 
8191 2017 212 50 1066 
8192 933 859 1493 1430 
8193 743 911 986 1609 
8194 1207 1773 1208 317 
8195 1557 844 1623 2126 
8196 129 128 48 1850 
8197 1702 1035 951 728 
8198 1844 1199 387 1265 
8199 86 85 8 1037 
8200 911 743 1901 1609 
8201 671 2019 1821 995 
8202 2105 1877 648 930 
8203 525 1596 630 1924 
8204 523 1476 1328 576 
8205 1650 1652 1651 273 
8206 1650 1651 271 273 
8207 2103 880 1802 2145 
8208 691 1133 1139 1140 
8209 1254 462 1762 1452 
8210 409 413 1166 660 
8211 461 685 1250 459 
8212 1478 1895 942 1992 
8213 1420 1565 1579 1014 
8214 1763 171 75 945 
8215 666 1090 817 1093 
8216 204 1783 1782 1036 
8217 644 706 473 1726 
8218 1138 1245 309 1208 
8219 148 149 66 1906 
8220 2148 873 208 904 
8221 1890 754 2060 789 
8222 1750 1183 877 1179 
8223 376 1533 249 1491 
8224 312 320 318 1481 
8225 1298 419 1301 1926 
8226 17 96 791 1843 
8227 395 1335 1244 1336 
8228 397 310 1171 1666 
8229 449 1581 1775 450 
8230 690 573 689 1549 
8231 737 1939 739 854 
8232 1404 1407 328 1406 
8233 824 326 318 2069 
8234 159 160 74 1722 
8235 268 1172 663 2015 
8236 881 2067 1786 2075 
8237 790 1890 1450 2108 
8238 1485 340 1979 2085 
8239 1855 1690 119 981 
8240 18 17 96 791 
8241 900 2097 204 1803 
8242 1358 2149 2041 515 
8243 1149 266 598 658 
8244 586 866 298 1381 
8245 117 37 116 1856 
8246 2154 1851 182 1008 
8247 427 349 823 1239 
8248 814 1873 1969 1078 
8249 1740 2090 698 846 
8250 1768 5 82 1049 
8251 1504 1613 248 1473 
8252 1096 1094 1655 335 
8253 126 46 127 1857 
8254 1229 1687 2106 379 
8255 1186 1178 703 602 
8256 1766 75 170 745 
8257 602 703 1186 680 
8258 231 65 834 1084 
8259 800 470 1698 687 
8260 1246 816 1208 1247 
8261 1492 604 1626 1557 
8262 305 657 1153 1152 
8263 421 1358 1736 1995 
8264 1503 1502 1501 821 
8265 702 1130 1718 1205 
8266 189 1560 770 1943 
8267 1951 523 550 815 
8268 1656 1537 240 1467 
8269 777 947 752 1926 
8270 423 504 753 1397 
8271 1912 650 1412 2071 
8272 297 1164 253 1154 
8273 368 366 1486 1720 
8274 1144 705 1143 1145 
8275 586 298 1697 1381 
8276 568 1505 509 578 
8277 286 284 1100 285 
8278 73 158 226 1054 
8279 280 1106 1105 1104 
8280 321 423 422 1435 
8281 281 1228 643 1589 
8282 6 83 84 1780 
8283 1399 1401 868 649 
8284 762 851 761 1388 
8285 939 228 1007 1056 
8286 1675 1143 505 990 
8287 1779 2131 188 1778 
8288 890 2134 174 792 
8289 189 141 59 1627 
8290 1168 269 1230 270 
8291 1008 182 2154 801 
8292 1864 897 813 1865 
8293 2128 2068 886 1987 
8294 1010 696 1717 1271 
8295 1876 224 1877 930 
8296 377 1491 615 1662 
8297 1792 920 2048 594 
8298 1998 740 197 1070 
8299 1512 1429 1364 807 
8300 239 236 238 1996 
8301 1643 413 857 964 
8302 887 2023 1807 1887 
8303 1601 626 1373 1371 
8304 2045 1058 230 1964 
8305 191 2082 1781 775 
8306 1899 897 1864 1865 
8307 1204 967 567 1568 
8308 88 89 11 1031 
8309 1878 1534 1319 674 
8310 603 268 262 1566 
8311 1988 197 740 739 
8312 2133 897 1899 1000 
8313 499 507 1550 1546 
8314 655 256 1466 684 
8315 520 451 761 1387 
8316 1362 679 1636 1638 
8317 848 1905 165 1082 
8318 513 541 1488 482 
8319 666 1093 664 1241 
8320 1610 214 1068 926 
8321 17 95 1843 1068 
8322 1129 502 1130 919 
8323 257 1432 1594 1433 
8324 660 964 1217 512 
8325 68 151 1743 744 
8326 2108 215 754 789 
8327 1529 243 255 632 
8328 1757 346 341 345 
8329 231 1984 874 972 
8330 835 194 2118 786 
8331 1515 1489 1490 542 
8332 328 1404 1406 1405 
8333 396 402 901 1269 
8334 968 626 1675 517 
8335 1924 630 525 486 
8336 1866 1478 1898 996 
8337 1614 1643 1217 413 
8338 1959 762 932 1925 
8339 338 336 337 1426 
8340 676 2111 1637 980 
8341 1682 1484 2142 521 
8342 546 934 1708 1707 
8343 1484 484 522 2054 
8344 181 1836 1072 2009 
8345 702 1130 502 919 
8346 887 1887 2024 1885 
8347 980 171 2115 845 
8348 489 281 643 1589 
8349 1208 816 309 317 
8350 644 1725 1724 1726 
8351 208 773 1049 2012 
8352 1207 1138 1137 307 
8353 978 1798 781 841 
8354 1905 848 642 1004 
8355 1273 368 370 501 
8356 1028 1836 793 1837 
8357 685 655 1686 684 
8358 1575 1627 772 2128 
8359 1363 1724 1131 403 
8360 914 548 1456 839 
8361 1881 1541 820 1542 
8362 1949 1934 1496 389 
8363 1559 1665 642 1664 
8364 1837 793 216 593 
8365 57 56 138 903 
8366 854 594 870 1289 
8367 73 159 74 629 
8368 480 1699 1147 1145 
8369 172 948 2043 906 
8370 835 1561 194 720 
8371 1701 1206 514 683 
8372 511 1684 1694 1693 
8373 1762 1276 1931 460 
8374 1969 1951 550 815 
8375 717 1888 1586 718 
8376 1379 508 715 850 
8377 338 341 1709 339 
8378 191 1448 852 879 
8379 635 1465 1425 1466 
8380 483 825 826 1830 
8381 1098 631 1099 1097 
8382 497 386 1198 895 
8383 1355 1456 548 1524 
8384 1168 269 270 306 
8385 2053 196 893 756 
8386 1156 1157 999 640 
8387 1256 355 1219 1233 
8388 108 29 28 884 
8389 1932 965 1445 783 
8390 1195 385 1222 1197 
8391 941 1478 1895 942 
8392 704 1483 329 521 
8393 2108 2060 1027 789 
8394 2105 648 202 930 
8395 442 1376 766 765 
8396 1413 1414 1895 941 
8397 803 802 178 1732 
8398 1479 1513 1605 592 
8399 2111 676 678 980 
8400 650 649 1412 2071 
8401 790 1955 730 799 
8402 123 43 1042 913 
8403 483 326 824 1441 
8404 684 1747 685 895 
8405 154 69 70 697 
8406 188 933 1779 768 
8407 61 143 142 1051 
8408 709 1920 892 1608 
8409 1804 2117 174 900 
8410 1175 429 1755 1640 
8411 143 144 62 1769 
8412 1287 1267 961 1288 
8413 874 1087 1984 2047 
8414 1186 1178 1187 703 
8415 623 1558 569 937 
8416 561 559 558 1227 
8417 882 55 54 2129 
8418 130 131 50 1066 
8419 2127 1701 1678 514 
8420 2054 522 1484 1682 
8421 1498 1497 471 1496 
8422 65 147 231 64 
8423 1928 913 1863 1862 
8424 270 2033 633 272 
8425 1682 1578 522 1091 
8426 849 2027 1313 1704 
8427 613 229 612 2014 
8428 2022 1764 229 614 
8429 1887 887 722 1885 
8430 57 209 1800 780 
8431 1309 1913 1261 557 
8432 84 83 6 1776 
8433 828 371 370 1274 
8434 112 2143 1015 802 
8435 940 2055 209 780 
8436 67 227 743 2021 
8437 2045 76 162 745 
8438 917 641 1734 512 
8439 1177 571 601 476 
8440 1945 1193 1216 382 
8441 2092 193 884 1611 
8442 1313 1704 1915 823 
8443 774 59 188 1795 
8444 476 700 1600 399 
8445 1699 1150 658 1147 
8446 757 464 1633 756 
8447 1769 62 206 874 
8448 1676 1209 2153 448 
8449 197 741 1975 898 
8450 1737 757 756 882 
8451 1228 643 282 281 
8452 1758 1881 357 2049 
8453 1501 1499 2052 688 
8454 1337 1338 1505 509 
8455 2118 1026 1923 786 
8456 1458 564 1346 1920 
8457 392 1191 1727 1188 
8458 629 225 73 1053 
8459 1785 428 1341 1280 
8460 888 742 749 2031 
8461 23 102 101 1043 
8462 1179 1128 656 1723 
8463 1506 1507 563 1368 
8464 1636 679 677 1638 
8465 655 256 635 1466 
8466 1027 42 215 789 
8467 21 99 199 1073 
8468 398 400 477 1410 
8469 169 68 743 2098 
8470 912 522 2142 521 
8471 960 1490 1517 857 
8472 440 1142 1753 1144 
8473 551 977 1756 1962 
8474 540 1333 1474 1392 
8475 373 836 1414 941 
8476 756 1633 757 1635 
8477 913 1928 638 1862 
8478 13 14 195 2159 
8479 16 951 973 1826 
8480 2005 804 767 2099 
8481 373 1413 1325 909 
8482 6 191 769 1780 
8483 939 1007 2032 1056 
8484 656 988 1179 1723 
8485 421 1358 1995 1745 
8486 774 947 1538 752 
8487 671 1821 195 995 
8488 884 1959 762 932 
8489 1797 841 1798 1930 
8490 974 1869 711 892 
8491 1573 1507 1572 760 
8492 320 312 321 2003 
8493 829 182 48 1850 
8494 1837 2009 896 1937 
8495 1285 1362 1331 348 
8496 1932 783 541 784 
8497 726 725 724 1554 
8498 2121 1951 1370 550 
8499 865 754 1890 2018 
8500 553 866 1756 977 
8501 843 1544 1545 1542 
8502 1989 777 778 2024 
8503 1351 1482 543 2155 
8504 717 719 1517 857 
8505 1771 1260 842 1394 
8506 818 1605 1083 878 
8507 981 185 1690 1014 
8508 924 804 767 2005 
8509 1209 448 444 446 
8510 912 1681 1682 863 
8511 99 100 21 1070 
8512 187 1042 1862 1861 
8513 1516 542 1490 960 
8514 1859 98 20 899 
8515 1750 988 579 1771 
8516 227 67 150 2021 
8517 56 138 137 1801 
8518 249 376 1491 377 
8519 585 613 612 1522 
8520 214 16 17 1068 
8521 1369 551 1756 1962 
8522 1429 630 1596 1924 
8523 1024 108 28 884 
8524 324 322 1788 323 
8525 1295 856 622 968 
8526 1114 291 292 289 
8527 897 22 100 1864 
8528 95 16 17 973 
8529 714 766 1377 997 
8530 108 29 884 2092 
8531 709 711 710 1608 
8532 1234 1233 1232 353 
8533 2106 1687 645 379 
8534 140 58 59 772 
8535 57 138 139 1805 
8536 582 1428 1563 595 
8537 502 1131 1363 1129 
8538 429 1530 1755 1640 
8539 577 481 1445 783 
8540 682 1126 1012 1701 
8541 2139 237 1684 511 
8542 946 1847 827 566 
8543 1912 1972 650 929 
8544 1701 2127 1012 514 
8545 340 1639 686 2085 
8546 704 681 1910 861 
8547 272 1651 1653 1652 
8548 1806 947 778 1989 
8549 2154 1919 847 801 
8550 222 913 1928 638 
8551 982 795 219 1597 
8552 866 977 298 1381 
8553 1130 1131 502 1129 
8554 2127 853 1012 514 
8555 1812 589 1994 588 
8556 462 463 465 1254 
8557 1194 1687 384 1196 
8558 1726 1234 473 1322 
8559 1432 254 257 1594 
8560 2142 522 1682 521 
8561 48 183 2042 1842 
8562 1737 2103 882 1032 
8563 1857 221 46 811 
8564 1102 1100 284 1103 
8565 754 2060 789 865 
8566 344 1709 2002 1535 
8567 650 1972 186 929 
8568 1113 1114 1122 292 
8569 1909 1350 2102 779 
8570 879 191 1868 769 
8571 386 1197 1198 1199 
8572 523 1328 1476 1921 
8573 1239 349 1238 1240 
8574 609 1645 1095 1578 
8575 1022 797 1856 2013 
8576 1697 1182 586 1381 
8577 596 2081 1571 1670 
8578 1911 651 1403 493 
8579 2116 287 298 1697 
8580 1440 1442 483 1441 
8581 1100 288 1101 284 
8582 236 235 225 1715 
8583 9 86 87 1803 
8584 421 516 1358 515 
8585 175 1817 2023 887 
8586 1569 174 1003 2117 
8587 537 453 1365 761 
8588 310 1171 663 397 
8589 334 1094 335 336 
8590 1827 217 1919 801 
8591 1708 1272 546 1707 
8592 322 313 316 1585 
8593 2133 1583 199 1000 
8594 1066 1842 1965 927 
8595 269 1170 663 310 
8596 1105 283 619 280 
8597 962 2045 1696 745 
8598 1893 1289 560 1267 
8599 2071 649 1412 1877 
8600 11 89 88 1034 
8601 191 1782 992 2082 
8602 367 369 840 1321 
8603 1180 1713 397 1584 
8604 1534 1774 1773 712 
8605 896 593 1837 1937 
8606 1466 1686 655 684 
8607 700 1173 1600 1180 
8608 180 1879 1846 1848 
8609 10 177 1799 781 
8610 1901 227 1055 2021 
8611 943 2012 1523 1521 
8612 662 1673 531 876 
8613 218 1903 2013 832 
8614 398 833 316 1584 
8615 301 1684 237 511 
8616 563 1507 759 760 
8617 535 708 1347 1475 
8618 443 1140 1142 1141 
8619 1659 1569 1421 1003 
8620 1552 1553 883 726 
8621 999 639 1156 640 
8622 820 496 843 1542 
8623 1543 1544 496 1542 
8624 604 506 915 1557 
8625 1957 864 1861 808 
8626 2157 1275 369 1321 
8627 1616 2088 922 1615 
8628 992 204 1782 775 
8629 1824 393 394 390 
8630 1019 2115 1981 980 
8631 216 1028 793 1837 
8632 1807 2023 887 778 
8633 183 965 1548 1965 
8634 639 406 1158 640 
8635 631 293 1099 1097 
8636 1825 1068 94 926 
8637 983 196 52 1061 
8638 892 974 1869 2057 
8639 828 1303 1708 1790 
8640 1385 1889 504 1397 
8641 735 1540 734 1539 
8642 178 33 113 1015 
8643 960 542 1490 857 
8644 1863 42 123 913 
8645 2059 1539 735 736 
8646 314 1721 1353 1245 
8647 1787 1888 414 1297 
8648 257 258 1432 1433 
8649 1100 286 1099 1098 
8650 1811 748 210 944 
8651 1641 296 659 294 
8652 1375 751 1301 1327 
8653 1728 1729 1730 571 
8654 974 222 41 1075 
8655 588 1994 1813 1341 
8656 573 475 1845 572 
8657 976 950 651 1405 
8658 1709 2002 1757 341 
8659 2121 611 1011 550 
8660 860 1990 1733 1616 
8661 1383 1382 729 730 
8662 10 9 87 900 
8663 1574 690 689 1549 
8664 1400 1329 1399 868 
8665 1657 2112 239 1996 
8666 1888 1586 2130 717 
8667 882 54 893 2129 
8668 452 1678 1677 984 
8669 626 267 1373 1371 
8670 1321 1275 369 1320 
8671 1760 342 1761 1979 
8672 402 1345 708 901 
8673 982 630 795 1595 
8674 1605 818 600 878 
8675 877 561 966 1183 
8676 565 753 865 1444 
8677 450 449 1581 446 
8678 551 492 1968 1369 
8679 1782 191 992 775 
8680 826 1547 577 1442 
8681 1620 605 488 1126 
8682 1266 1226 1756 553 
8683 884 1024 108 2092 
8684 1786 2044 694 1310 
8685 782 940 539 1453 
8686 297 311 1155 305 
8687 227 150 1055 2021 
8688 740 1832 928 1831 
8689 1267 552 1266 1287 
8690 1673 1567 876 1667 
8691 2009 2120 896 1596 
8692 774 1038 2046 1806 
8693 677 2115 1638 845 
8694 1586 1518 719 718 
8695 1565 1420 731 1014 
8696 1697 1674 287 1114 
8697 1964 1696 1505 962 
8698 1176 1707 634 1135 
8699 222 1863 1075 1928 
8700 171 1763 614 945 
8701 454 1380 853 456 
8702 321 429 423 1755 
8703 1727 383 392 390 
8704 47 127 128 1023 
8705 551 552 492 1369 
8706 2081 255 1529 1670 
8707 1064 2154 182 801 
8708 1028 24 216 793 
8709 237 225 629 1053 
8710 784 1965 183 927 
8711 1176 425 1707 1822 
8712 1993 721 1562 2083 
8713 947 778 203 1806 
8714 370 371 369 1275 
8715 1781 2082 1782 775 
8716 1527 1972 651 1911 
8717 629 2152 949 511 
8718 689 206 957 1574 
8719 719 1517 1586 717 
8720 810 1077 37 1874 
8721 619 290 1109 278 
8722 1428 1671 1672 871 
8723 252 2029 1504 1594 
8724 1431 574 1430 1327 
8725 519 1909 1419 1564 
8726 1710 891 1047 1954 
8727 169 986 1606 2098 
8728 1517 1614 1586 717 
8729 2126 1411 506 1598 
8730 1560 623 1366 771 
8731 2141 500 845 779 
8732 451 1386 453 1387 
8733 1280 693 426 1281 
8734 1182 586 966 877 
8735 1465 635 256 1466 
8736 1311 1255 466 1253 
8737 731 1315 447 758 
8738 1375 859 1538 752 
8739 1550 2049 356 499 
8740 790 754 1890 2108 
8741 880 2103 757 2145 
8742 759 1672 1671 871 
8743 1905 1665 1664 1004 
8744 2116 1674 287 1697 
8745 1312 1311 1255 466 
8746 1185 1186 1712 680 
8747 1126 1012 302 682 
8748 1529 1942 245 632 
8749 1347 1346 708 709 
8750 1750 579 561 1642 
8751 1707 1272 546 1134 
8752 1471 244 246 1473 
8753 1821 195 2113 1820 
8754 418 1736 1258 1300 
8755 495 1463 1416 1898 
8756 488 605 302 1126 
8757 2012 943 1777 1521 
8758 63 971 1086 875 
8759 1508 733 1986 1705 
8760 1100 286 285 1674 
8761 72 158 226 73 
8762 645 1687 497 384 
8763 1946 936 796 566 
8764 237 2139 629 511 
8765 5 82 83 1048 
8766 1875 108 29 1078 
8767 1067 195 1819 1820 
8768 648 649 224 1877 
8769 1240 1280 426 1281 
8770 1014 185 1579 798 
8771 413 1217 1166 660 
8772 2097 599 1569 900 
8773 2029 251 250 1613 
8774 239 240 241 1656 
8775 1741 1570 538 2149 
8776 985 1133 1139 691 
8777 864 1354 2062 763 
8778 599 174 1569 900 
8779 1618 955 1852 1041 
8780 34 114 35 924 
8781 1965 2132 1066 927 
8782 579 562 561 1642 
8783 142 60 141 1778 
8784 1655 1094 1111 335 
8785 743 68 151 2098 
8786 2141 2010 1765 845 
8787 1833 327 1692 1735 
8788 36 115 35 891 
8789 908 234 78 1081 
8790 766 1525 1377 997 
8791 1372 1373 267 1371 
8792 285 1588 1674 2116 
8793 787 168 1743 744 
8794 475 1327 1845 1326 
8795 1362 345 679 348 
8796 2154 1064 1827 801 
8797 343 686 351 1322 
8798 593 1837 793 896 
8799 2155 543 1351 599 
8800 1696 1964 2045 962 
8801 1519 740 742 738 
8802 1871 1872 201 1044 
8803 1244 1269 396 1215 
8804 1432 258 1374 1433 
8805 581 1671 1417 1428 
8806 357 356 2049 499 
8807 597 2124 2043 906 
8808 1584 322 316 1585 
8809 676 1669 666 665 
8810 277 279 302 1115 
8811 599 1569 174 1003 
8812 58 209 772 1039 
8813 1682 522 1484 521 
8814 647 1587 648 646 
8815 1533 1935 1927 376 
8816 1631 2053 756 921 
8817 1083 232 65 818 
8818 815 1646 202 1875 
8819 450 1581 1775 1390 
8820 352 1268 724 404 
8821 1604 1793 924 2005 
8822 918 1378 1908 832 
8823 488 489 1620 1619 
8824 1229 1927 378 377 
8825 452 1386 454 453 
8826 277 624 1108 1115 
8827 1738 1209 444 2087 
8828 174 11 792 1031 
8829 391 1952 1844 1705 
8830 1305 1315 1304 758 
8831 499 1550 1545 1546 
8832 538 2090 948 597 
8833 805 1029 2113 1820 
8834 1629 312 2003 1175 
8835 1534 1774 712 1789 
8836 1508 734 733 735 
8837 506 844 915 1557 
8838 1119 575 1010 524 
8839 584 1418 1521 1419 
8840 1857 1980 963 1858 
8841 335 1655 627 1427 
8842 304 609 1645 1095 
8843 1232 1234 473 1726 
8844 1932 1548 965 1965 
8845 324 1788 1404 1402 
8846 1349 1989 777 1926 
8847 139 138 57 1800 
8848 107 28 27 2107 
8849 1642 1394 580 1417 
8850 1281 693 426 692 
8851 620 290 575 1112 
8852 558 557 1913 559 
8853 146 1984 972 2095 
8854 397 1180 1584 1666 
8855 1067 195 13 794 
8856 576 828 998 1303 
8857 257 259 258 1433 
8858 1960 1109 290 276 
8859 2075 1786 881 636 
8860 32 112 1974 929 
8861 1479 1360 533 1900 
8862 894 193 30 2026 
8863 498 1921 1370 1320 
8864 63 971 2093 1086 
8865 1216 1191 1727 383 
8866 718 1518 719 720 
8867 882 2103 176 1032 
8868 1539 734 735 736 
8869 1532 530 529 1497 
8870 1979 339 340 1485 
8871 403 1363 644 531 
8872 2148 873 2001 1085 
8873 364 503 366 1718 
8874 1547 826 1830 1442 
8875 142 143 61 1050 
8876 1567 867 288 967 
8877 1773 712 317 1009 
8878 1755 2003 321 1175 
8879 14 13 91 2159 
8880 1916 1406 746 1409 
8881 1686 655 1425 1466 
8882 1880 1547 1548 577 
8883 813 1043 101 1864 
8884 1605 600 592 878 
8885 284 282 1102 1103 
8886 1323 1281 1760 692 
8887 236 239 906 1996 
8888 1732 1526 1604 997 
8889 1358 1356 2149 516 
8890 1348 487 525 526 
8891 148 147 65 1083 
8892 522 484 1484 521 
8893 587 1731 1299 1509 
8894 913 187 1862 952 
8895 1469 244 1471 1470 
8896 2020 595 1610 926 
8897 1313 589 823 427 
8898 300 245 1942 632 
8899 2136 1156 639 1158 
8900 647 2035 1399 649 
8901 1649 1648 263 1689 
8902 1633 2040 464 2073 
8903 907 2000 675 1001 
8904 1965 965 1932 784 
8905 87 86 9 1796 
8906 702 1130 919 1127 
8907 635 1464 301 669 
8908 1617 750 1644 445 
8909 939 690 834 2091 
8910 1722 2152 1018 629 
8911 1554 1556 725 1978 
8912 284 1100 288 286 
8913 1508 1540 735 1539 
8914 236 2086 1537 1996 
8915 1920 1458 564 975 
8916 1570 538 1571 2090 
8917 1290 961 610 1288 
8918 681 986 532 1606 
8919 883 354 2039 1628 
8920 924 1793 114 1060 
8921 756 1634 1633 1635 
8922 145 63 2093 1086 
8923 1767 1086 1953 875 
8924 1985 146 64 969 
8925 216 1028 1837 1838 
8926 1095 304 333 1097 
8927 1313 427 1239 1279 
8928 843 1583 1000 607 
8929 197 1988 1998 1070 
8930 1858 811 1040 2006 
8931 680 1948 1185 603 
8932 763 1355 1354 1336 
8933 921 1631 2053 1630 
8934 491 1968 489 492 
8935 988 579 877 1750 
8936 1425 669 635 655 
8937 2000 675 672 907 
8938 576 1398 647 646 
8939 658 480 433 1699 
8940 546 934 828 1708 
8941 649 2035 1412 1877 
8942 264 262 268 2015 
8943 1951 1969 1646 815 
8944 1102 1100 1101 284 
8945 1957 221 1980 809 
8946 757 464 838 2073 
8947 939 2032 572 1593 
8948 767 1604 924 2005 
8949 1797 923 841 1930 
8950 176 2103 880 1802 
8951 1588 285 643 298 
8952 1837 2009 793 896 
8953 1739 1971 861 697 
8954 1747 1686 1201 684 
8955 2102 1765 2022 614 
8956 204 599 2097 900 
8957 1161 1734 1159 641 
8958 1172 700 268 663 
8959 1863 123 1042 913 
8960 146 1985 2096 969 
8961 639 1156 1164 297 
8962 1322 686 1639 2085 
8963 1363 2078 644 531 
8964 263 265 1649 1689 
8965 2043 1021 172 1716 
8966 1852 955 97 1041 
8967 68 151 152 1743 
8968 1260 1319 1231 673 
8969 1004 862 1953 875 
8970 325 1402 1400 1531 
8971 1754 478 1451 1751 
8972 662 1110 1673 1667 
8973 726 1555 727 725 
8974 641 660 1734 512 
8975 1718 366 364 1719 
8976 1087 145 63 2095 
8977 682 1132 1701 683 
8978 273 1652 274 275 
8979 1483 329 1353 1352 
8980 2052 1532 885 1499 
8981 804 1902 218 1903 
8982 1646 2105 202 1875 
8983 1516 1517 1518 719 
8984 1535 338 1709 1426 
8985 1276 1223 2007 458 
8986 703 1178 1187 602 
8987 414 717 2130 411 
8988 1847 946 1848 2061 
8989 762 1611 193 851 
8990 891 36 115 1047 
8991 627 686 1639 2037 
8992 874 1087 63 972 
8993 1781 7 191 775 
8994 881 2067 2066 1786 
8995 98 20 99 1859 
8996 1869 711 892 1608 
8997 64 146 1984 972 
8998 473 686 2037 1726 
8999 935 728 2034 1703 
9000 1735 1833 327 1487 
9001 501 1010 1120 1271 
9002 2112 2043 2124 906 
9003 1192 1711 653 378 
9004 365 364 1591 363 
9005 986 169 743 2098 
9006 1547 1880 788 577 
9007 809 1957 221 808 
9008 1387 1388 761 1389 
9009 1290 1287 961 1288 
9010 1568 567 1204 1655 
9011 2072 273 1650 622 
9012 1592 688 2052 1008 
9013 293 1099 289 631 
9014 620 1118 1117 1112 
9015 1734 1922 1735 512 
9016 1734 1161 660 641 
9017 1545 1881 820 1542 
9018 1332 1333 1286 374 
9019 204 8 1036 775 
9020 2035 649 648 1877 
9021 1912 224 650 2071 
9022 1570 2149 1356 516 
9023 1792 1348 526 1791 
9024 277 1958 276 278 
9025 1724 1363 1725 644 
9026 211 9 1796 781 
9027 308 1137 1213 1723 
9028 150 149 66 1055 
9029 1344 1345 402 1269 
9030 1606 986 532 1457 
9031 1661 2000 1819 1001 
9032 624 302 682 1124 
9033 741 1988 197 1975 
9034 1434 259 1495 1433 
9035 993 2110 184 710 
9036 1125 1133 1132 985 
9037 644 1724 403 706 
9038 2009 2120 181 896 
9039 2056 1845 475 572 
9040 399 397 700 1180 
9041 2063 1377 2077 714 
9042 1547 788 826 577 
9043 880 940 2080 539 
9044 10 88 87 1799 
9045 114 34 1793 924 
9046 1782 1783 204 992 
9047 1817 2023 887 1887 
9048 1919 217 1827 1033 
9049 473 686 1726 1322 
9050 682 302 1126 1124 
9051 2103 757 176 880 
9052 1621 2127 1012 1701 
9053 2055 1802 1801 780 
9054 2019 582 1563 995 
9055 112 111 32 1974 
9056 293 631 333 1097 
9057 1546 499 507 607 
9058 1721 1494 314 1353 
9059 202 30 1046 930 
9060 1228 281 1619 1589 
9061 2006 829 1850 1851 
9062 62 144 143 1767 
9063 537 1365 1364 1925 
9064 1071 41 40 799 
9065 1165 695 306 633 
9066 782 886 940 1510 
9067 239 2112 1657 906 
9068 18 97 179 1647 
9069 752 419 777 1926 
9070 229 2022 614 612 
9071 1421 1351 1343 545 
9072 247 246 248 1658 
9073 1663 1372 266 1148 
9074 1003 174 1659 2117 
9075 698 154 1021 1740 
9076 1306 1924 1293 486 
9077 1119 1653 524 303 
9078 113 178 1015 1793 
9079 763 395 394 1336 
9080 721 1993 889 1817 
9081 802 220 2143 1733 
9082 1701 1206 1678 514 
9083 827 1846 1069 1847 
9084 166 79 233 1983 
9085 889 905 54 1816 
9086 1460 710 536 1480 
9087 250 252 2029 1504 
9088 1751 681 1606 1910 
9089 1854 1720 1719 365 
9090 1748 1530 431 1640 
9091 1384 1385 504 1396 
9092 1131 1130 360 1202 
9093 196 1840 1061 2053 
9094 2081 1357 994 596 
9095 874 957 1769 2047 
9096 2044 841 694 723 
9097 764 1378 765 918 
9098 64 232 147 1985 
9099 968 626 1601 1675 
9100 1810 192 748 944 
9101 70 172 155 71 
9102 65 148 1083 818 
9103 1877 1046 1876 930 
9104 1161 407 660 641 
9105 1089 226 158 1054 
9106 1830 825 1449 1440 
9107 1965 1548 183 1842 
9108 1071 40 120 981 
9109 1991 1968 491 492 
9110 1002 1622 1290 701 
9111 1578 522 609 2054 
9112 293 1113 292 289 
9113 1397 1435 423 1396 
9114 590 1815 2075 1341 
9115 1751 330 478 704 
9116 1100 285 1103 1674 
9117 18 198 955 1852 
9118 1426 1535 664 1241 
9119 1770 205 1607 2011 
9120 76 163 230 2045 
9121 2149 1570 538 516 
9122 473 351 686 1322 
9123 697 154 1739 1020 
9124 1088 3 80 2096 
9125 480 1145 1146 990 
9126 621 242 256 1468 
9127 869 883 1553 726 
9128 889 1993 905 1816 
9129 1968 489 492 551 
9130 1291 1293 487 1292 
9131 924 178 1793 1604 
9132 1903 218 804 918 
9133 230 2045 962 745 
9134 1348 1924 525 1293 
9135 1764 1763 162 945 
9136 1945 800 1698 1222 
9137 1617 1423 750 1615 
9138 409 1162 408 407 
9139 1645 1641 659 294 
9140 1290 610 961 1002 
9141 1653 1119 1121 303 
9142 561 1183 1750 1227 
9143 1612 2026 894 1947 
9144 1100 286 1674 1099 
9145 636 881 2075 590 
9146 1052 1972 1912 929 
9147 1912 650 224 929 
9148 1706 1603 1515 916 
9149 1794 1776 190 2114 
9150 667 1299 1356 1357 
9151 1653 1960 1119 524 
9152 214 791 2036 1843 
9153 1633 464 755 756 
9154 276 1109 290 278 
9155 906 597 2124 855 
9156 1660 902 675 890 
9157 802 220 1733 860 
9158 1613 248 246 1658 
9159 906 1657 239 855 
9160 785 1963 1034 2008 
9161 1922 1643 1488 513 
9162 1689 262 2015 1566 
9163 1687 645 379 384 
9164 1897 1354 864 763 
9165 793 1836 181 2009 
9166 1187 979 703 602 
9167 459 895 1200 388 
9168 1107 1228 1104 281 
9169 563 888 749 1368 
9170 1955 1383 1450 790 
9171 707 657 598 1151 
9172 2113 805 195 995 
9173 1567 867 967 1568 
9174 1879 180 2060 1848 
9175 322 1585 1788 323 
9176 1692 319 2135 1691 
9177 1574 689 1536 1549 
9178 1491 376 1927 377 
9179 1447 1360 1361 534 
9180 1832 740 1998 1831 
9181 857 542 1490 513 
9182 526 594 1792 1791 
9183 584 1013 1777 1418 
9184 2134 1659 174 2117 
9185 958 1948 261 2146 
9186 219 27 28 2107 
9187 1903 804 2099 918 
9188 920 1975 1838 2048 
9189 1831 99 20 987 
9190 299 624 625 1116 
9191 1897 1355 1354 763 
9192 640 641 1159 917 
9193 431 598 658 1150 
9194 1896 1944 1605 600 
9195 1133 856 1125 1714 
9196 1249 1317 438 1882 
9197 1401 1400 1399 868 
9198 1969 1872 1873 814 
9199 1902 804 2099 1903 
9200 1127 1118 1117 620 
9201 1777 1049 773 2012 
9202 2039 354 1256 2004 
9203 1787 1888 2130 414 
9204 128 127 47 1040 
9205 1604 924 178 767 
9206 2020 805 595 926 
9207 1811 1810 748 1063 
9208 2066 694 881 1786 
9209 584 943 585 1521 
9210 1953 862 207 875 
9211 934 634 425 1707 
9212 756 2053 196 921 
9213 616 266 1372 1148 
9214 467 1938 925 771 
9215 1186 654 1712 680 
9216 1212 1304 1249 436 
9217 299 2072 1688 1295 
9218 1490 1488 1643 513 
9219 726 883 1552 1554 
9220 255 2081 994 596 
9221 1777 584 1418 1521 
9222 1236 1761 343 1322 
9223 115 116 36 1902 
9224 35 114 34 910 
9225 254 657 2158 1663 
9226 69 154 70 698 
9227 136 135 54 2129 
9228 972 1087 63 2095 
9229 627 1639 1427 2084 
9230 484 609 522 2054 
9231 83 82 5 1049 
9232 1704 725 1556 1978 
9233 2151 937 2050 770 
9234 1546 1544 843 607 
9235 833 398 1408 1584 
9236 430 1384 729 504 
9237 883 726 724 1554 
9238 970 167 79 1982 
9239 900 204 9 1803 
9240 1592 2154 1919 847 
9241 1324 840 909 611 
9242 1070 21 99 987 
9243 1403 1527 651 1911 
9244 1997 1798 978 2066 
9245 706 1232 473 1726 
9246 1410 398 1713 1408 
9247 1938 467 1839 1477 
9248 1376 1907 1525 765 
9249 1049 773 1776 1777 
9250 1766 2045 162 745 
9251 1473 1613 246 1658 
9252 1582 1558 2050 937 
9253 1134 634 1707 1135 
9254 1484 1483 1971 521 
9255 814 815 28 1078 
9256 90 91 13 1067 
9257 141 60 142 1943 
9258 837 634 1121 303 
9259 1399 1398 2035 647 
9260 954 909 2125 831 
9261 305 1155 297 1154 
9262 427 1313 1994 1279 
9263 1010 501 696 1271 
9264 1134 546 634 837 
9265 1050 2030 206 768 
9266 2001 234 873 904 
9267 1971 1020 2142 912 
9268 570 1865 1898 996 
9269 1605 1083 1896 818 
9270 1614 1643 413 857 
9271 1518 1586 2074 718 
9272 831 941 1895 942 
9273 66 149 148 818 
9274 978 881 1997 2066 
9275 1350 2025 2141 500 
9276 289 1099 286 631 
9277 43 123 42 913 
9278 664 1093 666 372 
9279 1075 1869 974 2057 
9280 1592 2052 1851 1008 
9281 1126 682 1124 1701 
9282 717 413 1614 411 
9283 657 1152 598 1151 
9284 429 598 431 1640 
9285 287 586 298 1697 
9286 899 1859 98 1041 
9287 1628 1552 883 1554 
9288 580 562 1417 581 
9289 1410 1411 477 1409 
9290 1150 1149 658 1147 
9291 1751 1754 330 1352 
9292 852 534 1361 822 
9293 2151 1953 207 1767 
9294 767 766 1525 765 
9295 268 1749 2015 1566 
9296 624 277 302 1115 
9297 1051 2151 207 1767 
9298 114 34 113 1793 
9299 281 1107 1228 1619 
9300 40 1045 993 711 
9301 1498 471 529 470 
9302 1149 598 1151 1150 
9303 188 2131 1795 1778 
9304 490 934 425 1822 
9305 279 1106 277 278 
9306 2158 253 1164 1154 
9307 609 817 1092 372 
9308 755 1631 756 921 
9309 1073 199 897 2133 
9310 1653 524 303 274 
9311 431 1748 1640 1150 
9312 1626 1954 604 1492 
9313 1311 1337 1379 508 
9314 279 280 1106 278 
9315 909 2125 1950 954 
9316 1652 1958 275 1688 
9317 675 1661 890 1001 
9318 535 1347 536 1475 
9319 1027 215 2108 789 
9320 1595 1966 795 1597 
9321 2153 1581 1676 449 
9322 23 216 898 1853 
9323 283 662 876 1667 
9324 717 1614 413 857 
9325 2101 1695 1696 578 
9326 754 1890 1450 790 
9327 1563 1821 2019 995 
9328 265 1649 271 618 
9329 1763 1019 171 2010 
9330 1765 2102 2141 779 
9331 1474 1961 540 1392 
9332 1967 544 1482 992 
9333 598 1640 1151 1150 
9334 1682 522 2142 912 
9335 967 1204 1567 1568 
9336 919 1130 1129 1127 
9337 844 710 1623 1480 
9338 524 1121 1119 303 
9339 539 880 838 1454 
9340 1450 754 790 504 
9341 1054 73 159 678 
9342 1227 559 1913 1929 
9343 73 159 158 1054 
9344 313 310 316 1666 
9345 1159 1157 1158 640 
9346 579 561 877 1750 
9347 1763 1764 1765 614 
9348 1571 2124 597 855 
9349 1861 1862 187 952 
9350 1396 1435 423 1755 
9351 1235 1268 2004 352 
9352 1888 2074 1586 718 
9353 618 968 626 1601 
9354 524 837 1121 303 
9355 1688 1958 275 1108 
9356 961 552 1287 492 
9357 177 1034 1799 1997 
9358 659 484 1494 2054 
9359 676 1669 1577 2111 
9360 351 1234 1236 1322 
9361 2000 1878 675 1660 
9362 1816 1030 889 1817 
9363 1686 1466 1625 684 
9364 273 1650 1652 1688 
9365 1007 1746 228 744 
9366 1796 1037 211 1797 
9367 2120 1966 795 1595 
9368 2067 1997 881 2066 
9369 1713 397 399 1180 
9370 523 498 371 1921 
9371 739 1988 741 1520 
9372 1505 1696 1695 578 
9373 1613 247 248 1658 
9374 581 1417 1395 1428 
9375 1590 186 652 651 
9376 956 616 617 1148 
9377 1629 2003 312 1481 
9378 950 746 747 1916 
9379 1205 1685 361 1202 
9380 1139 985 691 448 
9381 1831 1070 99 987 
9382 228 150 1746 1056 
9383 1417 1394 580 1395 
9384 1585 1584 322 1407 
9385 1230 270 1651 2033 
9386 1080 863 699 858 
9387 310 397 316 1666 
9388 450 1581 1390 1423 
9389 2036 214 1610 871 
9390 844 506 806 2126 
9391 1043 23 200 813 
9392 1571 538 1570 596 
9393 612 2022 2102 1564 
9394 1769 1087 874 2047 
9395 1763 1764 614 945 
9396 38 184 1976 1077 
9397 894 193 2026 1612 
9398 170 1018 2101 949 
9399 2103 176 757 882 
9400 1213 1260 842 1771 
9401 1420 1580 1883 798 
9402 902 1421 545 1003 
9403 792 2134 174 1031 
9404 505 1675 626 517 
9405 2057 222 1075 1928 
9406 948 698 2090 846 
9407 282 1104 1102 1103 
9408 2021 1901 743 1609 
9409 1371 617 616 1148 
9410 1818 792 1661 1001 
9411 260 259 262 1434 
9412 268 1174 938 601 
9413 725 724 1978 404 
9414 1380 1294 1292 456 
9415 1031 792 2134 1818 
9416 339 1979 1709 1485 
9417 1706 1515 1923 989 
9418 470 1498 1949 1698 
9419 488 281 489 1619 
9420 110 30 109 2026 
9421 1054 226 73 678 
9422 1575 1366 1938 771 
9423 989 1706 1515 916 
9424 189 623 1560 771 
9425 885 182 829 1851 
9426 688 885 2052 1008 
9427 1657 239 241 1656 
9428 739 1939 1459 1520 
9429 2084 628 627 2037 
9430 493 1911 651 650 
9431 1792 593 920 594 
9432 942 200 1866 1992 
9433 2053 1634 1631 756 
9434 1807 203 903 778 
9435 1583 1544 843 1000 
9436 844 2028 915 1557 
9437 1589 1228 643 1588 
9438 703 654 1186 680 
9439 1960 290 1109 1112 
9440 1999 908 613 1904 
9441 524 1960 290 276 
9442 435 1700 434 433 
9443 963 811 1857 1858 
9444 1973 854 1939 1289 
9445 721 1817 887 1887 
9446 1486 2157 368 1720 
9447 1005 1868 2011 769 
9448 159 1054 678 1981 
9449 1944 1479 1605 600 
9450 1038 774 203 1806 
9451 1164 251 639 297 
9452 603 1749 268 1566 
9453 815 29 28 1078 
9454 592 1513 1605 878 
9455 1998 1070 1831 987 
9456 1471 245 243 1529 
9457 2042 183 48 788 
9458 1940 741 1988 1520 
9459 33 186 113 1052 
9460 2045 230 76 745 
9461 891 1710 747 1954 
9462 869 2038 1618 955 
9463 1578 1095 609 1092 
9464 1228 282 1104 281 
9465 1757 1323 1709 341 
9466 342 343 1761 340 
9467 182 1850 1851 1064 
9468 1003 1659 174 890 
9469 1877 2071 224 1876 
9470 909 1950 1324 611 
9471 65 66 148 818 
9472 40 121 120 1869 
9473 657 253 254 2158 
9474 79 166 167 1983 
9475 229 1764 2022 1057 
9476 1014 1420 731 798 
9477 989 1706 212 786 
9478 2063 714 445 713 
9479 2104 888 179 1572 
9480 546 634 934 1707 
9481 991 1811 1814 1813 
9482 1855 1690 185 1579 
9483 1645 659 1494 2054 
9484 791 96 18 1647 
9485 976 328 950 1405 
9486 1519 742 1832 2031 
9487 1871 1950 2125 954 
9488 476 1600 1729 1941 
9489 367 2157 1321 1720 
9490 1983 167 79 971 
9491 970 2094 167 1982 
9492 2053 196 921 1630 
9493 2121 1370 1950 611 
9494 1729 1728 1177 571 
9495 748 1811 1063 944 
9496 1527 1590 652 651 
9497 1868 1447 1448 879 
9498 200 1866 1043 813 
9499 719 960 1517 857 
9500 1512 932 982 807 
9501 1560 1366 1575 771 
9502 691 444 443 1140 
9503 2078 1725 1363 644 
9504 2132 212 1066 927 
9505 1176 695 1752 1165 
9506 120 1690 1071 981 
9507 991 1813 590 588 
9508 1637 677 676 980 
9509 778 1807 203 1806 
9510 2112 1716 2043 906 
9511 1284 1285 1286 347 
9512 1304 494 758 1883 
9513 2063 1617 1644 445 
9514 595 581 1428 871 
9515 1849 22 197 898 
9516 2039 356 354 883 
9517 2006 530 885 1532 
9518 120 40 39 981 
9519 558 1913 1225 1227 
9520 888 1572 1507 760 
9521 1093 666 1669 1241 
9522 166 165 78 1081 
9523 1626 915 2156 1557 
9524 2132 1706 212 916 
9525 186 113 1052 2016 
9526 732 1565 731 1014 
9527 36 116 115 1047 
9528 2113 195 805 1820 
9529 1883 494 758 798 
9530 619 662 1110 1006 
9531 393 1244 1214 1824 
9532 1994 1313 589 1812 
9533 535 1347 708 536 
9534 506 400 806 1598 
9535 1782 1967 1482 992 
9536 1168 269 1170 1230 
9537 221 1980 809 963 
9538 1711 1229 1927 378 
9539 1294 1380 2140 456 
9540 107 28 108 1078 
9541 287 285 286 1674 
9542 222 42 1863 913 
9543 853 2127 2123 1380 
9544 2090 1740 1741 846 
9545 1192 1229 1711 378 
9546 1000 1899 1544 606 
9547 1627 59 189 772 
9548 1928 1920 2057 975 
9549 1757 2002 1362 345 
9550 248 250 251 1613 
9551 1690 1565 732 1014 
9552 1127 919 503 620 
9553 1688 275 273 299 
9554 2003 1437 320 1481 
9555 912 1682 522 863 
9556 967 631 1204 567 
9557 1596 896 2009 1937 
9558 1984 231 64 972 
9559 120 121 40 1071 
9560 282 1102 283 284 
9561 207 2151 1051 770 
9562 1062 973 198 2109 
9563 564 1346 1344 1458 
9564 1499 1532 529 1497 
9565 298 643 1588 2116 
9566 2151 207 937 770 
9567 236 237 238 2086 
9568 663 264 268 2015 
9569 299 622 2072 1295 
9570 1218 1685 359 2137 
9571 1670 241 1472 1657 
9572 457 1265 2007 1986 
9573 98 99 20 1831 
9574 1445 1446 1932 783 
9575 1512 1959 932 1925 
9576 1824 1934 1727 390 
9577 350 351 1236 343 
9578 1565 731 1382 730 
9579 1094 334 1092 372 
9580 1910 1483 1751 704 
9581 1346 708 709 564 
9582 1670 596 255 855 
9583 710 1460 709 1608 
9584 1525 1377 1376 766 
9585 1972 1052 186 929 
9586 507 1551 1550 1546 
9587 991 1814 210 785 
9588 1084 834 231 2064 
9589 1565 1690 1579 1014 
9590 1676 1206 448 984 
9591 1207 1213 1231 953 
9592 224 648 1877 930 
9593 806 1623 2126 1480 
9594 293 1113 294 292 
9595 360 1130 702 1202 
9596 1668 408 1731 1162 
9597 606 1865 1543 570 
9598 206 957 1769 874 
9599 931 1482 544 992 
9600 219 1024 884 1959 
9601 1020 697 173 912 
9602 914 1897 809 763 
9603 250 248 249 1504 
9604 2010 1638 2115 845 
9605 835 719 1561 720 
9606 1889 1890 754 2018 
9607 1295 1688 299 1116 
9608 1416 591 1898 1478 
9609 727 973 1826 2109 
9610 79 234 970 1982 
9611 1407 1408 833 1406 
9612 2006 885 829 1851 
9613 1357 1571 1570 596 
9614 843 1543 496 606 
9615 1744 1745 1742 787 
9616 237 238 2086 1683 
9617 757 1737 2103 882 
9618 1967 1448 852 992 
9619 1581 2153 1644 446 
9620 1670 2124 1571 855 
9621 743 151 67 2021 
9622 431 433 432 1748 
9623 975 1928 1458 638 
9624 2122 399 1600 1180 
9625 874 1984 231 2047 
9626 1459 739 738 737 
9627 43 187 1042 913 
9628 2116 643 1588 1962 
9629 1287 552 1266 1369 
9630 354 2039 1628 2004 
9631 1164 253 251 297 
9632 1975 1849 898 1853 
9633 193 884 1611 762 
9634 1091 863 1681 1080 
9635 1491 615 249 377 
9636 147 232 1083 1985 
9637 2036 1672 1573 760 
9638 1660 675 1661 890 
9639 493 868 1401 649 
9640 225 158 73 1053 
9641 2003 321 1435 1755 
9642 313 1666 1585 1752 
9643 1969 815 814 1078 
9644 1544 1543 843 606 
9645 288 876 1567 1101 
9646 516 538 2149 515 
9647 2060 180 1879 789 
9648 597 2043 948 906 
9649 1638 2141 500 845 
9650 1822 1176 425 1970 
9651 957 231 690 2064 
9652 426 428 693 1280 
9653 1642 562 1929 1417 
9654 1769 957 206 1574 
9655 942 1866 1478 1992 
9656 1810 935 2034 1703 
9657 1920 892 1608 2057 
9658 885 1851 2052 1008 
9659 985 856 1133 691 
9660 1083 232 818 878 
9661 1145 1147 480 1146 
9662 910 114 34 2016 
9663 489 1620 1968 491 
9664 1101 876 1567 1667 
9665 1804 174 10 900 
9666 216 1853 1028 1838 
9667 1132 1124 682 1701 
9668 1591 1719 364 365 
9669 1326 1845 475 2056 
9670 825 1449 2119 1830 
9671 1988 740 197 1998 
9672 55 175 889 1030 
9673 1922 1217 1643 964 
9674 757 1635 2073 2145 
9675 899 98 19 1041 
9676 1444 2061 565 1891 
9677 1447 592 534 879 
9678 1797 2051 923 1961 
9679 2092 884 1024 1611 
9680 1105 619 1110 1109 
9681 109 108 29 1875 
9682 1845 2056 2032 572 
9683 167 166 79 1982 
9684 1707 425 934 1822 
9685 96 17 95 1843 
9686 1860 1957 1861 808 
9687 237 238 1683 301 
9688 625 856 1125 985 
9689 370 546 1272 501 
9690 197 1988 741 739 
9691 1513 1607 878 1005 
9692 1383 1384 1385 729 
9693 1876 31 224 930 
9694 179 888 2104 742 
9695 183 965 1965 784 
9696 1993 720 721 905 
9697 1725 644 473 1726 
9698 1813 991 748 588 
9699 2039 1256 356 2049 
9700 197 21 1070 987 
9701 947 203 774 1806 
9702 277 275 1958 1108 
9703 449 448 1676 446 
9704 280 1104 282 281 
9705 2026 1059 894 1947 
9706 1487 1488 1446 482 
9707 639 406 2136 1158 
9708 1379 1695 1694 715 
9709 1817 175 721 887 
9710 406 1189 1158 1160 
9711 174 2134 2117 1031 
9712 1799 1796 781 1798 
9713 1186 1712 654 1190 
9714 214 1610 595 926 
9715 428 1341 1280 1279 
9716 1622 2123 1290 701 
9717 1445 1548 965 1932 
9718 891 115 35 2070 
9719 1177 1600 1729 476 
9720 193 2092 2026 1612 
9721 1977 963 548 1524 
9722 2146 958 1935 637 
9723 1551 1550 1552 507 
9724 1903 2099 1907 918 
9725 306 1168 1169 1165 
9726 108 28 29 1078 
9727 728 2034 192 935 
9728 334 1092 1095 1094 
9729 98 19 20 899 
9730 1875 815 1646 1078 
9731 802 1015 178 1732 
9732 1060 924 1793 2005 
9733 696 503 575 1717 
9734 1931 838 2073 1454 
9735 1695 2101 1694 949 
9736 1826 727 2109 1702 
9737 626 1675 505 990 
9738 656 988 877 1179 
9739 333 304 1095 334 
9740 854 1939 1940 1973 
9741 200 1866 1992 1867 
9742 1493 859 1375 1430 
9743 942 1866 200 996 
9744 1681 1682 863 1091 
9745 2054 1578 522 1682 
9746 58 139 140 1038 
9747 2028 844 1623 1557 
9748 1268 1978 724 404 
9749 955 2038 1618 1852 
9750 147 65 232 64 
9751 1628 724 354 2004 
9752 1458 1920 1928 975 
9753 1571 538 596 597 
9754 1586 719 717 718 
9755 903 57 203 1805 
9756 1661 675 2000 1001 
9757 1304 494 436 758 
9758 1974 224 32 929 
9759 768 1050 1779 1778 
9760 887 778 527 2024 
9761 107 108 28 1024 
9762 572 1744 2032 1007 
9763 1866 1898 1865 996 
9764 1381 1756 977 1962 
9765 1166 1162 1167 409 
9766 573 1845 1431 1593 
9767 2055 1801 1800 780 
9768 1689 264 265 1230 
9769 514 682 1701 683 
9770 1786 694 881 636 
9771 1437 1435 422 1436 
9772 1073 897 1899 2133 
9773 282 284 285 1103 
9774 1746 2032 1744 1007 
9775 936 826 825 1830 
9776 856 1133 691 1714 
9777 1282 693 1280 1281 
9778 1680 247 1613 1658 
9779 1646 202 646 815 
9780 1960 524 274 276 
9781 871 2036 214 760 
9782 949 1694 1695 715 
9783 738 1519 1459 1367 
9784 624 1116 1108 1115 
9785 610 1290 1288 1291 
9786 858 226 699 1089 
9787 685 655 485 1422 
9788 1019 171 2115 980 
9789 828 1303 1274 1708 
9790 1096 1204 567 1655 
9791 267 626 617 1371 
9792 1172 1170 663 2015 
9793 774 203 58 1038 
9794 2011 1770 205 1048 
9795 175 56 903 1936 
9796 140 59 141 1627 
9797 1083 148 1896 818 
9798 2028 810 844 915 
9799 721 1817 1887 2083 
9800 710 709 1460 536 
9801 1550 356 507 499 
9802 962 1505 1964 568 
9803 1983 1953 1086 875 
9804 1639 340 1485 2085 
9805 880 2080 2145 1454 
9806 99 21 100 1073 
9807 345 1362 1757 1285 
9808 858 676 1669 666 
9809 1463 1416 1462 495 
9810 765 1378 1907 918 
9811 76 162 75 945 
9812 1384 1385 729 504 
9813 140 139 58 1039 
9814 244 246 245 1471 
9815 748 1811 991 1813 
9816 2065 720 1562 1993 
9817 1059 2143 220 1733 
9818 594 1792 593 526 
9819 1537 2086 238 1683 
9820 1422 655 1425 1686 
9821 810 37 223 1874 
9822 1896 148 149 818 
9823 605 1012 302 1126 
9824 1585 322 313 323 
9825 1471 246 245 1658 
9826 970 2094 1982 1085 
9827 1365 1307 1386 453 
9828 721 1993 905 889 
9829 1073 99 199 1859 
9830 1576 1460 710 1608 
9831 1691 311 1629 1155 
9832 1518 1561 719 720 
9833 324 328 976 1404 
9834 1658 245 1471 1529 
9835 169 986 681 1606 
9836 1898 591 570 996 
9837 1372 258 1374 1432 
9838 489 1968 1620 1619 
9839 2154 1592 1851 1008 
9840 2014 1999 613 1904 
9841 305 297 253 1154 
9842 1058 230 163 2045 
9843 1070 1998 740 987 
9844 1958 277 1108 1106 
9845 1594 1933 257 1433 
9846 175 889 1030 1817 
9847 1067 91 13 2159 
9848 72 158 73 225 
9849 696 1717 1271 1486 
9850 1401 1399 1412 649 
9851 2033 270 1651 272 
9852 1213 953 308 842 
9853 340 339 337 1485 
9854 1383 1955 730 790 
9855 1369 1968 551 1962 
9856 2090 698 1021 1740 
9857 1623 806 844 1480 
9858 1868 2011 1513 1005 
9859 743 151 2021 1609 
9860 538 1741 515 846 
9861 1672 2036 871 760 
9862 940 2055 2080 1510 
9863 219 1024 1959 1597 
9864 1164 1654 253 2158 
9865 506 1557 1411 2126 
9866 1667 283 1105 1102 
9867 1134 546 837 501 
9868 1206 1701 1132 683 
9869 948 1021 172 2043 
9870 364 1718 1719 1205 
9871 1679 1386 454 452 
9872 677 1637 2115 980 
9873 1801 176 56 780 
9874 1613 246 248 1473 
9875 376 378 1927 377 
9876 1200 1747 1198 895 
9877 1719 1718 366 1486 
9878 864 809 1897 763 
9879 2102 1765 614 779 
9880 614 1764 229 945 
9881 1533 2146 1935 637 
9882 1000 1583 199 607 
9883 270 271 1651 272 
9884 770 60 189 1943 
9885 97 18 96 1647 
9886 2110 1624 184 710 
9887 1722 2139 2152 629 
9888 881 1997 177 978 
9889 2044 694 2066 1786 
9890 1865 813 1866 996 
9891 112 32 33 929 
9892 778 1807 1806 1989 
9893 2149 1741 2041 515 
9894 628 473 686 2037 
9895 1103 282 1104 1228 
9896 1683 1464 1684 301 
9897 1769 206 2030 1574 
9898 423 430 504 1396 
9899 1205 364 702 361 
9900 2017 2132 212 1066 
9901 623 1366 1558 1560 
9902 1139 1132 1133 985 
9903 1947 1990 661 1914 
9904 2078 644 531 867 
9905 1661 1819 1067 794 
9906 995 2113 805 2020 
9907 1971 861 912 521 
9908 1647 791 96 1843 
9909 1478 1895 1414 941 
9910 493 324 1402 325 
9911 639 1164 2136 1680 
9912 999 311 1155 297 
9913 1095 304 609 334 
9914 1639 686 627 340 
9915 158 159 73 1053 
9916 1603 2132 1965 784 
9917 981 2079 1690 799 
9918 1960 1109 276 1958 
9919 858 1090 1669 1089 
9920 1801 1802 176 780 
9921 2111 678 1054 1981 
9922 396 393 395 1244 
9923 1067 1818 1661 794 
9924 1427 1655 627 2084 
9925 1444 753 1889 1397 
9926 834 228 939 1056 
9927 739 1940 1939 1520 
9928 1229 1194 1687 379 
9929 560 854 870 1289 
9930 1507 563 888 760 
9931 265 1649 1689 1230 
9932 766 1525 997 767 
9933 452 1775 1386 451 
9934 983 2059 217 736 
9935 1715 158 225 1053 
9936 1021 155 172 1716 
9937 1472 1471 243 1529 
9938 151 1746 1743 744 
9939 1910 1739 1971 861 
9940 971 1983 167 2093 
9941 79 78 166 233 
9942 2091 1906 834 1056 
9943 1384 430 1530 1396 
9944 1236 1761 1238 343 
9945 1993 2065 720 905 
9946 1169 1171 310 1666 
9947 1350 2141 2102 779 
9948 677 1638 500 845 
9949 2142 1681 1682 912 
9950 194 720 2065 905 
9951 1714 1675 1141 517 
9952 1664 1559 1582 862 
9953 2002 1362 679 1636 
9954 2015 264 262 1689 
9955 1318 1317 1376 442 
9956 298 2116 1697 1381 
9957 785 1814 1963 2008 
9958 863 1682 522 1091 
9959 1422 1250 685 1747 
9960 1040 811 47 829 
9961 928 98 20 1831 
9962 1048 2011 1868 769 
9963 101 100 22 1864 
9964 2152 1694 949 511 
9965 831 1895 2125 1956 
9966 1983 79 233 971 
9967 589 935 748 1812 
9968 1692 2069 326 1833 
9969 796 1069 1828 1946 
9970 2081 1357 1509 994 
9971 1843 214 17 1068 
9972 1812 589 935 2027 
9973 1834 215 41 799 
9974 686 627 628 2037 
9975 2123 1292 1290 701 
9976 1973 1792 594 1791 
9977 659 609 1645 304 
9978 1126 488 1620 1619 
9979 579 580 562 1642 
9980 1357 2081 1571 596 
9981 639 247 248 1680 
9982 1156 1164 297 1154 
9983 1576 1624 710 1623 
9984 1801 176 1802 1032 
9985 709 708 1347 536 
9986 1902 804 1060 2099 
9987 1140 1209 444 1738 
9988 1636 677 1637 1638 
9989 1715 225 236 2086 
9990 764 494 438 1882 
9991 955 97 18 1852 
9992 1529 245 243 632 
9993 257 258 254 1432 
9994 536 1347 1460 1480 
9995 572 787 1744 1007 
9996 504 1889 754 753 
9997 264 269 265 1230 
9998 958 549 1935 637 
9999 1008 1592 688 847 
10000 575 1010 696 1717 
10001 1812 1813 748 588 
10002 1591 1415 1854 365 
10003 1345 1347 708 1475 
10004 1772 536 1347 1475 
10005 865 1889 754 2018 
10006 1985 64 232 969 
10007 2140 1380 1679 454 
10008 810 844 184 2028 
10009 64 147 146 1985 
10010 859 933 574 1430 
10011 1670 1571 596 855 
10012 835 1923 989 786 
10013 1677 1679 1678 452 
10014 271 1650 273 622 
10015 797 1022 2100 2013 
10016 494 1908 1883 1882 
10017 710 1460 1576 1480 
10018 632 1509 587 994 
10019 1020 173 155 1681 
10020 1719 366 364 365 
10021 666 1669 1090 1093 
10022 34 186 910 2016 
10023 2154 182 1851 1064 
10024 1532 529 885 1499 
10025 2126 506 806 1598 
10026 1927 1491 377 1662 
10027 2158 1654 254 1663 
10028 2063 1318 713 1514 
10029 1073 897 100 1864 
10030 1720 1321 367 1854 
10031 1474 2044 1918 723 
10032 193 2092 1612 1611 
10033 2081 1509 632 994 
10034 2146 261 958 637 
10035 603 1948 1749 1566 
10036 34 178 1793 924 
10037 818 1896 1605 600 
10038 622 299 856 1295 
10039 302 624 1115 1124 
10040 1941 1772 401 1599 
10041 975 222 1928 638 
10042 1998 740 1832 1519 
10043 1561 1518 1562 720 
10044 2036 1610 1672 871 
10045 605 701 1622 491 
10046 710 844 806 1480 
10047 958 1935 1948 2146 
10048 1670 255 241 855 
10049 1614 1217 1166 413 
10050 788 2042 183 1880 
10051 48 128 129 2042 
10052 748 935 192 1810 
10053 232 878 2147 872 
10054 366 696 368 1486 
10055 1082 233 848 1004 
10056 912 2142 1971 521 
10057 1386 1365 453 1387 
10058 623 925 1366 771 
10059 1017 169 1606 2098 
10060 2086 236 1715 1996 
10061 1625 1201 1686 684 
10062 690 1574 2064 1549 
10063 223 915 1626 604 
10064 1810 748 935 1812 
10065 1691 1692 319 1181 
10066 1004 1664 1082 1953 
10067 847 1919 217 801 
10068 1927 1533 376 1491 
10069 1065 905 1993 1816 
10070 884 29 193 2092 
10071 711 1869 1045 1608 
10072 653 1711 1192 1190 
10073 151 68 67 744 
10074 1802 880 176 780 
10075 294 659 1645 304 
10076 1049 1768 208 2012 
10077 1654 254 253 2158 
10078 1397 504 1385 1396 
10079 2138 1837 593 1937 
10080 95 17 96 1062 
10081 920 741 1975 2048 
10082 1583 843 1544 607 
10083 98 928 1025 1831 
10084 334 1094 336 372 
10085 1657 1670 241 855 
10086 2014 2022 612 1564 
10087 1621 1012 605 1126 
10088 1643 1614 1517 857 
10089 1490 1515 542 1516 
10090 1862 638 913 952 
10091 2069 1441 326 1833 
10092 1815 991 1814 1813 
10093 1880 2042 183 1842 
10094 844 710 1624 1623 
10095 1086 971 1983 875 
10096 1861 864 1897 2062 
10097 730 1565 731 732 
10098 1143 705 505 990 
10099 712 1534 674 1009 
10100 354 883 724 1628 
10101 1423 750 1644 1617 
10102 834 690 231 2064 
10103 905 1993 2065 1065 
10104 195 1067 2159 1820 
10105 651 976 1403 493 
10106 1445 577 1547 1442 
10107 724 1628 1554 1978 
10108 1145 480 705 990 
10109 151 743 2098 1609 
10110 1959 1611 884 762 
10111 1924 525 1937 1348 
10112 1039 1800 209 2068 
10113 889 175 721 1817 
10114 629 1722 2139 1053 
10115 1448 1967 1782 992 
10116 1903 1378 1908 918 
10117 900 1804 2097 1803 
10118 1583 1899 1544 1000 
10119 2049 1550 1545 499 
10120 1619 489 1968 1589 
10121 249 1504 1473 1491 
10122 792 890 1661 1001 
10123 1745 1995 474 2056 
10124 935 1810 1812 2027 
10125 114 35 2070 910 
10126 1669 1090 858 666 
10127 578 962 1696 745 
10128 973 198 17 1062 
10129 1574 957 690 2064 
10130 293 333 304 1097 
10131 953 317 1207 307 
10132 1071 1690 2079 799 
10133 1042 1863 913 1862 
10134 151 67 68 743 
10135 1342 1351 1482 543 
10136 1903 218 918 832 
10137 2036 1610 214 1068 
10138 2147 878 1607 872 
10139 1625 1687 645 2106 
10140 528 1344 564 402 
10141 935 1810 2027 1703 
10142 146 147 64 1984 
10143 1808 2059 736 1630 
10144 2101 1695 578 949 
10145 1660 675 2000 1661 
10146 1764 2022 1765 614 
10147 865 754 1889 753 
10148 1161 1166 1217 660 
10149 73 74 159 678 
10150 1954 747 604 1492 
10151 187 1042 1861 1860 
10152 1290 610 1002 701 
10153 1936 1805 903 1807 
10154 1548 1880 183 1842 
10155 1866 200 1043 1867 
10156 610 526 487 1291 
10157 881 978 694 2066 
10158 2047 957 1769 1574 
10159 690 689 957 1574 
10160 1638 2141 2025 500 
10161 2049 356 2039 1550 
10162 1689 2015 264 1230 
10163 967 567 1568 628 
10164 739 1940 741 854 
10165 1132 682 625 683 
10166 813 1865 606 570 
10167 1920 892 2057 975 
10168 1052 112 33 929 
10169 963 1980 809 1524 
10170 1595 630 1596 1429 
10171 699 1080 858 1089 
10172 1907 1376 1378 765 
10173 1903 1856 218 2013 
10174 937 2050 1582 2151 
10175 1082 166 233 1983 
10176 1633 1631 1634 756 
10177 1234 1236 1235 351 
10178 1074 1980 221 1857 
10179 912 173 1681 863 
10180 1470 615 1491 1662 
10181 333 1095 1096 334 
10182 882 176 55 1032 
10183 955 1618 608 1041 
10184 955 19 97 1041 
10185 955 608 19 1041 
10186 1903 1907 1378 918 
10187 2097 1783 204 1803 
10188 999 1155 1156 297 
10189 897 21 199 1073 
10190 899 1884 1859 1041 
10191 595 1428 1610 871 
10192 543 545 1351 599 
10193 947 1806 1538 1989 
10194 1413 1950 1324 909 
10195 1919 2154 1827 801 
10196 119 120 39 981 
10197 1623 710 1576 1480 
10198 657 254 266 1663 
10199 1975 741 920 898 
10200 657 2158 1663 1152 
10201 1668 1189 1942 300 
10202 934 1708 1707 1822 
10203 2064 1084 834 1906 
10204 1304 494 1883 1882 
10205 1791 1348 526 1291 
10206 1468 1467 256 1466 
10207 2019 582 1395 1563 
10208 1591 364 1719 1205 
10209 549 1712 654 958 
10210 735 821 1503 847 
10211 617 480 1146 990 
10212 112 1052 1974 929 
10213 2129 1737 882 1032 
10214 1950 1413 2125 909 
10215 1815 991 1813 590 
10216 758 1315 1304 1883 
10217 1831 740 1998 987 
10218 176 2103 1802 1032 
10219 1525 1604 997 767 
10220 1977 1858 963 1524 
10221 548 530 963 1977 
10222 1382 731 447 730 
10223 971 233 1983 875 
10224 120 119 1690 981 
10225 484 1494 314 659 
10226 270 1230 1168 2033 
10227 1514 1738 441 2087 
10228 1432 1654 254 1594 
10229 249 248 246 1473 
10230 2096 1985 1088 969 
10231 981 1071 40 799 
10232 949 1695 578 715 
10233 593 896 525 1937 
10234 915 2156 223 1626 
10235 1714 691 856 517 
10236 1613 248 247 1680 
10237 250 252 251 2029 
10238 250 2029 1613 1504 
10239 595 995 805 2020 
10240 1538 1375 752 1926 
10241 1611 884 1024 1959 
10242 841 211 923 1797 
10243 151 67 150 1746 
10244 1975 741 1988 1940 
10245 1607 1083 1605 878 
10246 727 198 973 2109 
10247 1346 1347 1460 709 
10248 245 243 244 1471 
10249 420 1300 1326 1995 
10250 678 1054 676 2111 
10251 1621 1012 1126 1701 
10252 1617 2063 2077 714 
10253 1676 1206 1139 448 
10254 210 748 1811 991 
10255 1781 1782 1036 775 
10256 1661 1659 1660 890 
10257 790 215 754 2108 
10258 1188 1186 1187 703 
10259 1567 867 876 288 
10260 808 1860 1957 1074 
10261 323 1585 1788 1970 
10262 537 932 762 1925 
10263 1834 1071 1835 799 
10264 337 1426 1427 1485 
10265 20 199 1859 899 
10266 928 740 1831 987 
10267 1702 951 727 728 
10268 1990 1059 220 1733 
10269 18 179 791 1647 
10270 1025 179 97 1647 
10271 892 711 709 1608 
10272 1164 1156 639 2136 
10273 626 1601 1675 1371 
10274 595 1610 214 871 
10275 550 1969 815 814 
10276 724 1628 1978 1268 
10277 246 1471 1473 1658 
10278 2104 179 1647 1572 
10279 1584 1408 833 1407 
10280 649 647 2035 648 
10281 2115 1637 677 1638 
10282 659 1494 1641 1645 
10283 1770 2147 872 1088 
10284 878 1083 232 2147 
10285 646 1476 1587 1646 
10286 964 1217 413 660 
10287 1544 1546 1583 607 
10288 650 1412 1911 1912 
10289 1408 1410 477 1409 
10290 1976 2110 184 993 
10291 2144 638 952 528 
10292 632 255 2081 994 
10293 1021 698 2090 948 
10294 538 2090 1741 846 
10295 1149 1663 266 1148 
10296 1103 285 1588 1674 
10297 576 523 1476 646 
10298 652 747 1710 1528 
10299 1015 178 33 802 
10300 1643 1517 1490 857 
10301 1613 2029 251 1164 
10302 19 608 899 1041 
10303 1175 1153 707 1151 
10304 231 957 2047 2064 
10305 1653 2033 1651 272 
10306 1593 2091 939 1056 
10307 1978 1915 1704 404 
10308 1127 1717 503 1718 
10309 1604 1526 1525 997 
10310 1383 1316 1384 729 
10311 1666 1584 316 1585 
10312 181 793 2009 896 
10313 1229 1927 377 2106 
10314 1656 1657 239 1996 
10315 1794 776 1037 2051 
10316 918 1908 1903 832 
10317 921 196 736 1630 
10318 2032 2056 1744 572 
10319 1073 1899 897 1864 
10320 1289 1791 870 1288 
10321 1273 370 1275 1274 
10322 1185 1749 1174 938 
10323 446 1644 750 445 
10324 961 870 610 1288 
10325 1097 333 1095 1096 
10326 2009 793 1836 1837 
10327 1652 1960 1653 274 
10328 1038 1795 774 2046 
10329 218 1902 1856 1903 
10330 1690 732 981 1014 
10331 1968 1620 1991 491 
10332 1054 676 226 678 
10333 904 2148 2001 1523 
10334 1645 304 1095 1097 
10335 1051 2151 2050 770 
10336 769 1868 1048 1780 
10337 1984 1087 972 2095 
10338 2076 247 1189 1680 
10339 762 1959 1611 1925 
10340 1124 625 1116 1125 
10341 1532 1977 530 1497 
10342 1779 2030 1050 768 
10343 823 1915 1313 1239 
10344 988 842 579 1771 
10345 1980 963 1858 1524 
10346 1371 1146 617 1148 
10347 1161 1217 1734 660 
10348 275 1958 276 277 
10349 1865 1898 1543 570 
10350 1045 40 120 1869 
10351 663 1170 1172 1171 
10352 1635 757 2103 2145 
10353 1018 1694 949 2152 
10354 1899 1583 2133 1000 
10355 112 33 113 1052 
10356 594 2048 1792 1973 
10357 198 2038 1852 1062 
10358 252 257 254 1594 
10359 265 263 264 1689 
10360 748 1811 1813 1812 
10361 1551 1553 1618 869 
10362 543 1482 544 931 
10363 862 1664 1004 1953 
10364 1948 1712 1935 958 
10365 1099 1113 293 289 
10366 1371 616 1372 1148 
10367 859 1375 751 752 
10368 935 2034 192 1810 
10369 399 2122 1713 1180 
10370 297 1155 1156 1154 
10371 856 1295 1125 1714 
10372 849 728 935 1703 
10373 2078 1363 1673 531 
10374 1749 268 1174 938 
10375 1876 2071 224 1974 
10376 223 810 1874 2156 
10377 1410 400 1598 1599 
10378 1020 173 1681 912 
10379 1234 473 351 353 
10380 491 1002 1991 492 
10381 1099 1114 1113 289 
10382 1468 256 621 1466 
10383 871 759 1672 760 
10384 1117 919 1127 620 
10385 2012 1768 208 2148 
10386 1287 1991 492 1369 
10387 1702 2034 728 1703 
10388 1121 1120 1134 837 
10389 1398 1476 1587 646 
10390 1517 1586 1518 719 
10391 1448 1361 1967 852 
10392 1662 377 1927 2106 
10393 1024 219 28 2107 
10394 1206 1677 1678 984 
10395 2141 1638 2010 845 
10396 1382 1955 1565 730 
10397 741 1940 739 1520 
10398 451 1775 1387 1390 
10399 983 1808 2059 736 
10400 2081 1942 1529 632 
10401 1553 1555 726 1554 
10402 1155 1157 999 1156 
10403 1068 214 16 926 
10404 1748 433 1700 1699 
10405 1562 1561 720 2065 
10406 1946 1829 936 2119 
10407 715 949 1694 511 
10408 1189 2136 406 1158 
10409 2138 920 1838 2048 
10410 1403 1401 1911 493 
10411 890 1661 2134 792 
10412 1124 682 625 1132 
10413 1543 496 1463 1542 
10414 1132 625 1125 985 
10415 1447 1513 1479 592 
10416 791 214 17 1843 
10417 2076 1189 247 300 
10418 711 1045 2110 1608 
10419 856 968 1714 517 
10420 1690 1071 981 799 
10421 241 1472 1657 1656 
10422 1528 1590 652 1527 
10423 602 1185 938 680 
10424 2104 1832 742 2031 
10425 891 223 36 1047 
10426 1543 1544 1899 606 
10427 2090 1570 538 1741 
10428 910 2070 114 2016 
10429 1040 829 1850 2006 
10430 770 2050 1051 1943 
10431 1082 1905 1664 1004 
10432 2070 891 115 1047 
10433 225 237 236 2086 
10434 994 1357 667 596 
10435 2053 1061 196 1630 
10436 1450 790 2108 1835 
10437 1689 1434 262 1566 
10438 2076 1942 1189 300 
10439 480 658 956 1147 
10440 1658 2076 245 1529 
10441 198 2038 869 955 
10442 701 1002 1622 491 
10443 254 1654 1432 1663 
10444 451 1775 1386 1387 
10445 1039 772 1627 2128 
10446 1676 1581 1775 449 
10447 1832 1025 928 1831 
10448 698 1021 172 948 
10449 1954 1528 747 1916 
10450 1769 2030 206 1050 
10451 528 952 2144 1892 
10452 2101 1018 1694 949 
10453 1669 676 1054 2111 
10454 1428 1672 1610 871 
10455 761 1365 1388 1387 
10456 1890 1450 1889 754 
10457 185 1855 1579 2100 
10458 897 813 22 1864 
10459 1781 2082 191 1780 
10460 2108 790 215 1835 
10461 513 1643 857 964 
10462 1561 1923 1516 835 
10463 549 1935 1712 958 
10464 112 113 33 1015 
10465 449 1775 452 451 
10466 1274 1273 370 1272 
10467 484 1484 1494 2054 
10468 1563 1428 1610 595 
10469 1925 1611 762 1388 
10470 813 1865 570 996 
10471 1743 1744 1742 787 
10472 225 237 2086 1053 
10473 1812 1994 1813 588 
10474 1679 1386 2140 454 
10475 748 589 1812 588 
10476 730 729 1383 790 
10477 941 591 1478 942 
10478 1928 2144 1458 638 
10479 1879 1027 2060 789 
10480 1875 2105 202 1046 
10481 1180 397 1171 1666 
10482 1627 1560 189 1943 
10483 742 1832 928 740 
10484 2146 1948 261 1495 
10485 1230 269 265 270 
10486 643 1589 1588 1962 
10487 2110 1976 1045 993 
10488 1653 1121 1163 303 
10489 2062 952 864 763 
10490 1991 1622 1290 1002 
10491 709 1347 1460 536 
10492 445 1644 2063 2087 
10493 1547 1548 577 1445 
10494 398 1713 1408 1584 
10495 688 2052 1501 1592 
10496 1657 241 239 855 
10497 935 2027 849 1703 
10498 21 20 99 987 
10499 803 2088 1732 1526 
10500 266 616 956 1148 
10501 2038 1618 1553 869 
10502 1861 864 1957 1897 
10503 788 1023 2042 1880 
10504 1957 809 864 808 
10505 848 1905 1082 1004 
10506 1974 1052 1912 929 
10507 1618 608 1551 869 
10508 2014 613 1999 1522 
10509 878 592 1513 1005 
10510 2016 186 910 1590 
10511 2019 1821 2150 671 
10512 1482 2155 1783 931 
10513 1174 268 1749 1172 
10514 2098 743 986 1609 
10515 1503 1592 1919 847 
10516 223 810 2156 915 
10517 997 1604 178 767 
10518 1681 2142 1020 912 
10519 1803 1783 204 1036 
10520 213 1828 1023 1829 
10521 1965 1932 1603 784 
10522 653 1711 549 378 
10523 1917 1964 1505 568 
10524 1672 1507 1573 760 
10525 114 35 115 2070 
10526 605 1620 1621 1126 
10527 1834 1835 215 799 
10528 1877 648 1587 2105 
10529 1399 868 647 649 
10530 1445 965 577 783 
10531 883 2039 1552 1628 
10532 2013 1903 1908 832 
10533 919 1129 1117 1127 
10534 1866 1043 813 1865 
10535 529 885 530 1532 
10536 1015 802 1733 1732 
10537 254 253 252 1654 
10538 2006 1858 530 1532 
10539 1139 1209 1676 448 
10540 65 147 148 1084 
10541 1805 1038 203 1806 
10542 2110 993 711 710 
10543 1653 303 272 274 
10544 141 59 140 1795 
10545 579 1750 1771 1642 
10546 2027 589 935 849 
10547 1819 2000 2150 907 
10548 995 1563 2113 2020 
10549 198 2038 955 1852 
10550 993 1045 2110 711 
10551 1189 406 247 300 
10552 2028 2156 810 915 
10553 1607 1083 878 2147 
10554 1857 811 1040 1858 
10555 2047 1084 231 2064 
10556 1851 2006 885 1532 
10557 1153 1155 305 1154 
10558 627 567 1655 335 
10559 1710 910 891 747 
10560 710 1624 184 844 
10561 1528 652 747 950 
10562 597 596 1571 855 
10563 624 625 1116 1124 
10564 1582 1664 862 1953 
10565 1574 2047 957 2064 
10566 1382 1383 1955 730 
10567 1273 2157 368 1486 
10568 1788 1585 322 1407 
10569 1595 630 2120 1596 
10570 593 2138 1937 1792 
10571 1317 764 1882 1378 
10572 1920 709 1460 1608 
10573 28 219 1024 884 
10574 606 1543 496 570 
10575 1732 1015 178 1604 
10576 1115 1126 302 1124 
10577 867 1567 2078 1568 
10578 638 1928 2144 1862 
10579 783 1932 965 784 
10580 2080 1802 880 2145 
10581 844 1624 184 2028 
10582 1661 2134 1659 890 
10583 1402 1401 1403 493 
10584 1027 2108 215 1834 
10585 2045 1766 1696 745 
10586 1967 544 1894 1482 
10587 2030 689 1536 1574 
10588 1347 536 1772 1480 
10589 1940 1975 741 2048 
10590 1205 1685 2058 361 
10591 19 98 928 1025 
10592 686 1639 2037 1322 
10593 1991 1622 1002 491 
10594 1091 522 863 817 
10595 747 1710 910 652 
10596 1976 39 119 993 
10597 1456 1977 548 1524 
10598 217 1919 2059 1033 
10599 1092 817 1091 1090 
10600 1654 252 254 1594 
10601 608 507 1551 869 
10602 1677 452 984 449 
10603 2124 2043 1571 597 
10604 1591 2058 1462 363 
10605 152 151 68 2098 
10606 1851 885 182 1008 
10607 1458 564 975 638 
10608 2098 986 1606 1609 
10609 736 2059 1539 1630 
10610 1484 1971 2142 521 
10611 18 19 97 955 
10612 727 2109 1702 1555 
10613 2115 1637 1981 980 
10614 109 29 108 2092 
10615 2152 1684 1694 511 
10616 1977 530 1858 1532 
10617 1804 174 2117 1031 
10618 184 1077 810 2028 
10619 1576 1624 2110 710 
10620 112 32 111 2143 
10621 1586 1614 2130 717 
10622 1858 963 530 1977 
10623 551 643 977 1962 
10624 268 1749 1172 2015 
10625 639 999 1156 297 
10626 1012 682 1701 514 
10627 97 19 18 179 
10628 1563 995 595 2020 
10629 2155 1351 1569 599 
10630 163 76 162 2045 
10631 1524 809 548 914 
10632 187 864 1861 952 
10633 1513 1607 1605 878 
10634 1831 20 928 987 
10635 1972 186 1052 1590 
10636 2064 834 690 2091 
10637 113 34 114 2016 
10638 1457 1606 986 1609 
10639 1622 1991 1620 491 
10640 1591 1854 1719 365 
10641 526 870 594 1791 
10642 2139 2086 237 1053 
10643 179 97 19 1025 
10644 2093 971 1983 1086 
10645 234 2001 1982 1081 
10646 577 1548 965 1445 
10647 1547 826 1829 1830 
10648 1045 1976 119 993 
10649 1077 184 1624 2028 
10650 2118 194 2065 1823 
10651 1092 1093 1094 372 
10652 1347 1346 1345 708 
10653 1835 790 215 799 
10654 915 2028 2156 1557 
10655 1651 271 1649 1650 
10656 2144 638 1862 952 
10657 488 605 1620 491 
10658 948 2090 538 846 
10659 938 1749 268 603 
10660 790 1450 1955 1835 
10661 2086 1715 225 1053 
10662 1817 1030 175 2023 
10663 1115 624 1116 1124 
10664 1915 1978 1268 404 
10665 611 909 1950 954 
10666 806 536 710 1480 
10667 892 1920 709 975 
10668 2016 1052 186 1590 
10669 680 261 1948 603 
10670 1786 2075 1785 636 
10671 1874 810 1077 2156 
10672 248 250 1613 1504 
10673 1386 1679 1677 452 
10674 928 179 19 1025 
10675 1090 817 858 666 
10676 834 2064 1906 2091 
10677 1991 1968 492 1369 
10678 212 1706 989 916 
10679 38 184 1077 810 
10680 1793 178 1015 1604 
10681 1000 897 1899 606 
10682 1030 1936 175 2023 
10683 1884 608 1551 1618 
10684 247 245 2076 300 
10685 2081 1509 1942 632 
10686 1969 1646 815 1078 
10687 1543 1899 1865 606 
10688 1587 2035 648 1877 
10689 2035 1412 1399 649 
10690 984 448 1676 449 
10691 2143 1015 802 1733 
10692 1549 2064 690 2091 
10693 835 1561 1923 2118 
10694 550 2121 1951 1969 
10695 184 39 1976 993 
10696 1980 1957 809 1524 
10697 628 1568 1725 2037 
10698 1095 1096 334 1094 
10699 721 1993 1817 2083 
10700 245 247 2076 1658 
10701 1712 1711 1935 549 
10702 642 1664 1004 862 
10703 1967 852 544 992 
10704 952 1861 1862 2062 
10705 1090 858 1080 1089 
10706 2070 891 1047 1710 
10707 953 673 1231 1009 
10708 184 1624 1976 1077 
10709 939 2032 1593 1056 
10710 2113 1821 1563 995 
10711 748 1810 1811 1812 
10712 213 826 936 1829 
10713 401 536 806 1772 
10714 1849 1988 197 1070 
10715 637 1533 2146 1933 
10716 223 1874 1047 1626 
10717 184 1624 2110 1976 
10718 264 263 262 1689 
10719 608 1884 899 1041 
10720 318 2135 1481 2069 
10721 867 967 1568 628 
10722 98 20 19 928 
10723 1532 885 1851 2052 
10724 778 947 777 1989 
10725 1024 219 2107 1597 
10726 452 1677 1775 449 
10727 652 910 186 1590 
10728 958 1948 1712 680 
10729 1676 1677 984 449 
10730 1680 2076 247 1658 
10731 1185 1712 1948 680 
10732 536 806 1772 1480 
10733 1546 1583 607 1884 
10734 963 530 811 1858 
10735 1313 589 1812 2027 
10736 1024 28 107 2107 
10737 2113 1029 805 2020 
10738 1125 1124 625 1132 
10739 735 1503 1508 1539 
10740 625 624 682 1124 
10741 1386 1677 1775 452 
10742 215 2108 1835 1834 
10743 1911 1972 650 1912 
10744 989 1515 542 916 
10745 791 1647 1573 1843 
10746 605 1622 1620 491 
10747 732 1565 1690 2079 
10748 2062 2144 952 1892 
10749 1810 2034 192 1809 
10750 1590 652 1710 1528 
10751 1862 2144 952 2062 
10752 792 1661 2134 1818 
10753 1005 879 1868 769 
10754 1099 293 1113 1097 
10755 2139 237 2086 1683 
10756 1476 1951 523 1921 
10757 864 809 1957 1897 
10758 33 186 1052 929 
10759 2028 844 1624 1623 
10760 1677 1676 1775 449 
10761 767 1525 1604 2005 
10762 620 1117 919 1006 
10763 891 2070 910 1710 
10764 599 1569 2155 2097 
10765 548 963 809 1524 
10766 709 1460 1346 1920 
10767 35 891 2070 910 
10768 2133 1073 199 1859 
10769 2016 910 2070 1590 
10770 366 1719 1486 1720 
10771 1620 1621 1622 605 
10772 1618 1884 608 1041 
10773 1884 607 608 899 
10774 97 96 18 1852 
10775 151 150 67 2021 
10776 864 1861 952 2062 
10777 1610 1563 595 2020 
10778 958 261 1948 680 
10779 2029 252 1654 1594 
10780 2120 181 1072 2009 
10781 1528 747 1710 1954 
10782 1864 813 1043 1865 
10783 1647 1025 179 2104 
10784 2032 572 1007 939 
10785 247 245 246 1658 
10786 1206 1676 1677 984 
10787 652 1710 910 1590 
10788 958 1712 654 680 
10789 1772 806 1598 1480 
10790 948 2090 1021 2043 
10791 1568 628 2084 2037 
10792 582 1563 995 595 
10793 1989 778 1807 2024 
10794 1703 2027 849 1704 
10795 985 1132 625 683 
10796 1710 2070 910 1590 
10797 1062 198 2038 2109 
10798 2124 1670 1657 855 
10799 1071 2079 1835 799 
10800 232 1083 1985 2147 
10801 1874 223 2156 1626 
10802 806 2126 1598 1480 
10803 98 19 97 1025 
10804 1084 231 1984 2047 
10805 1524 1957 809 1897 
10806 98 97 19 1041 
10807 869 1618 608 955 
10808 212 1706 2132 2017 
10809 874 231 957 2047 
10810 2156 810 1077 2028 
10811 1843 2036 214 1068 
10812 1167 412 1242 1221 
10813 1242 412 1167 410 
10814 751 1430 859 574 
10815 751 859 1430 1375 
10816 537 1307 453 455 
10817 537 453 1307 1365 
10818 667 1270 668 670 
10819 667 668 1270 1299 
10820 665 1637 1636 677 
10821 1636 1637 665 1577 
10822 527 1297 1296 415 
10823 1296 1297 527 1885 
10824 1497 548 530 471 
10825 1497 530 548 1977 
10826 461 1252 463 1251 
10827 461 463 1252 485 
10828 294 1136 1122 1641 
10829 294 1122 1136 295 
10830 74 1019 161 160 
10831 161 1019 74 171 
10832 883 1550 2039 356 
10833 883 2039 1550 1552 
10834 820 2137 357 359 
10835 820 357 2137 1881 
10836 464 1276 1931 2040 
10837 464 1931 1276 460 
10838 853 2123 1622 701 
10839 853 1622 2123 2127 
10840 561 1929 1642 562 
10841 1642 1929 561 1227 
10842 1076 24 25 812 
10843 1076 25 24 103 
10844 1311 468 1337 508 
10845 1337 468 1311 1312 
10846 687 1498 1698 1500 
10847 687 1698 1498 470 
10848 687 1501 1499 1500 
10849 687 1499 1501 688 
10850 506 1410 1598 1411 
10851 1598 1410 506 400 
10852 384 1197 1195 1196 
10853 1195 1197 384 385 
10854 1293 456 1292 1294 
10855 1292 456 1293 487 
10856 1178 938 601 602 
10857 601 938 1178 1174 
10858 292 1128 1123 1122 
10859 292 1123 1128 656 
10860 371 1328 1303 576 
10861 371 1303 1328 1302 
10862 1744 744 1746 1007 
10863 1746 744 1744 1743 
10864 642 1917 1964 1665 
10865 642 1964 1917 568 
10866 1668 587 632 1509 
10867 1668 632 587 408 
10868 1330 673 672 1319 
10869 1330 672 673 583 
10870 1905 642 1058 1665 
10871 1058 642 1905 848 
10872 712 1247 472 1774 
10873 712 472 1247 816 
10874 1088 4 1770 81 
10875 1088 1770 4 872 
10876 604 1916 1409 1492 
10877 1409 1916 604 746 
10878 642 1058 1964 230 
10879 642 1964 1058 1665 
10880 229 1904 77 1057 
10881 77 1904 229 908 
10882 1056 66 150 149 
10883 1056 150 66 228 
10884 30 1875 1046 109 
10885 1046 1875 30 202 
10886 665 1669 1241 1577 
10887 665 1241 1669 666 
10888 1158 641 1160 1159 
10889 1160 641 1158 406 
10890 545 1774 1789 712 
10891 545 1789 1774 1343 
10892 874 144 63 1087 
10893 874 63 144 62 
10894 1336 914 1455 394 
10895 1336 1455 914 1355 
10896 188 1493 774 2131 
10897 774 1493 188 859 
10898 851 1914 1947 661 
10899 1947 1914 851 1461 
10900 250 1533 249 376 
10901 250 249 1533 1504 
10902 164 848 1058 1905 
10903 1058 848 164 77 
10904 1427 336 1426 337 
10905 1427 1426 336 1111 
10906 997 2077 803 1526 
10907 997 803 2077 714 
10908 2088 803 2077 1526 
10909 1986 755 2007 457 
10910 1986 2007 755 1632 
10911 192 944 1809 14 
10912 92 1809 944 14 
10913 92 944 1809 1063 
10914 1127 575 1717 1118 
10915 1127 1717 575 503 
10916 2015 269 663 264 
10917 2015 663 269 1170 
10918 1790 934 828 490 
10919 1790 828 934 1708 
10920 1118 1010 1717 1120 
10921 1717 1010 1118 575 
10922 687 1499 1498 1500 
10923 687 1498 1499 529 
10924 1531 490 1400 325 
10925 1531 1400 490 1790 
10926 1635 756 1737 757 
10927 1635 1737 756 1634 
10928 12 1841 13 90 
10929 13 1841 12 210 
10930 1002 1287 492 961 
10931 1002 492 1287 1991 
10932 735 2059 1919 1539 
10933 1919 2059 735 217 
10934 539 1314 782 1453 
10935 782 1314 539 465 
10936 77 1904 165 164 
10937 165 1904 77 908 
10938 504 1450 1383 790 
10939 504 1383 1450 1385 
10940 1085 4 3 81 
10941 1085 3 4 873 
10942 1970 313 695 323 
10943 1970 695 313 1752 
10944 1678 454 452 1679 
10945 452 454 1678 514 
10946 300 1160 406 407 
10947 300 406 1160 1189 
10948 730 2079 1565 732 
10949 1565 2079 730 1955 
10950 828 1790 998 1303 
10951 998 1790 828 490 
10952 442 1378 765 764 
10953 765 1378 442 1376 
10954 619 1112 1109 290 
10955 1109 1112 619 1110 
10956 1768 5 4 82 
10957 1768 4 5 208 
10958 713 2087 441 445 
10959 441 2087 713 1514 
10960 1609 911 1457 1901 
10961 1609 1457 911 986 
10962 774 1493 1538 2046 
10963 1538 1493 774 859 
10964 524 1112 575 290 
10965 524 575 1112 1119 
10966 1115 488 1126 1619 
10967 1115 1126 488 302 
10968 336 1241 1093 1111 
10969 1093 1241 336 664 
10970 1954 223 604 747 
10971 1954 604 223 1626 
10972 406 1680 639 2136 
10973 639 1680 406 247 
10974 2151 862 937 207 
10975 2151 937 862 1582 
10976 260 1372 258 1374 
10977 258 1372 260 616 
10978 983 133 1061 52 
10979 983 1061 133 1808 
10980 1954 891 223 747 
10981 1954 223 891 1047 
10982 1892 763 1335 528 
10983 1892 1335 763 1354 
10984 274 1958 1960 276 
10985 1960 1958 274 1652 
10986 2127 514 454 853 
10987 454 514 2127 1678 
10988 728 1035 192 2034 
10989 728 192 1035 951 
10990 1892 952 763 528 
10991 1892 763 952 2062 
10992 2114 1013 1776 190 
10993 2114 1776 1013 1777 
10994 48 1842 49 183 
10995 49 1842 48 129 
10996 1619 279 1115 488 
10997 1619 1115 279 1107 
10998 590 2067 2008 881 
10999 590 2008 2067 1815 
11000 992 1783 1482 1782 
11001 992 1482 1783 931 
11002 1005 1607 205 2011 
11003 1005 205 1607 878 
11004 997 1732 178 1604 
11005 997 178 1732 803 
11006 937 1559 862 1582 
11007 937 862 1559 569 
11008 885 1499 688 2052 
11009 688 1499 885 529 
11010 818 149 1055 66 
11011 818 1055 149 1896 
11012 740 1520 1988 739 
11013 1988 1520 740 1998 
11014 2127 605 1012 853 
11015 1012 605 2127 1621 
11016 1104 279 281 280 
11017 281 279 1104 1107 
11018 1886 721 1887 2083 
11019 1886 1887 721 722 
11020 646 2105 648 202 
11021 646 648 2105 1587 
11022 1908 798 2013 832 
11023 2013 798 1908 1580 
11024 832 1378 494 764 
11025 832 494 1378 1908 
11026 1882 494 1378 764 
11027 1882 1378 494 1908 
11028 18 1062 17 198 
11029 17 1062 18 96 
11030 936 1830 1829 826 
11031 1829 1830 936 2119 
11032 632 1668 300 408 
11033 632 300 1668 1942 
11034 497 1625 684 1201 
11035 497 684 1625 959 
11036 769 2011 205 1048 
11037 769 205 2011 1005 
11038 2005 765 1525 1907 
11039 2005 1525 765 767 
11040 279 1108 1115 277 
11041 279 1115 1108 1107 
11042 914 1897 1524 809 
11043 914 1524 1897 1355 
11044 600 818 1944 227 
11045 600 1944 818 1896 
11046 1055 1944 818 227 
11047 1055 818 1944 1896 
11048 1548 788 183 1880 
11049 1548 183 788 965 
11050 1572 179 791 888 
11051 1572 791 179 1647 
11052 1608 710 2110 711 
11053 1608 2110 710 1576 
11054 993 40 120 1045 
11055 120 40 993 39 
11056 120 119 993 1045 
11057 993 119 120 39 
11058 803 2077 922 2088 
11059 803 922 2077 714 
11060 1615 922 2077 2088 
11061 944 1809 1810 192 
11062 944 1810 1809 1063 
11063 922 2077 1617 1615 
11064 922 1617 2077 714 
$EndElements
